PlayerID,SessionDurationSeconds,AimAngularSpeedMean,AimAngularSpeedStdDev,AimAngularErrorMean,AimAngularErrorStdDev,AimErrorSampleCount,AimFlipRatio,MovementSpeedMean,MovementSpeedMax,DirectionChangesPerSecond,SpeedViolationRatio,MovementPathEntropy,ReactionTimeMean,ReactionTimeStdDev,ShotIntervalMean,ShotIntervalStdDev,ShotsPerSecond,HitRate,HeadshotRate,KillsPerMinute,KillDeathRatio,TotalShots,TotalHits,TotalKills,TotalDeaths,Label
casual_1501,289.3585,136.7782,50.9690,2.0000,14.4491,14,0.0060,348.3284,560.1477,0.1199,0.0039,2.3223,0.6326,0.1716,0.4776,0.4812,0.5232,0.2806,0.0000,0.5222,1.7118,83,23,5,13,0
casual_2586,120.2770,35.4369,120.2108,29.5670,11.0563,14,0.0090,325.1009,445.0618,0.1652,0.0020,3.4113,0.4591,0.1214,0.6616,0.1654,0.9647,0.0327,0.0000,0.9405,1.1949,76,2,4,14,0
casual_2653,231.0365,50.2490,129.9829,2.3702,8.9958,27,0.0281,342.2137,531.9434,0.2186,0.0049,2.8188,0.5658,0.2299,0.4604,0.1640,0.6705,0.0906,0.0000,1.0875,0.5455,108,9,3,3,0
casual_1055,212.1789,111.8820,66.8517,24.5160,9.7633,18,0.0000,370.9119,564.4225,0.4414,0.0032,1.7904,0.5265,0.1165,0.7281,0.1917,0.6181,0.0640,0.0000,0.8380,0.5163,83,5,4,16,0
casual_0705,181.6021,78.3068,137.4001,7.9906,1.0000,30,0.0392,361.3910,483.6303,0.2686,0.0096,2.2860,0.6121,0.0612,1.0228,0.1260,1.0921,0.3922,0.0000,0.4179,0.1018,131,51,1,12,0
casual_0106,151.3276,67.4800,137.8712,12.9209,13.5394,41,0.0166,396.1544,580.0498,0.4528,0.0157,2.3150,0.5283,0.1647,0.7072,0.1122,0.8662,0.3250,0.0000,0.0000,0.9994,136,44,8,1,0
casual_0589,36.7022,59.0706,153.5951,22.1684,5.3251,34,0.0076,327.0654,546.3910,0.2784,0.0097,2.8714,0.2000,0.0787,0.9557,0.3135,0.1000,0.2061,0.0000,0.6069,1.1813,136,28,3,5,0
casual_2468,189.6679,95.6023,157.9548,27.7058,11.6411,15,0.0284,521.0505,615.2666,0.0200,0.0013,3.1187,0.5484,0.1580,0.7869,0.2843,1.7105,0.3109,0.0000,1.0130,0.4650,72,22,5,16,0
casual_2413,175.1081,28.4743,20.0000,9.8677,5.3476,8,0.0048,348.9451,500.0446,0.0483,0.0048,2.7454,0.4303,0.1443,0.7734,0.2174,1.3451,0.3145,0.0000,1.6534,0.2902,54,16,9,11,0
casual_1600,276.5870,17.5387,177.6184,2.0000,27.7583,19,0.0221,239.2801,485.5060,0.4201,0.0054,2.3789,0.3331,0.0737,0.3647,0.3033,1.1002,0.1743,0.0000,1.6945,0.9904,154,26,1,14,0
casual_2464,89.8693,111.1490,124.9329,13.5853,12.8190,15,0.0109,379.2474,587.1732,0.7385,0.0011,2.4492,0.2000,0.1503,0.9079,0.4024,0.9692,0.3447,0.0000,0.6279,0.4847,175,60,1,16,0
casual_0228,201.1733,89.1333,68.1715,27.9806,12.8039,45,0.0024,372.0120,422.6409,0.2046,0.0173,2.7607,0.3912,0.1128,0.4269,0.2372,1.2478,0.1951,0.0000,1.0412,0.2527,173,33,8,12,0
casual_0915,287.3098,100.3228,20.0000,8.7902,13.9695,10,0.0260,376.4287,594.6811,0.3340,0.0016,2.4347,0.8055,0.0839,0.7830,0.1858,0.6612,0.3218,0.0000,0.7395,0.0557,41,13,5,10,0
casual_0794,38.0554,92.1332,89.3206,29.0750,11.7844,31,0.0099,328.3362,533.7118,0.1800,0.0015,3.2503,0.4259,0.1235,0.5170,0.1815,1.2491,0.1883,0.0000,0.1371,0.1488,129,24,6,15,0
skilled_0021,117.6716,120.3710,135.6765,3.3958,4.1434,44,0.0197,474.1008,620.0000,0.3182,0.0019,2.9397,0.2695,0.1221,0.6895,0.1403,1.2434,0.2190,0.0000,2.0912,4.1444,129,28,4,3,0
skilled_0543,134.8692,87.5844,131.2096,8.5324,7.7046,10,0.0216,504.4915,581.7621,0.3606,0.0161,2.2410,0.2770,0.1025,0.5865,0.2024,1.4660,0.3034,0.0000,2.0685,1.4896,38,11,7,9,0
casual_1073,282.7031,58.8690,20.0000,31.2060,16.0650,12,0.0199,470.0926,543.8351,0.1011,0.0044,2.2172,0.5155,0.1373,0.5873,0.3461,1.0661,0.4801,0.0000,0.2285,1.2053,66,31,0,3,0
skilled_0351,212.2686,103.8660,62.5161,3.8327,4.1332,4,0.0182,460.6160,591.0235,0.6886,0.0022,2.1442,0.1781,0.1512,0.8184,0.2828,1.4621,0.3072,0.0000,1.6333,1.9985,25,7,9,3,0
casual_1744,221.7046,97.9620,68.6905,21.9508,7.7281,20,0.0150,463.2314,488.7646,0.1136,0.0204,2.2713,0.7653,0.1533,0.2020,0.1899,0.7761,0.2780,0.0000,0.7540,1.0977,126,35,6,2,0
casual_1084,294.1152,103.8643,124.4102,26.1368,7.6156,10,0.0157,295.9701,620.0000,0.5213,0.0013,2.5594,0.5974,0.1773,0.8556,0.2249,0.2585,0.3473,0.0000,1.6897,0.1465,44,15,7,16,0
casual_0926,73.2842,83.8184,123.9140,19.9291,11.7015,7,0.0226,495.2749,555.4599,0.5739,0.0076,2.7227,0.6730,0.1351,1.1283,0.3120,0.5042,0.1700,0.0000,0.6943,0.0626,40,6,10,12,0
skilled_0049,135.4371,54.6937,75.1246,12.3502,8.1251,39,0.0351,446.4264,616.4948,0.4060,0.0152,2.6603,0.4776,0.1635,0.5596,0.1610,1.6993,0.3089,0.0000,3.1187,2.2213,135,41,10,8,0
casual_1117,243.4993,101.1295,125.9535,17.0786,2.0188,15,0.0118,414.2028,504.1099,0.4142,0.0034,3.0370,0.4836,0.1535,0.1891,0.1533,0.7352,0.2352,0.0000,1.1440,0.9715,77,18,1,9,0
casual_0642,43.2202,10.0000,96.1902,24.0549,14.4591,5,0.0375,401.8513,525.5198,0.0562,0.0028,1.5979,0.3494,0.2518,0.4177,0.1609,0.8572,0.2758,0.0000,0.5439,0.9419,58,15,2,3,0
aimbot_0017,174.9690,194.0245,4.9281,2.3472,1.8602,49,0.0852,535.5442,599.1893,0.3331,0.0047,2.0667,0.0476,0.0106,0.3105,0.0775,2.3241,0.9103,0.0000,8.4004,2.5000,98,89,19,2,1
casual_0501,269.3288,25.2261,117.0311,24.2600,15.4713,23,0.0114,146.9712,608.1899,0.4461,0.0149,1.9027,0.5980,0.0740,1.2221,0.0479,0.3518,0.2604,0.0000,1.4340,1.2016,88,22,1,13,0
skilled_1066,66.6742,124.1895,60.7605,5.2965,1.7527,38,0.0283,487.6143,547.4270,0.5466,0.0063,2.6069,0.2554,0.1362,0.8111,0.1906,1.4731,0.2545,0.0000,2.7567,1.6487,162,41,8,13,0
casual_0333,262.3941,10.0000,121.4402,2.0000,10.2675,3,0.0149,420.6237,574.6233,0.5123,0.0200,2.3168,0.7963,0.1411,1.0473,0.3539,0.8825,0.1154,0.0000,0.6626,0.5912,13,1,5,2,0
esport_0434,218.7309,142.1152,36.0630,5.7175,6.0662,51,0.0193,372.6631,574.1055,0.5569,0.0068,3.2025,0.2155,0.0549,0.5996,0.0375,2.6141,0.7800,0.0000,8.0000,0.8000,114,88,14,0,0
casual_0486,158.0158,112.9938,95.2326,22.1612,13.0715,31,0.0291,448.0163,552.0993,0.4968,0.0001,1.4218,0.7349,0.0969,0.9430,0.3208,0.7390,0.3438,0.0000,0.8119,0.3313,104,35,6,5,0
casual_1962,184.3973,66.8399,63.2247,27.8455,4.3951,23,0.0267,504.0450,565.0601,0.0200,0.0215,2.5378,0.4060,0.2799,0.5882,0.2272,1.4119,0.0627,0.0000,1.3422,0.9078,139,8,10,2,0
casual_0393,215.2460,90.4837,93.9201,24.3584,14.2032,7,0.0288,429.7499,468.5199,0.2735,0.0008,2.0820,0.4571,0.1515,0.2586,0.0978,1.1971,0.1563,0.0000,0.9861,0.9237,38,5,8,5,0
aimbot_0092,98.1272,130.9817,10.9577,2.9345,0.0914,77,0.0133,459.3565,602.7093,0.4557,0.0012,2.1024,0.0411,0.0147,0.4514,0.0392,1.7340,0.6674,0.0000,6.9673,6.6728,127,84,33,0,1
speed_0016,59.9125,82.7822,133.6032,17.2616,11.7243,22,0.0186,539.6036,1212.4385,0.3388,0.4706,3.4713,0.3547,0.0727,0.6348,0.0892,0.8905,0.4909,0.0000,1.5878,3.8235,150,73,10,5,1
casual_1755,186.2245,63.1748,112.8274,7.1255,17.8668,24,0.0341,363.9911,620.0000,0.3078,0.0024,2.2259,0.5301,0.1893,0.9589,0.1958,0.8927,0.4366,0.0000,1.1143,1.4245,166,72,9,2,0
casual_2515,255.8930,115.3583,33.6156,2.0000,20.4684,2,0.0153,474.4042,542.5590,0.5465,0.0097,2.9189,0.5458,0.1332,0.7284,0.3852,0.5922,0.2221,0.0000,1.1488,0.5182,14,3,0,11,0
skilled_0585,61.6019,92.9904,77.6728,8.4383,2.3655,21,0.0262,434.2147,571.9162,0.2129,0.0243,2.4162,0.3272,0.0443,0.6286,0.2132,1.4394,0.3864,0.0000,2.9445,0.5083,104,40,8,12,0
esport_0065,263.1641,139.6003,59.3749,6.3706,5.1120,13,0.0316,436.2796,607.0390,0.3530,0.0003,2.5237,0.1116,0.0758,0.2939,0.1224,3.2774,0.4948,0.0000,3.4167,3.3856,36,17,12,6,0
trigger_0041,224.4395,110.3089,61.5111,8.0887,0.3000,11,0.0177,423.7657,588.5501,0.5745,0.0122,3.0324,0.0400,0.0019,0.4271,0.0120,2.2017,0.5034,0.0000,2.5763,4.2097,28,14,29,3,1
casual_2099,94.3859,113.8215,127.0678,25.0397,3.0291,17,0.0082,261.7044,558.5554,0.4576,0.0132,2.5885,0.7159,0.2820,1.0481,0.1738,0.6786,0.1231,0.0000,1.2002,0.9391,136,16,4,9,0
skilled_0599,256.6849,48.7017,63.5457,14.6318,10.9405,36,0.0308,474.2872,620.0000,0.2421,0.0003,1.6701,0.2806,0.0637,0.4220,0.1492,0.9214,0.3332,0.0000,1.5644,2.7935,158,52,11,4,0
skilled_1121,145.1930,78.1942,91.3121,12.6464,6.6224,24,0.0214,364.8403,565.6303,0.6318,0.0178,2.3337,0.4655,0.1373,0.7295,0.0928,1.0999,0.4839,0.0000,3.1568,1.8657,79,38,8,11,0
casual_0029,214.4232,80.6552,179.7468,17.2543,19.8324,4,0.0358,447.6964,460.1729,0.3867,0.0151,3.1247,0.5933,0.1830,0.5640,0.1350,1.1371,0.2466,0.0000,1.0962,0.6761,17,4,7,14,0
casual_0065,179.4664,98.6807,110.1583,30.9352,6.3995,1,0.0031,226.0513,544.6469,0.0200,0.0008,2.1391,0.5046,0.1549,0.5398,0.4303,0.9600,0.1482,0.0000,0.1901,1.0114,12,1,6,17,0
casual_0838,143.2035,22.9635,203.5541,28.6445,10.7768,11,0.0000,292.0102,571.0107,0.4621,0.0060,2.0905,0.6567,0.1247,0.5966,0.0919,1.0175,0.1308,0.0000,2.1923,0.4195,77,10,7,4,0
skilled_0906,265.3533,104.3501,114.8593,6.6843,8.3244,12,0.0169,460.9953,584.1080,0.2217,0.0005,2.8510,0.2871,0.1770,0.4042,0.1841,1.4814,0.4335,0.0000,3.3634,1.5147,184,79,16,2,0
skilled_0773,130.7950,100.3694,90.8604,15.3915,4.3347,33,0.0258,386.5153,572.6678,0.4435,0.0106,2.9948,0.3517,0.0300,0.4516,0.1965,1.2704,0.2078,0.0000,2.1763,1.1295,116,24,6,12,0
esport_0385,91.2026,75.0878,56.7328,1.1936,0.5176,27,0.0189,542.2567,582.4116,0.4906,0.0069,2.2209,0.1386,0.0673,0.5516,0.0434,2.2436,0.6799,0.0000,5.1361,3.6072,89,60,11,7,0
skilled_0161,179.7903,102.6659,61.5657,7.4387,4.4158,10,0.0246,478.8062,600.5646,0.4054,0.0002,2.8437,0.1399,0.1360,0.3823,0.0880,1.2541,0.3993,0.0000,2.5966,2.2850,38,15,17,1,0
casual_2659,90.9593,102.7139,103.9160,22.7248,12.7126,32,0.0155,273.7892,512.4338,0.0452,0.0021,2.7434,0.4787,0.1038,0.7848,0.1654,0.3188,0.2417,0.0000,0.9007,0.9112,158,38,4,15,0
esport_0365,245.7104,134.3234,32.5375,0.7188,2.6229,33,0.0400,274.6710,588.8186,0.3040,0.0058,3.4773,0.0800,0.0903,0.4510,0.0616,1.1919,0.5335,0.0000,1.9215,2.5517,128,68,26,2,0
esport_0378,238.9446,107.7530,62.9202,5.8362,2.5435,25,0.0000,433.6653,625.0000,0.8690,0.0012,3.0847,0.1008,0.0467,0.4882,0.0598,2.5769,0.6104,0.0000,1.8672,4.4037,83,50,9,9,0
casual_2451,224.4583,123.4636,89.3581,5.6296,1.0000,21,0.0275,497.2273,616.5196,0.4364,0.0001,2.1603,0.8518,0.1076,0.7019,0.1398,1.0648,0.2227,0.0000,0.5448,1.0937,102,22,3,16,0
casual_2846,92.7893,49.0281,106.8287,29.4718,8.3265,16,0.0136,362.4976,583.4735,0.3373,0.0080,2.5690,0.3432,0.2515,0.6998,0.0300,1.0990,0.3071,0.0000,0.9355,1.1626,48,14,2,3,0
casual_1144,142.4998,53.1679,83.3058,31.7465,10.2426,12,0.0000,421.4496,456.9832,0.2447,0.0127,1.7745,0.6375,0.0972,0.9155,0.0730,0.8305,0.1357,0.0000,1.2423,0.7992,61,8,11,15,0
skilled_0078,207.7258,126.7260,69.3136,13.1845,2.7570,22,0.0342,515.0205,578.8267,0.6924,0.0003,2.6994,0.3039,0.1442,0.4821,0.1501,2.1388,0.3703,0.0000,1.7942,1.7170,71,26,7,7,0
casual_1103,256.5769,146.9597,127.8280,8.5450,1.6515,16,0.0042,575.5186,617.3997,0.4074,0.0140,1.9619,0.4845,0.1202,1.0459,0.2023,1.1712,0.2635,0.0000,1.0277,0.7276,108,28,0,8,0
casual_0168,115.6275,51.7217,64.5744,22.1211,11.7720,22,0.0386,377.6036,551.1256,0.3467,0.0216,1.7006,0.5489,0.0922,0.3437,0.1898,0.9973,0.2238,0.0000,1.7150,0.8688,71,15,11,14,0
casual_1670,112.5661,89.5089,99.6450,14.7287,17.8472,38,0.0078,262.3376,516.1537,0.2864,0.0005,2.0617,0.3753,0.1745,0.8909,0.0300,0.9926,0.2624,0.0000,0.0496,0.8046,179,46,3,8,0
casual_2570,34.2669,44.0136,27.5916,10.6169,2.1726,14,0.0210,502.2185,497.3115,0.4491,0.0150,2.7890,0.2804,0.2703,0.4199,0.3141,0.8986,0.1540,0.0000,0.9963,0.9411,132,20,2,11,0
casual_2377,192.5722,35.6141,35.2860,22.1057,10.7431,5,0.0237,375.4287,549.3870,0.2729,0.0087,2.0336,0.7502,0.0810,0.9670,0.2697,0.6922,0.2268,0.0000,0.7013,0.1172,23,5,3,6,0
esport_0145,199.0587,134.4378,29.1666,3.5356,4.2528,15,0.0355,447.5236,593.1996,0.7618,0.0071,2.5093,0.1052,0.0637,0.2554,0.0682,1.2843,0.5075,0.0000,5.1125,1.7214,65,32,14,1,0
esport_0007,104.9131,99.2596,40.4730,5.4773,7.0113,79,0.0227,510.9701,625.0000,0.3085,0.0159,2.0189,0.2274,0.0923,0.3676,0.1039,1.8728,0.6852,0.0000,3.3249,4.2505,184,126,10,3,0
skilled_0862,277.0965,87.2958,100.2046,8.8354,8.2367,42,0.0181,252.7890,558.4632,0.3234,0.0061,2.6082,0.1724,0.0891,0.4932,0.0909,0.6943,0.3536,0.0000,3.0106,0.1328,155,54,7,11,0
casual_0023,271.1427,88.5928,54.4157,2.0000,12.9778,16,0.0276,592.2319,434.2745,0.4798,0.0050,3.0417,0.7220,0.1227,1.2609,0.1417,1.3863,0.1890,0.0000,1.5671,0.8924,98,18,1,2,0
casual_2633,200.1410,116.9390,106.2083,19.6977,15.7764,2,0.0423,375.7864,571.0020,0.5735,0.0029,0.9192,0.6980,0.1103,0.6768,0.1370,0.9676,0.0914,0.0000,0.7047,1.7948,11,1,7,13,0
skilled_0340,127.6813,82.4269,109.3404,1.3279,8.2481,80,0.0006,464.3382,540.9282,0.6109,0.0083,2.8182,0.2790,0.0317,0.5640,0.0912,1.6516,0.4470,0.0000,2.2505,1.6034,180,80,18,4,0
casual_2215,53.6950,70.0752,122.1943,5.3488,1.0000,4,0.0129,263.0363,536.3666,0.1625,0.0027,2.8096,0.5313,0.0776,0.6284,0.1993,0.2082,0.1395,0.0000,0.4373,0.6654,72,10,2,13,0
skilled_0682,235.8550,139.3631,32.6493,10.0883,6.4094,44,0.0107,406.2974,581.8867,0.5231,0.0129,2.4549,0.2683,0.0681,0.6320,0.3192,2.0093,0.2719,0.0000,1.8006,1.0661,141,38,10,7,0
esport_0474,142.9599,147.1630,49.8926,10.4478,4.8227,37,0.0345,375.7966,581.2594,0.5443,0.0009,2.8058,0.1306,0.0325,0.5493,0.2239,1.8622,0.5392,0.0000,5.1001,4.1490,135,72,20,2,0
casual_1907,49.3852,76.5614,100.5562,13.8730,21.2262,22,0.0000,353.6059,522.4057,0.3682,0.0038,1.7278,0.5894,0.1430,0.7519,0.1907,0.3253,0.0200,0.0000,0.8718,0.5640,93,1,0,7,0
casual_0084,36.1323,107.0016,24.4389,18.6446,1.2620,9,0.0211,474.3410,620.0000,0.1704,0.0129,2.6768,0.4638,0.1582,0.4841,0.2091,0.9843,0.1282,0.0000,0.8129,0.1962,47,6,1,13,0
casual_0227,179.9035,68.1951,114.3297,11.3938,4.2094,14,0.0280,307.4291,613.1500,0.5759,0.0015,1.9734,0.5302,0.1644,0.5017,0.3321,0.6191,0.1345,0.0000,1.1840,0.3154,75,10,3,12,0
casual_0296,294.4841,19.1535,93.6881,14.2186,7.4874,26,0.0170,412.2527,570.6426,0.8874,0.0027,2.2150,0.4812,0.0927,0.6450,0.1363,1.0696,0.1639,0.0000,0.8253,1.2423,106,17,0,2,0
casual_1001,153.7308,83.8770,172.0538,20.1160,1.0000,8,0.0129,425.9271,574.0479,0.2870,0.0030,2.7702,0.6238,0.0553,0.8521,0.0558,1.0884,0.2657,0.0000,1.1980,0.4680,40,10,6,5,0
casual_2138,236.4843,68.2905,135.4262,14.4736,13.8511,19,0.0187,546.9372,590.8694,0.4161,0.0325,2.4862,0.6000,0.1970,0.8624,0.2361,0.2651,0.0640,0.0000,1.3985,0.6704,112,7,2,8,0
casual_0711,212.1413,60.4103,70.3422,25.0240,8.1852,22,0.0139,309.5430,594.3442,0.1860,0.0003,2.8829,0.3896,0.1193,0.6155,0.3105,1.0275,0.2091,0.0000,1.1300,0.4296,104,21,1,15,0
casual_2801,162.9650,58.2356,87.4506,29.7733,22.0717,25,0.0191,449.5808,557.2892,0.6032,0.0004,2.2127,0.4186,0.1770,0.9423,0.2722,0.3695,0.2978,0.0000,1.1179,0.7977,167,49,2,10,0
casual_2527,273.6723,89.5341,73.3306,6.9877,7.4346,11,0.0039,339.2710,620.0000,0.2614,0.0060,2.5099,0.4150,0.0400,0.3501,0.3228,0.1000,0.3119,0.0000,0.6175,0.4069,72,22,11,4,0
skilled_0752,45.5376,113.4022,83.2725,5.5728,7.1397,20,0.0238,539.7552,620.0000,0.4262,0.0160,2.6570,0.2938,0.0300,0.5600,0.1397,1.2916,0.4107,0.0000,1.3020,0.8735,78,32,14,1,0
skilled_0321,73.3829,30.0000,102.6887,7.5463,9.4269,22,0.0288,479.6674,569.2611,0.3115,0.0190,2.8012,0.1489,0.1482,0.4895,0.1732,0.2235,0.3809,0.0000,1.5413,1.2572,86,32,13,1,0
skilled_0181,89.8473,119.8570,142.7499,12.7710,6.9454,39,0.0448,360.5912,603.1949,0.1348,0.0050,3.0178,0.1485,0.0617,0.4976,0.3076,1.3278,0.3586,0.0000,2.7922,1.5800,103,36,19,10,0
skilled_1183,73.0841,116.2442,117.0502,8.3678,7.5352,6,0.0517,461.1661,559.2182,0.4399,0.0089,2.5665,0.4382,0.1339,0.7378,0.1509,1.2494,0.1704,0.0000,2.4611,1.9481,45,7,3,7,0
casual_1615,87.5302,74.7830,137.8819,8.6293,8.4486,1,0.0357,281.3449,542.9505,0.4522,0.0058,1.9149,0.3866,0.1681,1.0325,0.2768,1.0005,0.1684,0.0000,0.9885,1.5130,27,4,8,13,0
skilled_0024,87.4933,63.1837,97.0029,11.3840,11.7613,18,0.0156,509.6886,600.9545,0.5150,0.0005,2.1610,0.2926,0.1332,0.2427,0.1515,0.9591,0.4423,0.0000,1.8807,2.3190,57,25,5,0,0
casual_1413,284.7132,38.7185,164.3383,9.2212,19.1925,41,0.0000,439.4607,576.9936,0.3955,0.0016,3.1589,0.5409,0.1621,1.0355,0.2256,0.6428,0.2876,0.0000,0.6068,0.8966,139,39,4,15,0
casual_0763,67.3155,45.5262,85.5333,14.0569,7.4585,9,0.0114,212.4305,586.0535,0.7298,0.0000,2.7888,0.3537,0.1407,0.2518,0.2179,1.2776,0.1755,0.0000,0.8810,1.2252,41,7,4,13,0
casual_0655,123.9685,42.0120,67.6492,18.5044,16.6098,32,0.0057,460.6725,579.1496,0.3734,0.0192,0.9223,0.5359,0.1706,1.3245,0.1162,0.7208,0.1983,0.0000,0.4936,0.5892,146,28,4,10,0
aimbot_0047,169.2721,194.2711,13.8770,1.7120,0.0000,46,0.1053,342.6840,547.4971,0.2222,0.0134,1.8249,0.0376,0.0076,0.4225,0.0738,2.9990,0.7840,0.0000,6.0227,3.3440,69,54,34,0,1
skilled_0849,66.2089,162.1582,125.8115,9.7039,3.4702,48,0.0011,477.5525,545.9368,0.4389,0.0039,2.1225,0.4454,0.1432,0.3348,0.0973,1.3487,0.4235,0.0000,0.7880,1.7189,162,68,18,9,0
skilled_1153,123.9451,85.8933,78.8143,8.5559,10.0714,45,0.0107,442.7985,594.6702,0.3396,0.0134,2.1998,0.1501,0.1363,0.5445,0.2512,1.3561,0.3469,0.0000,3.2220,0.5958,171,59,3,8,0
casual_0468,70.0785,98.8728,52.1304,25.9565,16.0614,11,0.0027,219.6158,507.0335,0.4193,0.0030,1.9888,0.3697,0.1234,0.9949,0.1686,0.1000,0.1350,0.0000,1.4514,0.3615,47,6,1,2,0
casual_0157,208.0441,113.3356,110.9410,7.1370,13.2574,27,0.0260,358.2520,540.1069,0.4920,0.0155,2.2923,0.8126,0.1914,1.0351,0.1567,0.2897,0.0200,0.0000,0.0000,0.6590,125,2,8,13,0
casual_1295,132.2201,46.6069,53.1425,3.2783,4.3286,32,0.0114,276.6967,598.3692,0.3840,0.0115,1.7586,0.7986,0.0711,0.6964,0.2707,1.9702,0.2274,0.0000,0.2743,0.9122,137,31,6,12,0
casual_0497,199.0234,13.8230,54.7773,10.1301,6.7944,21,0.0081,408.9070,482.9530,0.2566,0.0031,2.5885,0.7328,0.1038,0.6285,0.4331,0.8003,0.0200,0.0000,0.7308,0.1429,106,2,5,12,0
esport_0490,177.8788,91.7341,15.0000,1.7221,5.3949,58,0.0640,413.5114,578.3798,0.4346,0.0017,2.8661,0.1539,0.0710,0.3016,0.2088,1.6740,0.4776,0.0000,2.8688,1.4092,194,92,12,2,0
casual_2940,296.3890,70.7868,127.4890,36.1563,6.0940,41,0.0305,424.9376,620.0000,0.2217,0.0006,3.0812,0.4958,0.1396,0.5512,0.3177,0.6887,0.1848,0.0000,0.3961,0.1282,165,30,4,14,0
skilled_0456,211.4215,118.2654,138.5873,15.5014,6.2420,26,0.0113,584.1108,585.0427,0.6099,0.0113,2.4576,0.3103,0.1703,0.5454,0.1187,0.5958,0.3754,0.0000,1.5274,1.5969,88,33,9,2,0
casual_0373,114.8988,86.9625,20.0000,16.8342,4.6501,3,0.0035,438.9402,543.2067,0.1465,0.0050,2.1560,0.5734,0.0720,0.9882,0.0526,1.8720,0.2724,0.0000,0.9491,1.0612,47,12,5,15,0
casual_0079,241.6525,55.2596,138.1669,14.6625,10.7310,31,0.0348,533.7212,528.5325,0.2504,0.0046,2.8321,0.3152,0.0915,0.3374,0.0852,0.9991,0.3155,0.0000,0.4937,0.6186,157,49,9,6,0
casual_1553,129.7037,129.2818,123.2645,19.0256,6.5929,3,0.0136,564.9404,532.5989,0.5990,0.0022,2.3947,0.2963,0.1843,0.2533,0.1796,0.5912,0.1588,0.0000,1.0998,0.9488,16,2,4,2,0
casual_1669,264.2044,68.1074,142.5744,19.9946,15.2981,3,0.0125,346.4612,553.0392,0.6061,0.0097,2.4937,0.5900,0.1631,0.3308,0.3457,1.0968,0.2877,0.0000,0.9843,0.0500,21,6,5,7,0
casual_2131,234.2953,59.6652,116.4292,10.2257,12.1399,0,0.0017,336.7651,557.8043,0.2858,0.0041,1.4949,0.3968,0.0846,0.5441,0.3162,0.7124,0.1638,0.0000,1.6484,1.2509,22,3,9,14,0
esport_0189,297.3482,150.4582,96.5928,3.3019,5.1640,39,0.0496,456.2783,582.4165,0.7347,0.0002,2.9031,0.2258,0.0885,0.3468,0.0395,1.3625,0.6326,0.0000,4.7742,4.1672,125,79,13,6,0
casual_0465,218.9395,10.0000,48.5995,11.4851,9.6327,16,0.0106,202.0647,472.6645,0.5134,0.0043,1.8316,0.7615,0.0400,0.6459,0.2253,1.4750,0.1684,0.0000,1.1786,1.1370,74,12,7,9,0
casual_0248,131.0297,17.5686,142.2838,13.9171,3.1534,46,0.0293,400.4615,528.2945,0.3448,0.0031,2.5480,0.2036,0.1569,0.6951,0.2098,0.7742,0.3538,0.0000,0.5051,0.4186,171,60,2,3,0
casual_0931,130.2382,10.0000,85.5418,23.7344,23.9124,32,0.0184,579.6296,501.5190,0.5136,0.0045,2.5169,0.6976,0.2566,0.5058,0.1410,1.2812,0.3013,0.0000,0.8385,0.8995,149,44,6,17,0
casual_1335,261.0234,110.5289,193.1246,12.5256,13.7174,7,0.0000,569.6586,500.1603,0.6491,0.0019,1.3961,0.5474,0.2671,0.7092,0.0825,1.1451,0.3089,0.0000,1.8994,0.9625,29,8,3,6,0
esport_0274,86.0530,129.5763,49.8794,6.3141,6.6466,51,0.0025,419.4912,578.8675,0.3012,0.0137,2.2214,0.2529,0.0464,0.5720,0.1321,1.3355,0.5506,0.0000,2.4745,3.3846,165,90,26,6,0
casual_1338,267.0998,32.1053,133.6077,14.1041,8.2865,19,0.0186,372.6195,526.6433,0.1852,0.0058,2.7958,0.4381,0.2118,1.2948,0.2749,0.7543,0.2425,0.0000,1.3301,0.8440,115,27,11,3,0
casual_1406,290.3808,61.2545,48.3510,5.6205,7.8415,16,0.0060,432.3633,480.0584,0.7828,0.0040,2.4456,0.8630,0.2084,0.7356,0.3114,0.8269,0.1838,0.0000,1.0473,1.1721,94,17,6,16,0
casual_1090,94.8611,16.0130,138.3669,13.0870,25.7278,51,0.0283,452.0046,539.6373,0.5090,0.0036,2.9017,0.7391,0.1056,0.8760,0.2499,1.3843,0.0594,0.0000,1.4736,0.7343,168,9,10,17,0
skilled_1209,200.5981,121.9874,81.8929,12.5749,6.5938,8,0.0165,475.7081,608.0358,0.4690,0.0020,2.2946,0.2712,0.1436,0.6532,0.1599,1.5004,0.2637,0.0000,1.0180,2.0710,42,11,6,7,0
casual_0742,262.9464,139.0733,67.8787,13.0100,8.5340,41,0.0240,485.7742,560.3093,0.4437,0.0018,2.0676,0.5125,0.1303,0.8888,0.1883,1.2563,0.2109,0.0000,1.9254,1.3031,168,35,0,8,0
casual_2323,51.6749,87.0507,128.6863,2.0000,20.1857,17,0.0142,363.6223,614.7812,0.2920,0.0160,0.9765,0.2868,0.0939,0.9021,0.3209,0.9382,0.1463,0.0000,1.9954,0.5703,59,8,11,16,0
skilled_0601,204.8573,115.9009,47.1266,2.2019,8.0520,19,0.0122,337.3067,602.0514,0.4492,0.0043,2.4942,0.2511,0.0732,0.5875,0.1560,1.3070,0.3659,0.0000,2.6417,1.9594,61,22,12,0,0
casual_2123,82.0943,60.4533,68.3815,19.1755,21.8284,1,0.0051,498.7131,548.2804,0.3371,0.0016,2.5161,0.6157,0.1047,0.8669,0.2476,0.5596,0.1922,0.0000,1.0289,0.0500,10,1,11,16,0
casual_2094,273.0246,64.0458,145.7634,13.1795,16.5784,29,0.0226,428.6461,557.8487,0.5656,0.0353,2.5001,0.6115,0.1137,0.6029,0.0876,0.4790,0.2613,0.0000,0.6425,0.6551,149,38,10,5,0
casual_0240,253.9457,71.3760,39.9240,13.4316,6.2953,38,0.0145,318.8109,571.1693,0.4453,0.0026,1.3032,0.5021,0.2447,0.8110,0.3168,1.0780,0.2763,0.0000,0.3434,0.7927,149,41,10,4,0
casual_2351,260.4801,80.4451,136.2238,16.4249,8.9058,26,0.0309,298.2750,528.7804,0.1753,0.0158,1.8898,0.5436,0.0497,0.9570,0.1690,0.6198,0.2703,0.0000,1.7337,0.7669,98,26,2,12,0
casual_1370,56.1387,49.1845,94.0706,12.6239,16.4902,2,0.0113,430.6297,520.1758,0.0200,0.0037,1.7993,0.6941,0.1691,0.5208,0.3207,0.6078,0.2964,0.0000,0.0000,0.3884,13,3,7,3,0
casual_1057,84.6811,79.9205,73.6095,21.8252,13.9615,7,0.0000,361.1037,483.3659,0.3793,0.0078,2.4994,0.4384,0.1527,0.4440,0.3783,0.5111,0.2120,0.0000,1.1128,0.9602,53,11,8,2,0
aimbot_0066,173.2837,136.2343,11.3555,0.9821,1.1434,38,0.0501,419.1513,625.0000,0.3690,0.0072,2.8897,0.0150,0.0119,0.4350,0.0231,2.0802,0.7961,0.0000,3.4176,5.2778,55,43,32,0,1
casual_0199,113.7874,71.8141,144.5949,13.8777,13.2521,27,0.0282,414.9674,615.0196,0.8470,0.0036,2.7457,0.4123,0.2157,0.7144,0.0656,0.4832,0.2901,0.0000,0.9264,0.8865,94,27,4,5,0
casual_2280,143.4601,54.7040,49.7526,15.2863,15.1183,15,0.0228,315.2300,511.4031,0.3779,0.0032,1.6726,1.0041,0.0497,0.2772,0.0917,1.9122,0.4182,0.0000,1.0532,1.1451,85,35,1,5,0
esport_0499,137.1506,107.6966,61.5010,5.7449,7.0473,99,0.0601,379.5128,602.0977,0.6213,0.0289,2.2787,0.1576,0.0856,0.4572,0.0869,1.8111,0.5756,0.0000,2.4612,1.2248,193,111,21,1,0
casual_2220,125.8945,117.4005,154.8593,21.5724,1.0000,2,0.0199,502.1884,575.1100,0.1829,0.0023,2.4618,0.3443,0.1968,1.0026,0.1314,0.5248,0.2103,0.0000,0.8955,0.3278,20,4,1,8,0
aimbot_0021,179.7020,135.4564,5.8449,0.0000,1.3079,75,0.0766,531.8085,515.1923,0.2632,0.0035,2.6784,0.0150,0.0091,0.3717,0.0450,2.0235,0.7515,0.0000,6.9070,7.3347,106,79,13,2,1
casual_2819,279.2944,109.0987,198.5245,19.6474,9.3123,17,0.0005,384.0382,529.7541,0.3047,0.0319,2.7290,0.4397,0.1025,0.5579,0.1963,0.9318,0.2193,0.0000,1.1314,0.9462,157,34,4,4,0
skilled_0150,263.4290,63.8576,32.5376,4.5803,7.2081,11,0.0244,362.3597,601.8479,0.2899,0.0023,2.4478,0.3739,0.0850,0.4784,0.1562,1.7308,0.3149,0.0000,2.6441,2.4779,37,11,19,12,0
esport_0006,147.6660,132.0111,70.5555,4.1812,6.2958,17,0.0078,426.7883,584.8907,0.3183,0.0050,2.7578,0.2043,0.0606,0.3655,0.1526,2.0278,0.4585,0.0000,5.1226,3.5722,58,26,29,6,0
skilled_0107,61.0667,126.6388,115.4331,14.4312,8.0515,21,0.0133,457.6722,547.3822,0.4188,0.0062,2.4141,0.1200,0.2229,0.3246,0.1517,0.7080,0.3989,0.0000,2.4829,1.9483,95,37,18,9,0
casual_1973,129.6269,97.4771,128.7446,27.8587,11.7946,30,0.0000,418.4350,533.4374,0.2709,0.0133,2.5592,0.4308,0.1105,0.7472,0.1104,0.8559,0.1715,0.0000,1.1174,0.8321,178,30,8,1,0
casual_1375,51.7985,81.7687,63.4767,5.2921,17.0279,1,0.0199,459.5098,543.5011,0.2683,0.0002,2.1399,0.6033,0.1709,0.2412,0.3013,1.4369,0.1793,0.0000,0.8549,1.2393,23,4,9,17,0
skilled_0968,267.5997,110.4813,112.9046,4.3796,6.1407,35,0.0336,438.8678,541.5375,0.3670,0.0026,2.3432,0.2575,0.0300,0.6450,0.1090,1.3992,0.4795,0.0000,3.0013,1.3251,148,70,17,4,0
skilled_1062,247.7154,71.2745,49.3660,8.4506,5.7081,16,0.0003,481.4750,565.4025,0.5350,0.0339,1.5000,0.2621,0.1141,0.3432,0.2818,1.0779,0.3753,0.0000,2.5728,0.9968,67,25,19,5,0
esport_0195,69.6738,130.9575,82.6941,0.7181,3.2622,35,0.0089,551.4038,591.1234,0.4317,0.0025,2.6563,0.0800,0.0200,0.4186,0.1044,2.4561,0.5906,0.0000,3.7135,4.8848,119,70,21,5,0
skilled_0557,66.2821,72.9145,104.2743,8.6213,7.6540,5,0.0306,468.9756,574.1120,0.3874,0.0030,2.7018,0.3941,0.0645,0.7096,0.1859,0.9310,0.3560,0.0000,1.6956,2.4306,20,7,9,13,0
casual_0964,287.1074,132.6814,39.8200,17.6283,9.5681,29,0.0058,525.7335,554.2496,0.0410,0.0108,1.6738,0.5410,0.1078,0.5826,0.2510,0.5253,0.0200,0.0000,0.9194,0.6172,100,2,2,7,0
casual_0179,232.1242,126.5594,107.2936,22.2970,14.7063,22,0.0190,391.6776,523.5878,0.1674,0.0066,1.2909,0.7581,0.0400,0.4337,0.2078,0.3661,0.2866,0.0000,0.8376,0.2756,142,40,0,6,0
skilled_0698,243.5772,137.6547,98.1695,17.5907,6.3997,27,0.0246,281.1815,595.1609,0.5871,0.0044,1.9743,0.4122,0.1095,0.7926,0.2308,1.6510,0.2743,0.0000,1.7166,0.8906,85,23,19,3,0
skilled_0821,125.7277,82.4155,84.2011,8.4254,2.4728,48,0.0427,408.5662,586.1506,0.3222,0.0100,2.4733,0.3660,0.1621,0.5569,0.0937,1.6434,0.3296,0.0000,2.9803,1.4581,172,56,17,12,0
speed_0028,22.7585,48.3650,74.1575,17.3550,6.1035,19,0.0359,652.8123,1312.4407,0.7887,0.5510,2.6314,0.4477,0.0868,0.7880,0.1355,1.1823,0.2738,0.0000,3.4387,3.7333,98,26,10,3,1
skilled_0899,171.5438,51.8539,39.4947,6.8180,11.4699,22,0.0243,559.6717,615.3464,0.7742,0.0152,2.8332,0.4489,0.1104,0.4572,0.1170,1.6630,0.4432,0.0000,2.6587,0.8696,53,23,3,8,0
esport_0237,191.4273,113.1676,51.6895,4.1870,2.9630,42,0.0476,495.8408,612.7427,0.1824,0.0010,2.7736,0.1644,0.0836,0.2795,0.0780,2.2136,0.5379,0.0000,3.0772,2.5920,107,57,30,7,0
skilled_0238,273.7170,100.4697,75.7292,13.9005,4.4534,49,0.0419,417.8287,564.5140,0.2740,0.0048,2.8886,0.2698,0.0651,0.7330,0.1682,1.1625,0.5360,0.0000,2.3038,2.0917,173,92,5,4,0
casual_2974,166.5457,39.7118,20.0000,2.0000,3.6707,23,0.0000,316.5313,620.0000,0.3869,0.0002,2.1270,0.7591,0.2212,0.6840,0.3646,0.7576,0.2803,0.0000,0.1546,0.3831,133,37,3,6,0
skilled_0580,190.3040,87.5458,108.2409,5.9363,6.7875,45,0.0324,454.5789,612.9644,0.1748,0.0312,2.8564,0.2637,0.1556,0.5738,0.1841,1.2224,0.6458,0.0000,1.8204,2.4289,142,91,11,1,0
casual_2887,284.1691,56.6069,137.3925,13.7380,3.0674,18,0.0097,384.5110,620.0000,0.3926,0.0018,2.5109,0.3523,0.0779,0.6101,0.2313,0.7318,0.1484,0.0000,1.4199,0.8265,142,21,0,17,0
casual_2575,197.3773,75.9890,98.1338,12.6407,12.1098,43,0.0022,372.7195,620.0000,0.3319,0.0185,2.1724,0.7504,0.1346,0.5904,0.2094,1.5548,0.2492,0.0000,1.5692,0.0914,174,43,4,4,0
casual_1419,292.3870,73.1127,20.0000,2.5077,5.1154,19,0.0284,518.9284,536.2522,0.4375,0.0069,1.5878,0.6103,0.2003,0.1500,0.2529,0.5303,0.1910,0.0000,1.3224,1.1251,71,13,8,12,0
skilled_0907,206.7908,91.6533,90.0648,5.3536,8.6472,25,0.0172,457.9570,597.3034,0.3571,0.0301,2.7338,0.4195,0.1111,0.4511,0.2505,1.2569,0.5706,0.0000,2.6788,2.6811,90,51,19,3,0
esport_0423,278.1116,217.2532,57.8340,8.1543,5.6241,15,0.0295,476.7466,625.0000,0.6345,0.0083,2.9172,0.1284,0.0522,0.6259,0.0625,0.9519,0.3000,0.0000,3.2792,1.4132,48,14,23,9,0
speed_0052,178.4602,99.7191,62.1214,14.5914,14.5373,29,0.0000,723.6361,1154.8397,0.5377,0.8357,2.9411,0.3128,0.0328,0.4954,0.1052,1.5597,0.2864,0.0000,4.0510,2.4505,98,28,13,3,1
casual_1860,187.2601,66.6325,79.6496,18.5779,16.3813,15,0.0043,298.5340,522.2437,0.2026,0.0032,2.1140,0.7386,0.1188,0.4194,0.2493,0.5606,0.0506,0.0000,1.8304,0.7644,133,6,9,1,0
casual_0008,64.5907,114.2806,25.8217,17.3500,15.1438,20,0.0027,468.7614,620.0000,0.3018,0.0079,2.8081,0.6678,0.2209,0.8331,0.2210,1.4351,0.2235,0.0000,0.8949,1.0559,59,13,4,14,0
casual_2894,296.4085,158.4925,134.9755,13.4628,8.8096,23,0.0113,309.7702,544.9283,0.4124,0.0287,2.0243,0.7704,0.1404,0.8185,0.3542,1.2100,0.0975,0.0000,1.9047,1.2053,123,11,8,2,0
casual_2847,47.3364,60.2589,96.7646,29.9887,2.1052,24,0.0053,342.4267,522.4288,0.4930,0.0001,2.4135,0.4273,0.2195,0.4394,0.2459,0.6002,0.2188,0.0000,0.0000,0.6069,125,27,11,16,0
skilled_0664,178.0771,112.7433,103.6145,5.2531,7.7256,21,0.0078,488.0914,588.6108,0.3599,0.0057,2.9504,0.4962,0.1486,0.4748,0.0918,1.9758,0.2508,0.0000,2.8440,1.3623,86,21,15,1,0
casual_0144,157.8421,10.0000,55.2864,13.3061,13.1275,37,0.0333,491.0125,590.6404,0.5756,0.0057,2.7351,0.4708,0.1665,0.6002,0.1488,0.1000,0.0386,0.0000,1.1793,2.0285,155,5,1,2,0
casual_2104,193.7637,43.0093,30.8077,6.8277,15.2210,34,0.0000,481.4239,584.9175,0.0587,0.0009,1.7313,0.7449,0.2413,0.3635,0.1523,1.0147,0.2223,0.0000,1.2455,1.1899,171,38,6,4,0
skilled_0143,256.5598,89.6854,39.0581,6.2810,8.4733,17,0.0195,485.9393,585.7295,0.4294,0.0001,2.5564,0.3457,0.1026,0.3383,0.1436,1.6585,0.4996,0.0000,3.1364,0.5003,45,22,4,8,0
casual_0841,244.9277,108.1665,41.6124,16.0461,8.9684,40,0.0047,537.5210,560.2527,0.1415,0.0088,2.6712,0.5781,0.1456,1.0858,0.1946,0.4635,0.0546,0.0000,0.9906,1.3342,136,7,10,12,0
casual_1128,206.2254,107.2228,65.5761,10.7954,16.0895,23,0.0253,198.2898,545.1273,0.3092,0.0047,3.5000,0.5559,0.0400,0.3953,0.3634,0.7377,0.2516,0.0000,1.3355,0.5824,119,29,2,2,0
casual_0151,271.9634,53.5212,46.3500,14.4523,9.2099,31,0.0259,514.5515,564.7524,0.5157,0.0006,2.9631,0.8590,0.2129,0.6887,0.0993,0.9323,0.1226,0.0000,1.1713,1.3371,116,14,10,15,0
skilled_0591,106.5881,75.6030,61.2044,17.0034,3.5849,22,0.0054,366.2241,583.0051,0.4882,0.0039,3.0326,0.2638,0.0857,0.1224,0.1429,1.4015,0.3535,0.0000,3.4878,1.0844,108,38,8,12,0
casual_1052,104.2912,48.2297,120.1761,26.2287,3.6690,25,0.0111,322.4231,557.2306,0.0650,0.0013,1.7074,0.2857,0.1611,0.5013,0.0530,0.1061,0.2043,0.0000,0.0000,0.6276,167,34,0,10,0
casual_1590,82.7001,72.6224,123.7751,8.4030,21.5954,12,0.0118,399.9333,481.4738,0.4250,0.0021,2.6921,0.6758,0.1993,0.6638,0.1807,1.2854,0.2003,0.0000,0.6380,0.6993,45,9,2,1,0
skilled_0008,184.5437,123.4435,145.7146,8.4549,8.6899,22,0.0094,528.1495,580.0674,0.3958,0.0029,1.5905,0.3069,0.1585,0.4706,0.0610,1.6047,0.4119,0.0000,2.5667,2.0661,78,32,5,12,0
casual_2029,190.2492,78.9094,202.6010,5.7245,22.9535,23,0.0301,301.7589,593.9996,0.3565,0.0115,2.7691,0.6934,0.1187,0.8103,0.0644,0.8753,0.1580,0.0000,0.0000,1.1091,179,28,7,3,0
skilled_0418,136.1349,74.6933,105.9276,19.4636,8.1755,48,0.0086,353.1808,560.7287,0.3726,0.0006,2.9824,0.2172,0.1335,0.4329,0.1066,1.7779,0.1000,0.0000,2.9205,0.9684,136,13,15,1,0
casual_1807,150.6465,60.5264,70.0721,15.9705,8.2724,42,0.0360,508.7351,494.5289,0.4620,0.0025,1.6757,0.7600,0.1146,0.6582,0.2814,1.1789,0.1398,0.0000,1.1494,1.2338,171,23,10,4,0
casual_2696,251.3077,137.1358,170.0236,2.0000,2.4892,24,0.0067,462.0401,545.2712,0.0263,0.0011,2.0175,0.4006,0.1716,0.5400,0.0300,1.2075,0.1389,0.0000,1.0254,0.4599,136,18,2,15,0
skilled_0039,104.6944,107.4206,76.7906,14.0634,1.0000,9,0.0000,380.7418,611.3713,0.6278,0.0050,3.2388,0.3014,0.1387,0.3348,0.1121,1.1897,0.3245,0.0000,0.6443,0.9212,52,16,2,10,0
casual_0472,62.1887,26.3330,141.8461,2.0000,11.4130,10,0.0056,456.8741,520.3345,0.3343,0.0089,2.1536,0.9196,0.1156,0.7567,0.2064,1.6838,0.1653,0.0000,1.1824,1.1083,39,6,1,3,0
skilled_0289,229.5158,76.8500,101.4586,16.8994,1.0000,47,0.0120,479.3597,551.3354,0.4433,0.0029,2.2530,0.3247,0.1053,0.3761,0.2124,1.3327,0.4368,0.0000,1.5174,0.5735,182,79,3,7,0
skilled_1074,201.8011,48.8030,112.9546,10.3672,8.6966,6,0.0090,500.5616,605.3235,0.0500,0.0081,2.1647,0.5658,0.0557,0.4610,0.1242,0.7661,0.2183,0.0000,1.5275,1.4731,28,6,16,11,0
skilled_0496,100.8431,119.0166,68.2734,1.0000,11.2738,31,0.0081,298.7036,553.4069,0.2987,0.0077,2.5634,0.3923,0.0566,0.3265,0.1186,1.3818,0.4263,0.0000,1.9806,1.7721,119,50,15,7,0
casual_0279,259.8055,94.6452,149.6942,25.7719,6.0639,40,0.0075,300.2762,546.2794,0.4551,0.0051,2.4043,0.3405,0.1001,0.5003,0.2581,1.2116,0.2643,0.0000,0.7450,1.0609,175,46,1,15,0
casual_1741,92.3015,79.6415,101.3317,15.7523,24.7975,25,0.0108,498.4798,537.0450,0.3787,0.0093,1.7910,0.6882,0.1238,0.5476,0.2080,0.5877,0.2473,0.0000,0.8726,0.5018,146,36,3,12,0
esport_0374,187.2427,157.5593,71.4473,9.3899,6.2108,66,0.0759,435.5237,625.0000,0.3120,0.0052,3.0619,0.1350,0.0432,0.5227,0.0579,1.9993,0.3656,0.0000,3.1163,3.5311,174,63,30,5,0
casual_2886,36.5419,81.9592,25.5536,21.8441,8.6126,28,0.0216,391.6812,605.3424,0.0200,0.0024,2.2596,0.6148,0.1673,0.5812,0.2865,0.7688,0.1372,0.0000,0.9813,0.6929,101,13,6,9,0
casual_1941,152.8215,33.5607,99.6477,2.0000,12.3408,11,0.0155,295.3285,583.9942,0.4658,0.0212,2.5976,0.5163,0.1694,0.7745,0.2542,0.9106,0.3015,0.0000,0.8396,0.9205,100,30,6,7,0
casual_0100,275.3168,82.4995,119.4903,28.5952,16.0519,1,0.0076,448.6116,620.0000,0.4400,0.0060,2.2179,0.4274,0.1478,0.8615,0.2409,1.5941,0.1967,0.0000,2.2420,0.8770,12,2,1,4,0
casual_2804,62.1365,93.1446,174.4852,27.7919,11.5067,28,0.0167,368.6728,516.4874,0.2287,0.0088,3.0998,0.6528,0.1127,0.6256,0.2197,0.4259,0.2249,0.0000,0.0127,0.7957,89,20,0,14,0
skilled_0570,217.9915,107.9265,74.3270,7.2349,8.4519,46,0.0145,446.6275,577.9882,0.4023,0.0017,1.9415,0.3323,0.1167,0.6409,0.1699,1.2713,0.3003,0.0000,2.5642,0.7039,135,40,17,0,0
skilled_0684,200.6648,70.1804,62.7848,12.7214,12.2121,17,0.0038,409.7734,533.8702,0.3864,0.0054,2.6326,0.3062,0.1223,0.5379,0.1697,1.4169,0.2797,0.0000,2.5045,2.2165,69,19,7,8,0
skilled_0661,85.3810,60.1275,120.1220,13.1657,3.9170,63,0.0363,427.4561,568.8630,0.3236,0.0232,2.2586,0.3685,0.1102,0.5885,0.2277,1.3155,0.3612,0.0000,2.2137,1.4562,199,71,18,1,0
casual_0530,215.6696,21.6593,137.7911,33.6624,28.1063,18,0.0202,407.2591,580.8360,0.5240,0.0028,2.9961,0.9387,0.1158,0.7228,0.1791,0.6986,0.3497,0.0000,0.1693,0.0500,75,26,10,3,0
casual_1886,64.3510,21.7665,169.6411,14.4132,6.8102,35,0.0000,259.5399,587.7654,0.2642,0.0098,2.1573,0.4480,0.0923,0.8096,0.3274,0.1000,0.1501,0.0000,1.3908,0.0500,145,21,8,11,0
casual_0681,84.5343,10.0000,184.1874,29.5316,17.3169,34,0.0068,448.5768,534.4638,0.2955,0.0136,2.4889,0.3705,0.2013,0.2597,0.2896,0.6466,0.0560,0.0000,0.4780,0.7672,169,9,5,9,0
skilled_0794,257.8906,110.3773,93.6819,12.5736,6.3874,50,0.0303,398.7594,610.7778,0.4777,0.0095,2.4524,0.5700,0.2076,1.1261,0.2957,1.5107,0.3375,0.0000,3.5579,1.6051,156,52,10,4,0
skilled_0944,221.2027,64.1335,113.3321,9.2022,9.1878,12,0.0233,279.8013,598.0965,0.5342,0.0118,2.7475,0.3397,0.0685,0.4800,0.0972,1.2129,0.4033,0.0000,3.2857,1.8200,43,17,15,3,0
esport_0416,98.8360,116.7129,71.4992,4.4398,4.3665,11,0.0147,486.0908,625.0000,0.4456,0.0111,2.3836,0.1936,0.0506,0.1234,0.1138,1.4531,0.7800,0.0000,2.2666,5.7425,40,31,18,1,0
casual_2018,195.8842,40.9564,182.2018,15.8735,24.0779,28,0.0335,347.5695,564.0257,0.2683,0.0024,2.2762,0.6546,0.0400,0.7611,0.2395,0.1605,0.1766,0.0000,0.5402,0.7604,147,25,10,2,0
casual_1096,89.0913,76.8738,125.3303,22.6447,3.8174,48,0.0085,353.3986,565.6120,0.0472,0.0036,2.2734,0.6047,0.2124,0.6223,0.1940,0.8667,0.1169,0.0000,0.8152,0.0500,165,19,4,15,0
casual_0829,98.4894,80.6067,84.9841,16.2450,9.8893,12,0.0418,201.5679,565.8576,0.5569,0.0235,1.2988,0.5420,0.1109,0.1500,0.2074,0.1127,0.0983,0.0000,1.0077,0.6289,46,4,4,17,0
casual_2805,96.0866,10.0000,72.1666,33.4478,10.6351,2,0.0115,414.2934,586.8409,0.3862,0.0120,2.1743,0.6075,0.0982,0.3649,0.1000,0.8158,0.0395,0.0000,1.5239,0.7665,10,0,3,15,0
skilled_0829,249.6859,88.5877,56.0751,9.2087,6.7196,14,0.0124,544.6549,594.0196,0.3642,0.0086,2.8880,0.4083,0.1282,0.1220,0.1490,1.3387,0.2491,0.0000,1.4578,2.2878,46,11,8,10,0
esport_0131,128.1481,148.1863,73.4974,5.7356,3.7155,45,0.0632,522.0806,610.3753,0.6265,0.0127,2.4369,0.1761,0.0615,0.5883,0.1847,1.2995,0.4964,0.0000,3.0341,4.5542,101,50,13,2,0
skilled_0891,135.8477,71.2586,65.9686,14.4142,3.5829,53,0.0464,485.3118,565.2082,0.4529,0.0107,2.4867,0.1442,0.0859,0.5118,0.3756,1.5711,0.3866,0.0000,3.3724,1.4836,164,63,8,0,0
casual_0764,278.0823,64.2022,76.7126,26.6112,10.0196,16,0.0161,269.5395,593.0375,0.3769,0.0035,2.0294,0.3573,0.1413,0.4365,0.0539,0.1000,0.1367,0.0000,0.3739,0.8755,68,9,1,11,0
casual_2767,212.3430,60.2491,30.5808,12.6337,4.4162,41,0.0028,223.6924,546.3817,0.3390,0.0010,2.0139,0.4382,0.0834,0.7855,0.2138,0.4505,0.2848,0.0000,1.8915,0.8017,153,43,4,8,0
esport_0078,249.8103,120.2866,35.3546,6.1819,4.1227,59,0.0328,456.9973,582.5319,0.4902,0.0033,3.4641,0.0800,0.0318,0.4176,0.2030,2.7392,0.6256,0.0000,5.8034,4.7355,169,105,22,3,0
skilled_0295,161.1685,81.5869,69.7074,8.3402,2.2512,4,0.0039,501.6746,601.9080,0.4279,0.0006,1.8220,0.2414,0.0448,0.1919,0.1722,1.2356,0.1834,0.0000,2.5954,1.0023,23,4,12,3,0
casual_2194,191.4211,118.0611,166.0252,15.8165,15.2624,12,0.0223,577.5720,578.6996,0.3873,0.0046,2.2762,0.3463,0.2210,0.6387,0.2798,1.1425,0.2193,0.0000,1.5622,1.4145,63,13,10,13,0
casual_2357,165.1784,86.8108,90.4017,35.1153,13.5860,13,0.0000,396.2343,608.9694,0.3491,0.0051,1.9757,0.5832,0.1251,0.3653,0.2023,1.1609,0.1530,0.0000,2.1527,0.8121,133,20,3,6,0
skilled_0425,247.6705,53.2709,71.9375,21.3699,3.7810,38,0.0196,376.0077,588.4199,0.6976,0.0080,1.5974,0.4104,0.0954,0.2979,0.1025,2.0661,0.3758,0.0000,0.2000,1.6629,129,48,17,4,0
skilled_0979,251.8839,88.2992,68.8987,1.0000,3.2235,67,0.0091,438.5915,603.4271,0.5454,0.0120,2.1378,0.3445,0.1101,0.2933,0.0781,1.0363,0.3112,0.0000,1.4617,1.3234,179,55,16,7,0
casual_0911,266.7119,73.0100,83.6129,11.7369,17.9575,12,0.0410,482.7235,523.7581,0.4516,0.0018,2.1583,0.8419,0.1258,0.6840,0.1183,0.9782,0.3365,0.0000,1.2703,0.9734,75,25,1,9,0
skilled_0145,169.6268,76.2867,70.8489,1.0000,8.2851,16,0.0231,387.1999,561.2026,0.3870,0.0036,2.8089,0.3658,0.0347,0.8816,0.2107,1.5751,0.4605,0.0000,0.2000,1.0510,73,33,13,0,0
casual_0999,105.8420,82.2958,105.7775,15.6563,11.8250,14,0.0020,438.3145,571.5831,0.3948,0.0115,1.2915,0.2956,0.1704,0.7382,0.0874,0.6791,0.3194,0.0000,0.5857,0.0500,50,15,4,3,0
skilled_0653,43.6111,86.2796,150.2971,2.0825,5.1037,33,0.0138,346.8901,550.8911,0.4649,0.0227,2.3203,0.5069,0.0850,0.1678,0.0572,0.7230,0.1566,0.0000,3.2549,1.7131,135,21,18,0,0
casual_2483,121.3425,91.4321,146.8215,2.0000,12.8658,22,0.0189,358.5282,619.3982,0.4892,0.0203,2.5751,0.5119,0.1802,0.5441,0.1059,0.3473,0.2353,0.0000,1.3445,0.1592,87,20,4,8,0
skilled_1076,173.5839,119.1333,100.5843,6.1527,8.5681,21,0.0000,310.6058,576.9254,0.5116,0.0049,2.3543,0.1761,0.0948,0.7124,0.1679,0.9903,0.1884,0.0000,1.8959,1.4590,85,16,13,8,0
casual_2370,154.8015,111.7043,115.7298,2.0000,1.2433,6,0.0064,357.3776,572.1214,0.1177,0.0098,3.1345,0.3046,0.0788,0.5177,0.0300,1.3560,0.2087,0.0000,0.9108,0.5269,57,11,2,6,0
aimbot_0088,117.1987,152.4029,8.1980,2.2674,1.1947,57,0.0794,344.7061,597.0100,0.4269,0.0010,2.4954,0.0471,0.0103,0.5394,0.0379,1.5620,0.8428,0.0000,6.9967,11.1606,86,72,17,3,1
casual_0033,130.0241,119.3467,60.0927,14.9816,15.8983,11,0.0000,317.6476,561.5095,0.3004,0.0090,2.9141,0.6610,0.1865,0.9699,0.2032,0.9807,0.2309,0.0000,0.8496,1.4237,52,12,1,1,0
skilled_0789,54.2882,86.1728,75.4318,6.4542,10.8288,32,0.0129,472.9648,581.1801,0.3951,0.0147,2.4511,0.3089,0.0917,0.4010,0.1057,1.4509,0.3396,0.0000,2.6509,1.4350,101,34,19,5,0
casual_1020,270.9717,55.7294,135.3190,27.1958,15.2216,29,0.0064,239.3543,460.9722,0.1758,0.0016,2.0164,0.3056,0.0583,0.6548,0.1114,0.8045,0.3169,0.0000,1.1724,0.4422,177,56,8,10,0
casual_1647,244.9363,57.6416,154.2768,23.2281,15.6759,22,0.0058,411.6960,493.7074,0.2735,0.0044,2.1604,0.6454,0.1316,0.7357,0.3120,0.7604,0.1746,0.0000,1.4010,1.6908,116,20,6,3,0
casual_0733,133.8162,70.3343,79.0807,11.0289,8.9323,11,0.0219,360.2541,620.0000,0.5412,0.0127,2.9733,0.4913,0.0611,0.3680,0.1015,0.9459,0.1874,0.0000,1.1043,0.9889,65,12,6,5,0
esport_0332,68.8326,138.3232,65.4022,6.4638,3.8843,22,0.0391,297.7063,625.0000,0.4646,0.0057,3.2313,0.1559,0.0754,0.4780,0.2373,1.0933,0.5412,0.0000,4.1422,6.6770,68,36,6,3,0
skilled_0274,102.5830,109.2848,92.1474,12.0695,11.2020,41,0.0147,338.2794,566.6194,0.3852,0.0044,2.8622,0.2495,0.1097,0.7383,0.2328,1.8366,0.3089,0.0000,1.6522,1.4755,114,35,4,11,0
casual_1620,86.1595,82.5423,133.5111,25.1107,6.1892,38,0.0373,451.8282,620.0000,0.5373,0.0020,2.5748,0.5448,0.2755,0.3591,0.2398,1.0971,0.0200,0.0000,0.8177,1.6496,124,2,10,8,0
skilled_0135,114.0976,72.8901,83.3717,12.8897,9.3795,49,0.0279,482.6858,600.2824,0.2510,0.0020,2.3943,0.2180,0.1454,0.5322,0.1864,0.7051,0.5194,0.0000,2.3325,1.6659,194,100,19,0,0
casual_2689,168.0088,93.1909,90.6146,6.1280,6.6923,0,0.0172,322.2946,620.0000,0.2745,0.0031,2.2981,0.5929,0.0400,0.9051,0.2497,1.0218,0.4716,0.0000,1.0558,0.8199,20,9,1,17,0
casual_2707,92.0860,55.5913,144.0153,21.8192,22.5854,10,0.0184,466.0512,596.1485,0.1782,0.0034,2.8596,0.5081,0.1772,0.3327,0.3134,0.5099,0.1978,0.0000,1.7626,0.2655,127,25,6,17,0
casual_0297,246.5470,54.2893,100.5143,21.8923,9.5386,45,0.0000,226.3253,592.1813,0.2614,0.0181,2.4136,0.5714,0.3416,0.4765,0.1159,0.7138,0.3426,0.0000,1.2457,1.0020,173,59,9,15,0
casual_2339,48.6678,48.3239,237.6789,11.9037,3.4156,5,0.0241,552.9274,579.8926,0.5072,0.0196,2.0976,0.5801,0.2480,1.3318,0.1938,1.3407,0.2515,0.0000,0.7294,0.7611,28,7,2,16,0
casual_0653,94.1678,34.1723,142.2285,27.6467,8.3083,23,0.0036,280.7336,607.7957,0.5976,0.0034,2.7769,0.7684,0.0619,1.2865,0.0466,1.6890,0.1976,0.0000,0.8778,0.6963,81,16,8,7,0
skilled_0774,239.4968,136.0054,121.0421,2.9059,8.7497,39,0.0191,326.2198,620.0000,0.7196,0.0315,3.0678,0.3775,0.0948,0.8490,0.1853,1.3888,0.2917,0.0000,3.2044,0.1000,125,36,7,13,0
casual_1255,260.1432,44.5349,54.6844,17.2922,9.9323,19,0.0048,433.6292,587.3777,0.4921,0.0013,2.1961,0.3698,0.1533,0.7496,0.2529,1.2720,0.2137,0.0000,1.3072,0.5108,101,21,6,4,0
esport_0270,248.0890,180.1699,68.0919,8.0107,4.5299,63,0.0369,486.7888,606.8766,0.6062,0.0191,2.5768,0.1346,0.0800,0.4999,0.1484,1.5087,0.3695,0.0000,6.6068,5.3792,186,68,28,6,0
casual_0230,67.8917,93.6815,76.1291,15.3625,8.8475,2,0.0153,408.8647,576.5202,0.4466,0.0056,2.5241,0.6846,0.1815,0.5593,0.0955,1.0048,0.1975,0.0000,2.1406,0.0500,10,1,9,15,0
skilled_0276,260.8522,89.9427,77.0205,10.1031,9.2125,26,0.0205,407.6684,524.5254,0.2752,0.0208,3.3367,0.3605,0.0509,0.5472,0.1819,0.8652,0.3509,0.0000,1.4920,1.6570,82,28,16,11,0
skilled_0230,79.1516,132.2843,101.8913,2.9875,5.3841,15,0.0186,403.7463,620.0000,0.4640,0.0056,2.1498,0.2266,0.0922,0.7891,0.1575,1.2836,0.3789,0.0000,1.5972,1.7479,45,17,9,4,0
casual_0691,272.1891,67.7645,64.6238,17.1240,22.2929,17,0.0000,200.2966,620.0000,0.4684,0.0309,2.0100,0.6520,0.1974,0.6109,0.2749,0.3796,0.1377,0.0000,0.7502,0.4921,84,11,9,4,0
casual_2754,268.1610,117.9874,71.8964,20.5830,10.7650,10,0.0306,497.8556,620.0000,0.3471,0.0079,2.5548,0.4271,0.1139,0.9106,0.3409,1.1085,0.1286,0.0000,1.7710,0.0500,74,9,7,6,0
speed_0013,181.5759,95.6434,70.2317,1.8052,6.9952,49,0.0206,751.1949,1189.4697,0.4570,0.6067,3.0598,0.3124,0.0466,0.7394,0.0719,1.1447,0.3384,0.0000,1.4727,2.1206,175,59,10,5,1
casual_0969,86.0837,16.7190,63.3441,27.6856,16.5732,16,0.0066,400.2003,574.6644,0.5064,0.0115,2.0482,0.6488,0.1232,0.6299,0.1721,0.6613,0.3218,0.0000,0.9742,0.0500,67,21,7,12,0
casual_0633,130.6296,95.1072,158.5033,2.0000,3.3520,15,0.0045,444.0766,502.9691,0.2205,0.0017,2.2312,0.8254,0.0847,0.3188,0.3026,1.2486,0.2479,0.0000,1.3292,1.0455,146,36,2,4,0
skilled_1092,235.7065,69.6395,127.7738,11.6071,9.7739,29,0.0008,415.2160,581.7794,0.4390,0.0028,3.0675,0.5032,0.0634,0.2352,0.2424,0.9104,0.4746,0.0000,2.4504,2.5846,155,73,8,13,0
skilled_1077,94.6025,77.5456,79.8511,16.5989,8.0440,52,0.0153,440.9740,618.5168,0.4366,0.0090,2.0828,0.4000,0.1074,0.3722,0.1610,0.2000,0.3126,0.0000,2.4300,1.1047,144,45,16,7,0
casual_1321,155.7545,42.3313,105.1045,23.1704,14.1202,22,0.0270,338.4642,620.0000,0.3841,0.0038,3.0502,0.7343,0.0891,1.0232,0.1795,1.0723,0.2978,0.0000,2.3715,0.8679,111,33,3,15,0
casual_1831,289.7940,112.1986,170.8667,22.9863,16.6737,31,0.0147,401.2884,518.9422,0.2707,0.0080,1.1817,0.4744,0.1100,1.1569,0.1833,1.1814,0.1095,0.0000,0.3634,1.5566,177,19,3,7,0
casual_2178,99.3149,61.7762,136.7255,17.7119,15.5492,14,0.0336,411.1309,532.3384,0.3843,0.0032,2.7894,0.3743,0.2649,0.2119,0.3797,0.9817,0.0278,0.0000,1.2576,0.6809,90,2,3,3,0
casual_1417,176.7438,63.0129,168.5398,10.8746,17.7161,32,0.0011,344.4042,503.4326,0.2507,0.0041,1.7993,0.5148,0.0874,0.6899,0.3340,0.7924,0.2120,0.0000,0.4038,1.2737,91,19,10,8,0
casual_1782,100.3900,127.2749,42.1436,19.4316,9.0383,17,0.0000,332.2968,605.4292,0.0591,0.0166,1.8172,0.6167,0.1277,0.4907,0.1845,1.0410,0.1428,0.0000,1.8101,0.6881,97,13,1,2,0
esport_0465,132.4845,152.5354,57.8611,6.3031,4.3325,66,0.0609,371.3986,596.2697,0.5802,0.0033,2.2890,0.1786,0.0200,0.2567,0.0300,2.2379,0.5250,0.0000,3.9623,4.2882,185,97,15,3,0
esport_0451,166.0279,158.2343,67.9226,7.2397,4.1370,71,0.0419,413.0812,593.8322,0.2696,0.0329,2.8083,0.1934,0.0476,0.3244,0.1675,2.2966,0.7566,0.0000,3.0493,5.9042,198,149,9,2,0
skilled_1118,268.9177,122.8917,94.4571,8.0978,6.9022,51,0.0406,417.6019,549.4738,0.5187,0.0053,2.5175,0.3762,0.1336,0.5924,0.2615,1.0198,0.5098,0.0000,2.1982,1.3641,141,71,12,5,0
casual_1652,98.7767,86.3665,77.1049,24.0953,3.1528,17,0.0034,383.4183,531.5297,0.0200,0.0035,3.2300,0.6042,0.1126,0.3481,0.4085,1.7015,0.1220,0.0000,1.0336,0.3174,63,7,9,11,0
casual_1483,91.5513,113.2599,88.5942,2.5398,5.6723,22,0.0089,423.2219,512.5768,0.4361,0.0083,1.8342,0.3521,0.1585,1.0332,0.0300,0.8792,0.1977,0.0000,0.4911,1.5559,156,30,3,17,0
casual_2275,39.8362,56.2134,54.1882,24.8764,10.5545,2,0.0272,199.2265,620.0000,0.2617,0.0323,2.0324,0.5158,0.1132,0.3700,0.2705,1.2943,0.1749,0.0000,2.2647,0.6839,75,13,11,10,0
casual_0877,116.1658,79.3639,117.4779,11.9485,10.1111,21,0.0112,370.2080,496.0665,0.2353,0.0028,3.2326,0.6168,0.0702,0.6958,0.1789,1.1678,0.1316,0.0000,1.2099,0.6115,154,20,4,10,0
skilled_0525,54.3718,117.8398,88.7456,5.5238,7.0062,29,0.0146,386.3597,515.0359,0.4853,0.0007,2.5074,0.3331,0.1265,0.6231,0.1607,0.6508,0.3766,0.0000,1.7758,1.2549,69,25,14,0,0
casual_2016,105.5018,99.5470,163.8883,18.6642,11.4263,23,0.0055,408.0980,591.2195,0.1168,0.0002,2.2645,0.2695,0.1095,0.3482,0.2167,1.3081,0.3403,0.0000,0.7770,0.3212,95,32,6,14,0
casual_0426,94.4093,75.7964,57.9688,13.4495,9.9366,43,0.0010,183.6960,542.5865,0.6277,0.0004,3.3872,0.7357,0.1176,0.6594,0.3399,1.3310,0.2585,0.0000,0.7803,1.1329,159,41,6,9,0
casual_0626,244.2942,41.0780,91.7118,2.0000,8.0427,35,0.0000,532.3840,620.0000,0.4515,0.0400,2.1534,0.6381,0.2236,0.5651,0.1109,0.6027,0.2233,0.0000,0.3578,0.8890,171,38,5,9,0
casual_1589,75.8460,65.1741,121.5592,21.3348,11.8545,19,0.0228,353.8360,548.5608,0.3745,0.0046,2.6224,0.7830,0.1531,0.8873,0.0300,0.7902,0.3175,0.0000,1.5642,1.1634,131,41,11,17,0
casual_2223,81.3122,47.3453,90.3156,7.1716,10.6969,2,0.0000,340.8373,531.8149,0.5384,0.0022,3.5000,0.2206,0.1531,0.4524,0.3247,0.9048,0.3677,0.0000,0.5554,0.9786,15,5,4,6,0
casual_2217,281.0007,126.9531,119.6129,9.8218,13.6935,9,0.0089,334.9493,533.7509,0.3499,0.0004,1.4306,0.2000,0.1759,0.1500,0.3415,0.8921,0.3493,0.0000,0.6882,0.8878,57,19,6,17,0
esport_0233,195.0680,122.1553,63.2718,7.4326,0.5301,50,0.0385,431.7782,623.1020,0.4659,0.0010,3.4166,0.2191,0.0522,0.3727,0.0445,1.2449,0.6282,0.0000,2.2924,3.0186,157,98,25,2,0
casual_1485,43.7250,82.8469,85.3067,2.0000,26.5818,15,0.0069,559.3549,579.1441,0.0200,0.0218,2.1985,0.7181,0.2373,0.4496,0.1981,0.3421,0.2750,0.0000,1.0019,0.6407,89,24,5,11,0
casual_1739,240.4029,89.5377,151.8039,6.5070,6.1439,42,0.0073,562.7956,411.3476,0.3096,0.0086,2.1051,0.6964,0.0756,0.6771,0.2614,1.3542,0.2031,0.0000,0.7337,1.1119,176,35,11,14,0
casual_2480,166.3914,102.4529,54.2602,10.1295,12.7872,28,0.0000,364.3645,489.9032,0.5539,0.0104,2.2167,0.6107,0.1464,0.6412,0.3274,0.4559,0.1068,0.0000,0.5997,0.2089,168,17,11,5,0
casual_2584,31.0514,119.8939,100.1643,23.1832,6.4058,32,0.0204,462.9109,446.8693,0.1662,0.0087,2.7256,0.2000,0.1738,0.4685,0.3342,1.7152,0.3763,0.0000,0.4309,0.3104,129,48,4,5,0
casual_2893,194.7783,103.7870,110.2084,29.2742,8.2985,4,0.0115,372.1432,620.0000,0.3642,0.0207,2.7196,0.5778,0.2147,0.7991,0.2688,0.9859,0.3690,0.0000,0.6826,0.5393,24,8,7,13,0
casual_0149,35.8353,78.0311,118.1062,15.4521,9.4976,4,0.0255,422.1937,547.5502,0.1885,0.0204,1.9311,0.3707,0.1664,0.5864,0.3291,1.2196,0.1872,0.0000,0.9082,1.4917,18,3,9,8,0
casual_0676,277.1307,68.6381,68.5781,16.4728,13.0338,15,0.0306,318.2553,620.0000,0.4575,0.0282,1.4794,0.7633,0.1648,0.3778,0.1034,0.9647,0.0712,0.0000,0.3696,1.0546,75,5,0,7,0
casual_1261,138.3415,114.7136,65.0542,11.1033,7.8419,18,0.0087,449.3020,620.0000,0.0853,0.0044,3.3791,0.7784,0.2101,0.7896,0.3164,0.2784,0.1527,0.0000,1.0096,1.1319,127,19,4,4,0
speed_0067,164.5113,112.9727,50.1971,17.8642,6.8435,26,0.0047,553.0101,774.4916,1.0529,0.5500,2.2972,0.2331,0.2048,0.6156,0.1903,0.5124,0.3043,0.0000,5.0310,2.3698,118,35,27,7,1
casual_0012,203.8436,77.9507,20.0000,33.7678,11.9312,46,0.0005,282.5825,533.8977,0.6001,0.0013,2.3133,0.5268,0.1734,0.5240,0.1700,1.3411,0.0956,0.0000,1.0755,1.2274,163,15,0,1,0
casual_1833,78.8388,35.3781,127.7032,21.1451,14.9622,35,0.0038,316.7227,510.9007,0.1464,0.0092,2.8943,0.3737,0.1277,0.9642,0.3415,0.7910,0.2034,0.0000,1.0496,1.6114,150,30,2,12,0
skilled_0248,157.2163,94.7278,15.0000,6.3047,12.4065,25,0.0203,437.4624,559.7458,0.3863,0.0013,2.4910,0.2014,0.1110,0.6381,0.1733,1.7613,0.3583,0.0000,3.1685,2.1058,70,25,4,1,0
casual_1491,251.9977,34.8639,110.3345,7.9773,16.8344,4,0.0128,485.2277,591.1756,0.0716,0.0005,3.1826,0.6118,0.1462,0.8386,0.2441,1.0453,0.2391,0.0000,0.4072,1.3788,17,4,9,11,0
casual_2727,66.8991,83.2607,81.5932,8.7018,14.6956,27,0.0286,377.8147,603.6928,0.3882,0.0130,2.9546,0.3596,0.0956,0.6312,0.2876,0.4998,0.3568,0.0000,2.1437,0.7920,128,45,6,11,0
skilled_0686,84.3486,101.7855,50.7082,10.6720,1.9610,18,0.0407,417.0606,570.7195,0.4736,0.0018,2.0674,0.4843,0.1291,0.2202,0.2532,1.3115,0.3231,0.0000,1.2305,1.3442,58,18,11,5,0
casual_1424,127.6317,57.3086,81.9491,17.1749,4.7475,9,0.0191,324.1544,618.4130,0.3553,0.0230,2.2617,0.3247,0.1866,0.9389,0.1724,0.7306,0.0375,0.0000,0.7830,1.1432,44,1,11,2,0
esport_0355,63.8207,99.5945,20.0473,2.6098,1.8576,71,0.0506,501.7571,604.2771,0.3669,0.0127,2.6070,0.1852,0.0446,0.6304,0.1833,0.8201,0.5598,0.0000,3.3378,5.3674,199,111,27,5,0
esport_0345,200.2626,155.1441,53.5614,2.4548,4.0466,61,0.0614,368.4095,619.4643,0.2563,0.0069,2.4567,0.2222,0.0791,0.3430,0.0745,2.7062,0.4397,0.0000,3.7208,4.8886,162,71,22,0,0
casual_0731,43.7593,64.0905,64.0526,13.0760,10.2784,32,0.0183,386.3919,579.9086,0.2380,0.0113,1.9461,0.7403,0.1814,1.0121,0.2295,1.1994,0.1275,0.0000,0.8826,0.4018,89,11,10,2,0
casual_1231,188.1583,62.1052,101.0654,25.4484,12.5073,25,0.0212,321.9641,600.1355,0.5663,0.0024,2.2162,0.5502,0.1516,0.3480,0.1935,1.3045,0.0282,0.0000,1.0185,0.8262,142,4,9,14,0
casual_1634,295.4065,76.2612,113.3111,33.6829,12.2486,28,0.0120,517.9245,538.8207,0.2719,0.0088,2.5979,0.7038,0.1936,0.2268,0.2987,0.4607,0.3449,0.0000,0.9984,1.0091,119,41,1,9,0
skilled_0936,175.4916,41.2441,131.1340,8.1650,11.6256,44,0.0147,334.0820,522.2893,0.4022,0.0031,2.7838,0.2829,0.0995,0.5035,0.1466,0.9767,0.4517,0.0000,2.5438,0.6226,146,65,3,13,0
casual_1210,234.6358,56.6781,145.4531,14.0219,10.2720,31,0.0097,506.6260,537.6291,0.4277,0.0031,2.3228,0.8233,0.1767,0.7154,0.2440,1.3107,0.1836,0.0000,1.3453,1.6889,111,20,1,10,0
skilled_0268,202.8615,62.2230,61.4428,10.0234,5.8508,36,0.0370,449.4936,575.9219,0.4675,0.0003,2.5688,0.3197,0.1647,0.5183,0.1485,1.4150,0.3959,0.0000,1.1154,0.9358,111,43,9,10,0
casual_1934,222.1606,58.3591,60.6742,2.0000,2.1951,42,0.0147,222.2093,595.9499,0.5598,0.0032,2.3379,0.3508,0.2367,0.7626,0.1654,0.2211,0.2132,0.0000,1.4670,0.9469,147,31,6,10,0
casual_0553,274.9180,95.6518,96.5826,9.4190,17.5886,13,0.0312,438.6359,603.7678,0.4304,0.0028,2.6502,0.3072,0.1593,1.0019,0.2400,0.9894,0.2999,0.0000,1.0712,1.5428,69,20,3,4,0
casual_0491,204.9461,168.5057,97.5507,7.4851,13.0803,10,0.0081,270.1808,577.3340,0.3720,0.0032,2.1675,0.8150,0.1477,0.8033,0.2486,1.0168,0.2194,0.0000,1.4604,0.8615,65,14,3,1,0
casual_2962,57.2056,62.4157,163.4663,15.6466,20.6938,38,0.0091,400.8954,567.8704,0.4424,0.0046,2.5028,0.6183,0.1329,0.3684,0.1591,1.1689,0.2880,0.0000,0.7397,0.5743,125,36,2,2,0
casual_2329,164.4595,87.3998,97.7119,20.0318,10.0606,8,0.0312,222.1337,598.0504,0.0678,0.0033,2.1376,0.5350,0.0400,0.7982,0.2591,0.5730,0.1939,0.0000,1.0814,1.1113,43,8,5,7,0
casual_2195,250.2933,79.2199,143.0045,22.2091,15.5221,24,0.0236,471.9856,544.4008,0.4124,0.0086,2.5046,0.6175,0.2321,0.5411,0.2200,0.7129,0.2167,0.0000,0.1076,1.4270,95,20,1,13,0
skilled_0064,218.3024,67.2005,44.6897,10.9443,5.5233,28,0.0003,374.6761,569.7227,0.3169,0.0144,2.5573,0.2209,0.0578,0.6252,0.1755,0.9430,0.6094,0.0000,2.0797,2.1083,93,56,6,7,0
casual_0657,110.7148,68.2643,119.1585,12.0362,10.0798,36,0.0000,465.9901,544.8642,0.1509,0.0062,2.7467,0.6274,0.1630,0.9678,0.1868,0.7182,0.2503,0.0000,1.1442,0.1772,147,36,7,12,0
casual_2374,128.5628,59.1080,131.4046,12.9704,17.3455,6,0.0205,293.6554,498.4924,0.4381,0.0082,2.2934,0.6314,0.0733,0.4157,0.4459,0.7114,0.2424,0.0000,0.1447,0.8014,37,8,6,13,0
casual_2225,98.3931,48.1558,101.7685,37.9008,17.0354,18,0.0091,114.2214,595.1206,0.2133,0.0310,1.9165,0.4029,0.0984,0.3792,0.1616,1.6719,0.1176,0.0000,1.2944,0.2222,116,13,10,5,0
esport_0014,205.9089,143.5323,50.6936,9.1732,3.9471,59,0.0357,445.8141,625.0000,0.5394,0.0128,2.5793,0.1539,0.0411,0.4751,0.0763,2.1232,0.5053,0.0000,3.3394,4.1239,181,91,9,8,0
casual_1170,136.5100,134.7644,151.5762,2.5242,12.1715,26,0.0038,590.5148,473.4704,0.5679,0.0087,3.4027,0.6406,0.2011,0.2273,0.1936,0.9728,0.1693,0.0000,1.0536,0.0500,140,23,4,5,0
casual_0132,186.8865,70.1447,117.6875,26.2627,18.7461,23,0.0288,422.9446,519.2077,0.2751,0.0094,2.4866,0.3892,0.1197,0.7632,0.0865,0.7081,0.2027,0.0000,1.4726,0.2267,116,23,2,3,0
casual_0471,158.0256,16.9508,90.9390,6.0373,12.6705,10,0.0224,356.8095,528.7750,0.3120,0.0049,2.2123,0.4075,0.1891,0.5878,0.3371,1.1097,0.1857,0.0000,1.8007,0.2980,87,16,2,17,0
skilled_0225,47.3045,99.1062,134.0947,13.1147,4.5572,22,0.0029,390.8123,611.8855,0.2348,0.0133,2.6310,0.4535,0.1569,0.9447,0.0946,1.2606,0.4446,0.0000,2.9581,1.1978,115,51,12,8,0
casual_1405,107.2328,71.0164,75.7501,17.2573,15.7916,35,0.0000,390.5823,547.7117,0.2280,0.0266,2.5463,0.6720,0.1789,0.7179,0.2826,1.1650,0.1012,0.0000,0.7399,1.4412,172,17,9,11,0
casual_2876,104.1340,34.6139,124.3299,18.0307,13.5711,19,0.0283,366.4008,620.0000,0.3366,0.0123,2.3341,0.6732,0.0901,0.5578,0.2427,1.6388,0.2631,0.0000,0.4555,0.7103,83,21,9,4,0
esport_0254,189.7428,138.9242,45.5393,7.8068,2.0670,57,0.0377,390.2874,598.9050,0.3628,0.0410,2.3311,0.2955,0.0501,0.4078,0.1130,1.1068,0.5094,0.0000,4.9171,4.9858,181,92,24,5,0
esport_0442,231.5320,94.9704,79.4858,0.5000,3.2175,22,0.0063,448.6431,620.6350,0.4962,0.0162,2.9604,0.2231,0.0781,0.1565,0.1361,1.8592,0.3129,0.0000,3.4456,4.6801,76,23,14,8,0
casual_2826,155.6074,10.0000,65.4948,27.8757,13.7721,2,0.0019,463.1874,515.4354,0.2056,0.0074,3.0765,0.6697,0.2107,0.3783,0.0300,0.5744,0.2764,0.0000,0.6941,0.4022,20,5,2,1,0
casual_0287,130.8758,119.9445,174.2578,14.3157,12.5146,18,0.0000,390.4638,620.0000,0.2758,0.0015,2.8746,0.4150,0.1500,0.9437,0.2504,0.5285,0.1244,0.0000,0.3713,0.3655,106,13,9,12,0
casual_1869,254.8660,69.4983,92.6939,13.3394,15.0254,6,0.0158,487.5244,511.4072,0.3554,0.0013,2.1775,0.7275,0.1216,0.7921,0.1277,0.6333,0.2414,0.0000,1.6528,0.5831,60,14,7,10,0
skilled_0114,204.3813,123.9346,82.3757,5.5169,8.9347,39,0.0367,355.2961,584.3921,0.2983,0.0022,2.2196,0.3685,0.0636,0.4445,0.1793,1.5343,0.1160,0.0000,1.7982,2.3006,143,16,7,2,0
skilled_0625,110.7798,51.4427,99.9922,9.4915,6.8943,16,0.0256,382.3180,611.8279,0.0929,0.0026,2.6673,0.3235,0.0647,0.4263,0.1649,1.1533,0.2729,0.0000,2.7706,1.8568,77,21,13,8,0
casual_2312,133.8645,74.9189,79.4166,2.0000,14.7267,8,0.0024,499.7290,613.4004,0.7208,0.0003,1.0629,0.8430,0.1744,0.7427,0.3844,1.2285,0.2675,0.0000,1.3004,1.3762,41,10,4,12,0
speed_0073,197.6449,177.5175,28.4387,1.0000,11.8972,18,0.0286,565.5557,1208.8862,1.0545,0.3968,2.8294,0.1400,0.2381,0.7493,0.1256,1.7193,0.4176,0.0000,5.1800,1.4742,132,55,14,2,1
casual_1618,298.4010,46.2861,134.2499,22.9075,25.0832,19,0.0198,311.7224,565.8835,0.3638,0.0013,1.7002,0.6004,0.1736,0.2763,0.3430,0.6495,0.2854,0.0000,0.1533,0.0500,130,37,3,7,0
casual_0994,279.4215,20.2383,88.5000,29.5125,2.2150,15,0.0190,186.3914,559.6399,0.4998,0.0035,2.8112,0.5465,0.1314,0.8195,0.2324,1.2353,0.1999,0.0000,0.4988,1.2815,74,14,2,10,0
casual_1803,217.2559,42.6600,153.9218,19.3491,4.5057,24,0.0264,313.8630,549.6741,0.2199,0.0104,2.0562,0.5643,0.2460,0.6417,0.3736,0.4123,0.0200,0.0000,1.2266,0.7475,146,2,3,15,0
casual_2642,185.2146,67.1093,120.9510,19.8323,22.6850,3,0.0127,376.4310,533.3241,0.3878,0.0056,2.2816,0.4203,0.0400,0.5290,0.2108,1.1186,0.4035,0.0000,1.5842,1.3431,11,4,1,17,0
aimbot_0052,64.0156,125.8608,14.5856,1.9146,0.5089,61,0.0542,394.9459,551.1737,0.7028,0.0061,2.0099,0.0501,0.0040,0.3112,0.0646,2.6169,0.7430,0.0000,5.7306,3.2398,94,69,19,2,1
skilled_0535,248.2645,55.5483,36.3028,5.6777,7.9639,49,0.0158,513.3852,590.2984,0.7160,0.0066,2.3859,0.1200,0.1007,0.3924,0.2298,1.2384,0.3157,0.0000,1.8946,1.9501,196,61,18,6,0
aimbot_0081,62.3290,130.0737,3.0000,0.0000,1.2554,44,0.0528,410.0464,548.9167,0.4604,0.0084,2.5182,0.0460,0.0090,0.4127,0.0615,2.0119,0.7483,0.0000,5.2855,8.7990,67,50,35,2,1
skilled_0911,46.5661,95.4477,99.2169,15.1788,7.8920,18,0.0225,538.4852,555.6494,0.3593,0.0071,2.4835,0.2418,0.1287,0.3914,0.1445,0.6310,0.4802,0.0000,1.9912,1.8211,73,35,4,12,0
casual_2107,298.0581,70.1936,76.2958,8.4700,9.0316,23,0.0186,359.8671,580.2259,0.1194,0.0116,2.3069,0.4443,0.1070,0.3451,0.3811,0.4896,0.2055,0.0000,1.4374,0.5278,114,23,5,8,0
skilled_0044,209.5276,126.5281,44.4572,15.4894,4.3478,29,0.0316,493.1773,526.7773,0.3578,0.0138,1.8319,0.2506,0.0559,0.6860,0.1441,2.1359,0.4481,0.0000,2.5707,1.6834,98,43,2,4,0
casual_0416,68.6159,37.9033,100.4466,12.4985,3.6936,29,0.0462,414.2943,556.9502,0.5384,0.0110,1.8499,0.7054,0.1421,0.5194,0.1483,0.8067,0.1471,0.0000,2.0711,1.1439,159,23,11,10,0
casual_0977,138.1218,117.3408,131.5213,14.5126,5.8064,11,0.0305,600.0000,531.6724,0.2917,0.0044,3.0834,0.5987,0.0400,0.6310,0.1746,1.5616,0.1568,0.0000,0.5274,1.2900,56,8,10,4,0
casual_2417,172.4618,50.2319,111.9178,15.4143,8.7672,22,0.0098,426.8099,506.6880,0.3827,0.0080,1.9645,0.5637,0.1415,0.7680,0.0538,1.1215,0.2707,0.0000,0.6924,0.7629,96,25,6,2,0
casual_0505,245.9650,60.0565,139.1803,26.9355,8.5979,4,0.0125,415.5687,608.9920,0.1676,0.0037,2.4728,0.2636,0.1685,0.1500,0.4145,0.5892,0.1102,0.0000,0.6548,0.6318,125,13,3,16,0
skilled_1152,97.2140,69.8563,63.8868,4.7242,5.8758,29,0.0159,396.4456,620.0000,0.6808,0.0016,3.5000,0.3906,0.0710,0.4950,0.2017,1.5286,0.3442,0.0000,1.8461,1.0310,102,35,3,11,0
esport_0005,60.6855,141.5134,49.6104,3.4107,11.7362,41,0.0244,498.2579,606.8332,0.7280,0.0075,3.0001,0.2521,0.0571,0.2817,0.1091,1.8693,0.7121,0.0000,4.7252,3.5633,118,84,5,6,0
skilled_0941,216.2267,116.3077,142.7765,13.0762,7.8365,45,0.0343,497.9064,597.7823,0.8442,0.0064,2.6315,0.1200,0.1039,0.7682,0.0630,1.8477,0.5010,0.0000,2.5431,2.0951,150,75,2,0,0
casual_0414,37.8299,76.2157,88.2535,18.0639,14.8363,11,0.0182,394.5637,548.2385,0.2164,0.0366,1.5732,0.6332,0.1697,0.7024,0.2771,0.9526,0.2420,0.0000,0.0000,1.1061,67,16,4,6,0
skilled_1148,243.6522,102.7329,100.1647,8.7749,4.6922,29,0.0125,440.8052,568.0357,0.3608,0.0014,2.2738,0.3102,0.0440,0.4543,0.1361,1.8644,0.3300,0.0000,2.8752,1.8553,137,45,13,0,0
casual_1183,77.5987,109.4430,109.7203,25.4166,18.1142,12,0.0131,243.2552,435.9797,0.6113,0.0038,1.8670,0.2172,0.2159,0.6768,0.3255,0.5393,0.2876,0.0000,0.4929,1.0768,85,24,4,17,0
casual_0485,142.9680,74.7811,194.5365,24.3928,11.7684,13,0.0112,435.7447,591.9265,0.3345,0.0002,3.1200,0.3192,0.1841,0.3937,0.0662,1.1836,0.2289,0.0000,0.7916,0.8954,100,22,5,3,0
casual_0893,56.7096,99.8984,20.0000,5.8878,1.0000,21,0.0087,579.4356,497.4191,0.3652,0.0055,3.4013,0.4623,0.2478,1.2204,0.3173,0.6542,0.3154,0.0000,1.0714,0.7008,79,24,0,6,0
casual_0805,68.8040,46.4460,70.3052,13.5498,22.4241,32,0.0062,454.9036,572.7631,0.5744,0.0113,2.9184,0.4435,0.0695,0.6109,0.2731,0.6952,0.1551,0.0000,0.4989,1.6317,149,23,0,8,0
casual_0555,92.8701,73.1328,61.6022,21.3318,5.5743,10,0.0328,462.3813,505.9515,0.4233,0.0053,3.1110,0.6512,0.2272,0.6619,0.2303,1.0919,0.0200,0.0000,1.6983,1.0736,41,0,2,16,0
skilled_0825,156.9340,91.7087,83.4872,1.0000,3.9454,41,0.0247,526.7479,607.8505,0.1938,0.0431,2.9761,0.3270,0.0564,0.6653,0.2195,1.5471,0.2995,0.0000,2.0670,1.2558,176,52,6,10,0
casual_1197,207.1399,105.6012,100.9413,22.7682,12.3126,33,0.0133,76.0612,506.0404,0.3106,0.0038,1.8982,0.2822,0.1415,0.4906,0.1860,1.6250,0.3259,0.0000,1.5638,0.0500,149,48,3,9,0
esport_0003,159.7085,142.9502,33.9350,0.5000,4.3016,11,0.0198,494.9652,586.8850,0.4489,0.0160,2.2836,0.2286,0.0628,0.5860,0.1629,1.6630,0.6446,0.0000,5.1791,3.4658,30,19,12,1,0
skilled_1058,222.7621,101.4230,82.4490,3.6586,7.7340,37,0.0227,544.8743,611.5383,0.3425,0.0295,2.1928,0.3407,0.0909,0.2001,0.1159,1.5204,0.5180,0.0000,2.8969,0.7237,130,67,9,8,0
casual_1293,116.5932,83.9032,36.8663,18.2420,1.0000,37,0.0158,475.6085,454.5721,0.4502,0.0119,1.6053,0.3264,0.2380,0.3814,0.2727,0.8600,0.1894,0.0000,1.0605,1.6027,147,27,7,12,0
casual_2221,152.1616,93.1517,117.4866,3.5632,10.5443,13,0.0177,395.0445,588.1275,0.4071,0.0114,1.7616,0.8116,0.2404,0.8849,0.0733,1.2140,0.0200,0.0000,0.6768,0.5077,87,1,9,11,0
skilled_0504,41.7111,140.6065,71.5610,8.8943,1.0000,35,0.0146,421.0260,568.1419,0.3324,0.0174,2.2632,0.3503,0.1094,0.2596,0.2171,1.1684,0.3988,0.0000,1.9109,2.0052,115,45,2,6,0
skilled_0654,56.8717,107.2510,111.4236,7.2194,3.5329,40,0.0124,358.8004,570.0030,0.5863,0.0090,2.9520,0.3905,0.0736,0.8110,0.1576,1.3635,0.4422,0.0000,4.4901,1.9583,123,54,7,2,0
aimbot_0008,187.5162,159.9703,21.2639,1.5885,1.2475,26,0.0620,376.3401,517.0656,0.5778,0.0028,3.1506,0.0518,0.0066,0.3611,0.0405,1.8861,0.8358,0.0000,6.4006,10.9996,43,35,35,4,1
skilled_0006,33.7442,77.4631,36.8822,1.0000,7.1467,53,0.0282,453.5548,595.7932,0.3189,0.0226,2.6014,0.3182,0.1043,0.4362,0.1508,1.2602,0.2188,0.0000,3.1227,0.7879,157,34,5,1,0
casual_2093,87.7343,65.7731,147.2476,30.8144,26.8764,9,0.0000,481.8872,605.1368,0.5528,0.0112,2.0392,0.3294,0.1513,0.3792,0.2998,0.8492,0.1532,0.0000,1.4558,0.0500,45,6,9,17,0
casual_2187,187.7238,75.9934,112.6260,9.9029,4.0716,47,0.0080,400.2080,609.4929,0.5257,0.0089,2.6682,0.2077,0.1056,0.9916,0.3396,1.1317,0.2376,0.0000,1.9483,0.7876,160,38,10,2,0
skilled_0036,174.0089,94.6492,92.1203,6.3730,4.6366,64,0.0113,468.1812,563.6110,0.5813,0.0074,2.3394,0.4157,0.0898,0.5833,0.1834,1.2707,0.3271,0.0000,0.8263,1.9630,194,63,8,7,0
skilled_0918,116.4222,57.8791,15.0000,12.2293,8.3122,20,0.0198,428.0392,603.6519,0.1743,0.0019,3.0138,0.3200,0.1617,0.8058,0.0956,1.5222,0.3699,0.0000,3.0078,2.7542,100,36,16,3,0
casual_1272,137.3318,60.9939,59.2515,10.7811,18.1956,1,0.0341,488.7255,540.8696,0.3537,0.0002,2.3265,0.7208,0.1263,0.7353,0.3335,0.7309,0.2918,0.0000,1.2846,0.9765,11,3,8,15,0
casual_0290,255.0338,10.0000,137.9364,9.7186,8.3411,25,0.0000,333.5633,526.2330,0.4885,0.0057,2.6658,0.5306,0.1099,0.5546,0.1764,0.8923,0.2124,0.0000,1.6927,0.9347,117,24,9,4,0
aimbot_0077,66.6349,151.1333,14.4722,4.0360,1.1694,79,0.0484,460.5268,537.9245,0.3836,0.0234,1.8919,0.0866,0.0090,0.2906,0.0613,1.9248,0.8281,0.0000,5.8564,3.9679,105,86,22,0,1
casual_0252,152.5522,22.1220,27.4273,9.9916,15.6980,28,0.0074,345.2270,582.5543,0.0941,0.0011,2.4085,0.3561,0.2424,1.0718,0.1632,1.3098,0.1396,0.0000,1.5880,0.2990,109,15,3,11,0
skilled_0245,111.5990,79.5302,98.2145,15.3607,5.0355,32,0.0177,443.5495,537.8188,0.4801,0.0113,2.1130,0.4102,0.0930,0.3337,0.1507,0.9630,0.3043,0.0000,2.4146,1.7389,121,36,3,0,0
casual_0350,196.3647,115.6580,42.2699,2.0010,22.3830,17,0.0114,386.9799,599.1330,0.0200,0.0123,1.5526,0.6856,0.0886,0.5010,0.2001,1.0664,0.1113,0.0000,1.8697,0.7405,77,8,8,10,0
casual_1187,297.4049,47.4041,130.3646,8.9099,15.1408,13,0.0000,313.9309,585.5896,0.0284,0.0015,2.6404,0.5144,0.1459,0.6002,0.2664,0.6484,0.1131,0.0000,1.1855,0.4514,117,13,3,13,0
casual_1961,142.6585,40.0808,182.5185,18.0799,19.6278,18,0.0234,474.7409,532.0486,0.2539,0.0289,2.4371,0.4306,0.0769,0.6644,0.2522,1.2641,0.1951,0.0000,1.4329,0.8299,111,21,9,3,0
casual_0422,31.4661,10.0000,90.5566,14.0691,13.1102,4,0.0055,418.6388,589.5309,0.2055,0.0090,2.1564,0.9439,0.1013,0.1580,0.2739,0.5569,0.3402,0.0000,0.8601,0.6863,55,18,0,7,0
casual_0090,71.1243,43.3231,130.6793,21.9496,18.4009,10,0.0124,444.3732,600.9637,0.4904,0.0109,2.7741,0.4149,0.2431,0.1500,0.1164,0.9947,0.1596,0.0000,1.3508,1.5375,58,9,6,13,0
skilled_0729,270.7988,67.4919,88.7502,12.9481,8.2033,19,0.0029,459.1679,620.0000,0.2578,0.0078,2.6601,0.2787,0.1356,0.2969,0.1298,1.4669,0.3694,0.0000,0.4676,1.9836,74,27,4,3,0
casual_2236,66.8470,148.1125,79.4224,15.2310,5.7171,13,0.0117,447.0878,620.0000,0.4115,0.0005,1.8218,0.6631,0.2308,0.4584,0.4000,1.1553,0.0971,0.0000,0.7908,0.8890,93,9,9,14,0
casual_0670,66.9417,121.0360,111.1450,18.9740,16.7936,3,0.0298,445.5028,620.0000,0.2259,0.0067,2.7627,0.5825,0.1648,0.7571,0.2181,1.1920,0.2392,0.0000,1.0462,0.2728,16,3,7,7,0
skilled_0040,115.5508,65.3620,94.0079,15.3152,8.1285,47,0.0393,587.5574,567.2416,0.3014,0.0042,2.5699,0.4257,0.0641,0.3391,0.1659,1.6887,0.4247,0.0000,0.4018,1.6577,118,50,11,5,0
casual_0026,156.0147,138.2830,162.0819,6.4334,12.9350,22,0.0081,406.5355,561.7980,0.3288,0.0050,3.4947,0.5589,0.2103,0.5141,0.2819,0.7023,0.3324,0.0000,1.6107,0.4436,85,28,4,16,0
casual_0429,246.2602,77.5428,87.0654,44.6318,1.0000,18,0.0134,314.2665,478.0537,0.0200,0.0117,2.3320,0.2493,0.1014,0.4843,0.0886,0.9678,0.2256,0.0000,1.5997,0.8357,108,24,1,16,0
casual_0683,152.3856,111.7058,104.0765,23.5787,21.7364,12,0.0041,499.1865,620.0000,0.4059,0.0040,1.8167,0.7110,0.1529,0.6260,0.1143,1.0547,0.2060,0.0000,0.5645,0.0500,69,14,5,6,0
esport_0213,273.1721,150.7342,72.0882,1.2043,5.9626,36,0.0716,332.9223,622.0736,0.3816,0.0083,2.2230,0.1573,0.0830,0.4772,0.1212,1.4447,0.6679,0.0000,4.0008,5.5204,122,81,19,6,0
skilled_0945,236.2696,90.9940,67.7854,8.3311,6.8736,31,0.0457,434.8320,584.9186,0.3801,0.0047,2.7365,0.3448,0.0300,0.5632,0.1276,1.3774,0.3690,0.0000,1.6777,1.9074,126,46,14,10,0
skilled_0523,277.9131,109.5040,84.3099,12.0264,9.1027,39,0.0178,420.6463,549.2173,0.5119,0.0023,2.7400,0.1921,0.0316,0.4030,0.1302,1.7041,0.1571,0.0000,2.2357,2.4677,132,20,17,1,0
casual_1541,95.0033,46.2578,161.2198,13.8340,19.6352,25,0.0255,249.1292,586.9530,0.4558,0.0070,1.9252,0.2718,0.1308,0.4999,0.2042,0.8818,0.3059,0.0000,0.5993,1.0470,144,44,0,10,0
casual_2031,169.0860,47.2638,171.3525,32.2747,14.5458,5,0.0061,412.9250,560.1344,0.6655,0.0036,1.2345,0.5969,0.2364,0.4032,0.2541,0.7863,0.2656,0.0000,1.1904,0.4393,29,7,10,17,0
casual_2232,55.3857,45.5479,153.8634,15.8047,9.9236,14,0.0109,543.0491,583.9222,0.4778,0.0061,2.8920,0.5109,0.0853,0.6990,0.1960,0.4963,0.0640,0.0000,1.5494,0.6074,85,5,2,14,0
skilled_1120,90.4450,101.5750,79.3319,15.0436,6.5301,15,0.0129,486.0532,544.3667,0.6309,0.0094,3.0393,0.3914,0.0503,0.5379,0.0891,1.9790,0.2449,0.0000,0.5038,1.8320,43,10,18,5,0
skilled_0235,255.2864,79.3751,77.0198,12.1806,5.5060,17,0.0180,243.8843,599.8645,0.5482,0.0001,1.8792,0.3945,0.0906,0.5503,0.0452,2.0306,0.3802,0.0000,1.4784,2.1998,47,17,10,6,0
casual_0254,93.8988,44.6868,103.2987,12.3927,5.8688,23,0.0345,442.0526,595.6975,0.0200,0.0003,2.0844,0.7844,0.1332,0.6237,0.2614,0.6554,0.1238,0.0000,1.1652,0.0500,118,14,1,11,0
casual_1029,138.8479,88.0947,88.9763,23.8830,13.8343,7,0.0195,497.5963,481.7392,0.4167,0.0076,2.5975,0.8656,0.1640,0.1500,0.3405,1.3266,0.1462,0.0000,1.3030,0.4379,34,4,3,8,0
esport_0142,181.7011,98.2347,40.0267,4.7861,2.4177,54,0.0339,552.0412,586.8933,0.3092,0.0192,2.6425,0.0881,0.0536,0.6311,0.1373,1.0532,0.7800,0.0000,3.0042,0.9239,196,152,20,0,0
skilled_0800,40.5018,68.9401,128.5368,13.0038,6.5800,8,0.0113,337.6251,589.8797,0.4511,0.0043,1.6448,0.4495,0.1338,0.3298,0.2153,1.7360,0.2562,0.0000,2.9633,1.9670,30,7,4,13,0
esport_0060,256.8509,190.0327,68.1035,4.4181,3.0114,39,0.0635,450.1516,624.0258,0.4645,0.0032,2.8937,0.0991,0.0553,0.4465,0.0458,1.0840,0.5706,0.0000,6.8323,4.7051,113,64,24,6,0
casual_2509,203.4257,95.4725,173.1639,9.1570,1.0000,15,0.0155,359.9432,580.0003,0.1998,0.0031,1.6314,0.5232,0.1337,0.5767,0.1710,0.6306,0.0200,0.0000,0.3756,1.2638,93,1,4,4,0
casual_2292,194.8409,83.5507,78.9578,20.8114,26.6184,46,0.0125,396.8057,608.9082,0.8193,0.0137,1.4389,0.7193,0.1742,0.4469,0.1937,0.7360,0.2099,0.0000,1.1021,1.3631,162,34,7,6,0
casual_1323,242.3954,10.0000,183.7180,16.5179,16.4948,30,0.0333,508.3233,606.5058,0.2045,0.0029,2.4332,0.7405,0.1702,0.3328,0.1675,1.2510,0.0725,0.0000,0.8996,0.6970,139,10,0,4,0
casual_1550,65.3404,78.0286,20.0000,10.9098,5.6589,29,0.0158,452.5212,569.2169,0.4616,0.0037,2.9146,0.5544,0.0690,0.6605,0.3735,0.4412,0.1788,0.0000,1.1103,1.2102,147,26,7,15,0
esport_0397,67.7720,79.0921,61.5002,0.5000,3.8643,28,0.0804,474.7262,568.0761,0.5927,0.0366,2.4538,0.1387,0.0596,0.3986,0.1116,2.1868,0.5720,0.0000,3.4357,2.9732,93,53,6,9,0
casual_0315,118.4238,100.5322,190.6868,29.6757,8.2479,13,0.0323,409.2169,579.3993,0.6861,0.0080,2.0872,0.4474,0.1896,0.6381,0.1672,0.8786,0.4033,0.0000,1.3545,1.0361,56,22,5,4,0
casual_1242,127.4048,52.1193,169.3022,2.0000,5.9407,22,0.0193,379.6750,568.9853,0.4775,0.0233,2.4180,0.3016,0.1836,0.5896,0.2609,0.8647,0.0826,0.0000,1.4118,0.9288,158,13,8,3,0
casual_2450,207.4802,83.2776,60.7490,22.0517,13.7065,51,0.0128,353.5795,549.2832,0.5925,0.0000,1.5801,0.5200,0.1612,0.7792,0.4132,0.7333,0.1577,0.0000,0.7121,0.1370,155,24,2,14,0
casual_1578,298.6025,64.0730,39.3199,22.4500,9.1798,27,0.0053,404.5846,563.6512,0.3649,0.0038,3.2640,0.6245,0.1503,0.8704,0.4015,1.2667,0.4066,0.0000,1.6578,1.2861,142,57,10,12,0
esport_0375,293.0526,140.7582,63.2794,4.2945,1.9681,74,0.0354,376.5351,620.6886,0.8357,0.0118,3.0762,0.1278,0.0574,0.4449,0.1487,1.8625,0.5214,0.0000,2.7328,2.5168,165,86,7,6,0
skilled_0116,177.3197,116.4281,90.6300,8.7780,6.3545,54,0.0306,577.5479,564.8447,0.3222,0.0033,2.7274,0.3529,0.0731,0.5946,0.0763,1.7669,0.4069,0.0000,2.4420,0.5087,159,64,13,10,0
casual_0069,147.9137,138.8145,143.2022,18.9070,4.5555,6,0.0240,319.8088,583.9744,0.2721,0.0043,2.1886,0.4945,0.1074,1.1319,0.3339,0.6665,0.1028,0.0000,1.1910,0.0500,52,5,3,6,0
casual_0859,169.5953,56.8824,117.7847,2.0000,14.8269,3,0.0070,363.4625,611.7269,0.2222,0.0015,1.7747,0.6058,0.0777,1.1153,0.2801,1.0086,0.1877,0.0000,0.6040,0.8310,16,3,6,1,0
casual_2753,51.8120,123.6420,34.4892,12.9321,9.1896,12,0.0261,215.3678,488.2929,0.4479,0.0020,2.1416,0.8273,0.0658,0.4166,0.0859,1.2285,0.2657,0.0000,2.0646,0.5452,95,25,3,13,0
casual_1632,203.4082,74.1336,27.0935,12.9655,18.3908,3,0.0125,308.6210,529.3608,0.6144,0.0015,3.1357,0.7474,0.1638,0.8639,0.3444,0.5968,0.2958,0.0000,0.9741,1.0002,32,9,8,11,0
casual_1650,101.8283,115.0823,20.0000,31.8125,13.4623,12,0.0271,458.5312,582.6421,0.6666,0.0011,2.5560,0.4527,0.0798,0.6567,0.3238,0.8661,0.2393,0.0000,0.8839,0.5009,46,11,2,3,0
skilled_0860,107.2233,68.8984,108.2054,15.2267,6.3302,27,0.0103,506.5192,566.0731,0.4112,0.0129,2.8610,0.4071,0.0876,0.3534,0.1607,0.7585,0.4274,0.0000,1.4801,2.1770,86,36,10,3,0
skilled_0106,87.8770,119.0124,99.0062,9.9143,2.4617,38,0.0124,358.2312,610.2940,0.5252,0.0005,3.1528,0.3356,0.1111,0.2723,0.1504,1.2536,0.2674,0.0000,2.1333,1.1122,162,43,9,13,0
casual_1074,260.5758,86.4394,21.0141,3.8167,12.8050,4,0.0100,455.1007,544.4622,0.4398,0.0015,2.0102,0.7721,0.1918,0.6372,0.1515,1.7205,0.0410,0.0000,0.1616,0.0500,25,1,9,4,0
skilled_1001,107.8712,40.9208,116.0080,11.1884,2.6699,24,0.0243,406.4605,600.4023,0.4706,0.0148,3.0254,0.2334,0.1148,0.3217,0.0999,1.7304,0.3805,0.0000,2.2198,0.4024,85,32,17,13,0
casual_0787,115.9678,71.6171,175.8013,30.0967,1.0000,33,0.0205,383.6830,525.7528,0.3739,0.0004,2.5720,0.2935,0.2105,0.9535,0.1991,0.9839,0.3917,0.0000,0.0474,0.7113,132,51,5,6,0
casual_2605,68.9224,89.7660,160.5341,10.5277,23.5218,17,0.0160,381.0088,592.4473,0.2801,0.0218,1.8538,0.8022,0.2087,0.9749,0.1296,1.2276,0.2274,0.0000,0.1002,0.6699,71,16,2,1,0
skilled_0630,127.7754,111.8644,82.4463,1.6324,10.7895,43,0.0516,476.7010,587.1484,0.4384,0.0026,2.0045,0.3736,0.1137,0.7897,0.2827,1.9010,0.3407,0.0000,2.9166,2.1572,129,43,15,12,0
casual_2121,38.8587,71.0912,84.2173,29.6806,14.8828,35,0.0116,340.0963,519.5903,0.5814,0.0132,2.3785,0.4839,0.2310,0.3262,0.2937,1.2486,0.1476,0.0000,0.9712,0.3043,151,22,11,2,0
casual_1874,274.6488,48.8378,119.6013,14.7671,8.7427,12,0.0123,421.9930,538.5156,0.3743,0.0075,2.2389,0.3034,0.0667,0.3354,0.2296,1.7172,0.3117,0.0000,1.4475,0.9202,58,18,3,5,0
casual_0811,34.4765,167.9894,126.2536,2.0000,10.0101,13,0.0336,417.7895,545.8770,0.3951,0.0028,2.9249,0.7211,0.2115,0.2642,0.3014,0.5343,0.3090,0.0000,1.7381,0.5353,51,15,5,16,0
casual_0387,286.8226,13.7810,31.4112,25.1763,9.8230,8,0.0105,347.9271,619.0694,0.6342,0.0201,2.5720,0.5500,0.2250,0.5320,0.2496,1.2242,0.2063,0.0000,1.0691,0.2767,53,10,1,8,0
casual_2882,178.4118,55.5412,77.5469,17.3913,8.7878,15,0.0034,320.5088,567.5564,0.1202,0.0089,3.1594,0.6242,0.1799,0.7622,0.2198,0.5400,0.0200,0.0000,0.6381,0.6008,120,2,6,11,0
casual_1175,232.5718,121.4067,129.1176,14.5684,1.0915,24,0.0421,382.8166,493.1499,0.2506,0.0040,2.4622,0.4691,0.1730,0.4927,0.1676,0.7289,0.2460,0.0000,1.3002,1.0881,102,25,8,15,0
skilled_0197,107.6852,78.2582,105.1531,8.8725,10.2921,12,0.0250,419.3887,614.3002,0.5752,0.0165,2.2198,0.3836,0.1217,0.6886,0.1743,2.4899,0.3846,0.0000,1.4588,2.1516,55,21,10,7,0
casual_2623,281.5926,78.6197,82.3775,28.3295,8.5963,23,0.0028,345.0829,598.5117,0.7434,0.0067,2.5756,0.3533,0.0801,0.8743,0.1737,0.6247,0.2982,0.0000,0.3973,0.8705,124,36,11,2,0
casual_1351,256.1836,55.6381,21.9201,29.6747,11.4640,38,0.0000,478.3684,527.9236,0.2738,0.0071,2.0905,0.3005,0.0809,0.6370,0.2209,1.5697,0.2281,0.0000,0.4976,1.6369,134,30,11,2,0
casual_0410,209.7349,97.3745,59.7751,12.0547,3.4776,22,0.0153,487.1367,620.0000,0.5004,0.0026,2.0080,0.2692,0.1580,0.3682,0.1514,0.7382,0.1914,0.0000,0.0626,0.9959,143,27,6,7,0
skilled_1212,129.9683,133.7803,74.2828,16.9930,6.8269,36,0.0254,496.7616,596.4785,0.5539,0.0137,2.4675,0.1200,0.1366,0.6741,0.1331,1.1552,0.3766,0.0000,1.3727,1.6003,118,44,17,8,0
casual_0109,273.7026,38.8569,32.7803,7.6178,13.9024,3,0.0000,361.7739,558.0846,0.2893,0.0168,2.5615,0.5374,0.1410,0.4656,0.0300,0.1000,0.2970,0.0000,0.2961,0.7639,31,9,5,4,0
trigger_0070,222.3184,147.4061,46.5940,13.4028,2.2122,44,0.0306,422.8976,557.4687,0.3329,0.0104,2.5598,0.0735,0.0056,0.4891,0.0075,2.1238,0.5800,0.0000,6.8061,3.2222,78,45,19,7,1
skilled_0429,194.0801,116.1347,57.8283,16.8249,6.8236,20,0.0117,307.4894,588.8094,0.4813,0.0127,2.3613,0.4736,0.0977,0.3761,0.1293,1.3802,0.1782,0.0000,2.3761,2.2163,80,14,11,5,0
casual_2809,74.7533,90.4234,23.6702,19.2959,14.4495,3,0.0233,492.4792,524.9923,0.2250,0.0066,2.5002,0.6590,0.1103,0.8126,0.1668,0.7993,0.1882,0.0000,1.6085,0.3895,15,2,3,2,0
casual_2594,109.7555,77.5937,223.7709,21.3896,14.7268,20,0.0040,339.3446,508.3585,0.6284,0.0011,1.5121,0.5423,0.0628,0.8152,0.2166,0.4465,0.2487,0.0000,1.9011,0.4692,86,21,5,13,0
casual_2836,205.4534,75.2319,99.9159,17.1845,14.9217,11,0.0158,360.1589,571.3638,0.1883,0.0099,2.6026,1.0030,0.2471,0.2278,0.2843,0.4872,0.1394,0.0000,0.6013,0.5165,57,7,9,12,0
casual_2372,112.4798,133.1376,125.9585,22.1838,6.0959,27,0.0209,216.9485,559.1698,0.0326,0.0013,2.7840,0.5306,0.0791,0.3503,0.1542,0.8700,0.3135,0.0000,1.1270,0.6334,95,29,10,16,0
casual_1235,56.7724,66.7058,31.6394,18.3536,11.3837,8,0.0099,489.2645,620.0000,0.4386,0.0006,2.8053,0.3177,0.0712,0.1500,0.1052,0.9386,0.2832,0.0000,0.5256,1.1540,46,13,1,10,0
casual_2146,55.4722,46.0064,224.0078,27.7803,2.4141,12,0.0056,260.4874,620.0000,0.0921,0.0140,1.9107,0.3665,0.0959,0.5405,0.2182,0.7855,0.2109,0.0000,0.8975,1.0894,62,13,2,1,0
trigger_0050,62.2927,141.6596,36.6894,9.5995,0.3000,76,0.0117,473.0402,597.2985,0.2197,0.0136,3.2407,0.0504,0.0010,0.5697,0.0079,1.7062,0.5772,0.0000,3.4491,4.8204,161,92,37,7,1
casual_0599,197.4966,115.7450,157.6341,8.7505,22.2820,6,0.0309,175.5761,490.3307,0.1398,0.0012,1.4404,0.2000,0.1613,0.7597,0.1169,0.8361,0.0732,0.0000,0.0254,1.9008,42,3,4,16,0
casual_1434,85.5713,63.7292,123.1433,16.8917,12.5789,12,0.0216,334.4384,620.0000,0.4975,0.0272,2.2795,0.5745,0.0809,0.5255,0.2714,0.4565,0.1896,0.0000,1.0855,0.6658,64,12,5,4,0
trigger_0071,186.6263,123.3681,53.4187,0.5000,4.5876,11,0.0132,312.0198,542.1771,0.2722,0.0040,2.3623,0.0953,0.0100,0.3734,0.0030,2.6116,0.5633,0.0000,3.3765,6.1048,45,25,24,7,1
casual_0538,74.7949,59.3879,112.4585,8.6554,19.2800,9,0.0198,495.3951,485.9933,0.2917,0.0055,2.7343,0.3458,0.1465,0.8249,0.3232,0.8223,0.0521,0.0000,0.4346,0.7118,75,3,1,3,0
casual_0721,146.9026,91.8152,121.1518,38.2672,15.4328,12,0.0264,320.9764,535.3591,0.7486,0.0022,2.6591,0.6271,0.1408,0.7086,0.2246,0.2289,0.3038,0.0000,1.4133,0.4405,70,21,4,1,0
esport_0160,259.2899,112.5437,50.8143,4.2891,4.3875,26,0.0367,376.9932,613.0195,0.3791,0.0020,1.9537,0.2294,0.0236,0.4211,0.0532,1.9540,0.6287,0.0000,4.6307,3.7686,65,40,17,2,0
casual_1872,296.1177,23.5062,142.9882,6.6200,10.3785,13,0.0289,420.4628,545.1630,0.6280,0.0014,2.4650,0.7703,0.0749,1.0022,0.1153,0.5646,0.3784,0.0000,1.2089,0.1508,75,28,3,2,0
casual_2845,188.7119,115.8650,115.0043,18.4933,15.0964,2,0.0000,429.1150,573.8711,0.5300,0.0036,3.1892,0.6700,0.2501,0.6959,0.1804,1.6564,0.1598,0.0000,0.0000,1.1581,11,1,10,11,0
casual_2053,257.5167,83.6486,96.3707,34.8691,10.5425,11,0.0000,448.7087,556.5819,0.2035,0.0169,1.3701,0.3719,0.1814,0.1751,0.2885,0.6631,0.3171,0.0000,0.5801,0.9876,56,17,9,10,0
casual_2907,45.5523,49.6176,20.0000,19.4064,11.9964,7,0.0213,533.1524,613.1460,0.4674,0.0123,2.5137,0.4842,0.1357,0.6390,0.1396,0.3895,0.1856,0.0000,0.7584,0.6858,61,11,5,7,0
casual_2254,290.8747,69.9450,46.5058,12.9264,8.2465,2,0.0195,269.0113,573.6346,0.5256,0.0022,3.3312,0.3383,0.2084,0.8737,0.1513,0.2392,0.1043,0.0000,1.6139,0.8706,12,1,8,8,0
skilled_0912,170.7207,106.6191,84.2116,3.1527,10.6910,8,0.0268,347.8335,620.0000,0.5367,0.0133,2.4055,0.3412,0.0536,0.4620,0.1586,1.7892,0.4243,0.0000,1.7871,1.1031,51,21,2,5,0
casual_0177,297.9414,78.2292,86.3192,22.9021,19.6808,24,0.0000,528.5564,582.3199,0.2128,0.0099,2.2908,0.2884,0.1333,1.0210,0.2452,1.1520,0.2561,0.0000,0.2614,0.9228,147,37,11,14,0
casual_2890,69.5676,62.8506,94.9788,30.0881,20.7739,2,0.0189,436.7149,537.5565,0.2724,0.0108,2.7718,0.3839,0.1306,0.4934,0.1809,0.5763,0.2023,0.0000,2.0557,0.6107,18,3,10,17,0
skilled_0673,67.9086,64.6348,76.0933,7.2820,9.6541,7,0.0393,534.2248,571.7206,0.2413,0.0004,2.2101,0.4864,0.1370,0.2043,0.1805,1.6986,0.2836,0.0000,3.0311,0.9903,46,13,10,8,0
casual_0080,209.3647,74.1532,102.3488,23.8979,1.0000,36,0.0000,254.1581,506.1325,0.2180,0.0065,3.1097,0.8940,0.1819,0.3154,0.2233,0.8270,0.1053,0.0000,0.0012,0.6956,134,14,10,7,0
casual_2561,213.1439,97.4316,79.3484,25.3170,21.5513,22,0.0191,405.2389,617.9852,0.3863,0.0005,2.7026,0.7363,0.1276,0.2847,0.3595,0.9239,0.1223,0.0000,1.3521,0.8644,80,9,1,7,0
casual_1723,182.1513,39.6343,44.5980,22.8104,5.7609,8,0.0146,289.9812,613.9475,0.2178,0.0093,1.2066,0.6726,0.0938,1.1658,0.2996,1.3578,0.4008,0.0000,0.9079,0.9287,80,32,3,6,0
casual_1617,184.2152,104.8234,113.7845,9.4327,9.2148,16,0.0152,342.1005,536.3933,0.1104,0.0032,3.1181,0.4745,0.2186,0.5173,0.3876,0.8733,0.1726,0.0000,0.8439,1.1736,169,29,5,17,0
casual_1654,284.8256,122.5561,51.3734,8.8180,18.8095,5,0.0084,504.4439,558.0337,0.5219,0.0011,1.8985,0.7076,0.2893,0.4557,0.1769,0.8513,0.2223,0.0000,0.0000,0.9484,26,5,10,16,0
casual_2328,184.8830,101.6182,112.6348,20.3837,19.6033,15,0.0195,347.1111,585.8437,0.2373,0.0047,2.5243,0.5882,0.1213,0.8941,0.1939,1.6867,0.0749,0.0000,1.2702,0.4362,64,4,4,17,0
esport_0363,110.2977,159.1693,55.6516,6.5017,2.9273,11,0.0740,449.2769,625.0000,0.6254,0.0168,2.4065,0.1934,0.0287,0.4197,0.1066,1.6629,0.4949,0.0000,2.9795,5.9766,38,18,32,2,0
casual_0221,161.9177,48.7116,188.1746,22.2377,1.0000,21,0.0049,236.5168,601.0820,0.4223,0.0007,2.1301,0.5359,0.1770,0.5618,0.1454,0.9300,0.0630,0.0000,0.6189,0.0500,80,5,3,16,0
casual_0093,132.8757,95.7507,104.4506,22.7264,9.8979,39,0.0079,282.9733,538.5143,0.2876,0.0265,3.0013,0.3927,0.1305,0.7147,0.1361,0.7735,0.2010,0.0000,0.4685,0.2762,172,34,5,13,0
casual_2609,124.8302,91.0823,86.9744,29.8738,15.0753,29,0.0208,274.4561,534.7140,0.6233,0.0086,0.7491,0.4651,0.1508,0.7261,0.3365,0.8007,0.2321,0.0000,0.3937,1.0475,146,33,7,3,0
skilled_0382,76.6641,73.7981,83.1741,4.5406,7.4494,36,0.0047,494.2164,594.0979,0.5525,0.0177,2.4753,0.3697,0.1057,0.4741,0.0709,1.4325,0.5628,0.0000,1.0769,1.6192,135,75,3,11,0
esport_0165,209.1618,123.1838,51.7341,1.4966,7.3311,18,0.0281,570.6794,584.1241,0.4399,0.0051,2.7769,0.1487,0.0452,0.4899,0.1673,1.5052,0.4703,0.0000,4.4438,1.2218,60,28,26,5,0
casual_1397,277.2511,134.2913,103.2284,25.4802,12.4366,38,0.0348,540.2656,564.2476,0.3914,0.0029,1.5443,0.5011,0.1451,0.6216,0.1190,0.3986,0.2488,0.0000,1.5218,1.0618,161,40,9,8,0
esport_0436,137.4022,116.9010,49.4816,0.5000,4.3227,16,0.0408,428.7699,561.6412,0.9851,0.0081,2.4578,0.1874,0.0732,0.4569,0.1766,1.9694,0.5694,0.0000,5.1913,6.4324,42,23,18,8,0
casual_1292,179.6877,84.6579,105.7059,21.9124,8.2178,10,0.0100,389.7698,534.5819,0.3553,0.0101,2.4024,0.5035,0.1689,0.7531,0.3208,0.8942,0.3976,0.0000,0.8196,0.3895,51,20,0,4,0
casual_2164,267.4412,150.9141,73.2700,28.4219,19.8407,32,0.0285,305.2229,607.1063,0.5469,0.0144,3.0293,0.7369,0.1917,0.1500,0.1488,1.5587,0.1432,0.0000,0.3897,1.3252,140,20,2,3,0
casual_2939,33.0204,76.2132,20.0000,32.8280,3.2605,14,0.0083,384.8368,513.5049,0.7027,0.0027,2.1328,0.5316,0.2653,0.7809,0.2764,1.1541,0.2566,0.0000,0.6373,0.5561,93,23,6,15,0
skilled_0668,220.0184,71.4788,95.9249,22.0657,4.5132,38,0.0056,440.1844,582.1143,0.2564,0.0028,2.3316,0.2464,0.1391,0.6939,0.1770,1.6821,0.3130,0.0000,2.5669,1.0870,135,42,18,2,0
casual_0812,298.1328,57.1662,116.4951,26.1153,6.5652,29,0.0295,558.7943,535.4384,0.1465,0.0156,2.6505,0.5584,0.0441,0.7856,0.2227,1.0926,0.1837,0.0000,0.4058,1.0039,153,28,7,11,0
casual_1258,172.0363,98.7678,46.3974,42.2618,19.0278,24,0.0159,415.1226,584.8472,0.1444,0.0001,1.4323,0.3386,0.2263,0.7789,0.2573,0.6054,0.2353,0.0000,0.3480,1.0567,110,25,4,3,0
casual_0889,214.8318,67.7686,217.2867,10.3935,16.8976,10,0.0151,565.5654,573.8045,0.3050,0.0121,2.4569,0.4729,0.1198,0.8178,0.1764,0.4600,0.2801,0.0000,1.1041,0.4529,32,8,0,9,0
casual_1451,196.8030,95.2796,154.5287,13.9389,18.9900,18,0.0229,291.1761,574.6837,0.5945,0.0037,2.5489,0.6405,0.1646,1.1103,0.1993,0.4757,0.0200,0.0000,0.6112,1.1334,136,2,5,2,0
skilled_0316,43.9810,92.6107,73.6745,11.0548,12.2200,23,0.0160,444.2330,568.1624,0.3316,0.0001,2.5976,0.3662,0.0883,0.3314,0.1839,1.0607,0.3201,0.0000,2.5209,2.1860,71,22,4,5,0
casual_2559,38.3686,62.7400,122.9118,19.5525,13.9133,29,0.0018,392.6405,495.5821,0.1132,0.0400,2.1818,0.8334,0.1662,1.1026,0.1176,0.9587,0.2678,0.0000,0.9844,2.4918,169,45,3,14,0
skilled_0574,66.9211,99.5778,33.7234,6.2365,4.3666,40,0.0104,389.4268,574.6792,0.3757,0.0318,2.1963,0.3700,0.0898,0.4543,0.1511,1.5232,0.3322,0.0000,3.0153,2.2178,190,63,7,6,0
casual_2680,246.1558,120.7800,81.4626,9.1731,6.3341,38,0.0000,360.1330,547.8713,0.2175,0.0134,2.7294,0.5610,0.0544,0.8691,0.2515,1.2940,0.1974,0.0000,0.5649,0.2252,164,32,5,4,0
esport_0401,79.6502,150.4657,48.1982,3.7543,4.3676,58,0.0293,394.7192,625.0000,0.5470,0.0088,2.5628,0.2034,0.1083,0.3775,0.1137,0.5000,0.6184,0.0000,4.9320,1.8456,145,89,17,4,0
aimbot_0061,47.8216,116.4867,16.8688,2.9651,0.8566,46,0.0706,370.1905,584.2566,0.3033,0.0216,1.9160,0.0501,0.0036,0.3776,0.0662,2.5263,0.6874,0.0000,6.7257,2.5000,59,40,24,5,1
esport_0429,286.3917,148.8406,23.5605,3.6744,8.3860,12,0.0671,400.8809,566.3001,0.5519,0.0057,2.9160,0.1612,0.0641,0.3248,0.0546,1.8606,0.5550,0.0000,2.9753,4.2519,51,28,18,8,0
casual_2964,99.4306,128.5891,164.9989,18.6272,5.7066,25,0.0202,358.8251,507.2749,0.3944,0.0322,1.8904,0.6789,0.2109,0.4635,0.2566,1.4673,0.2583,0.0000,0.8276,0.9370,142,36,11,17,0
casual_2672,137.6341,25.8607,44.8620,5.3526,8.0252,33,0.0000,297.8123,580.6395,0.2002,0.0074,2.1127,0.6685,0.1337,0.4399,0.1466,1.3871,0.3575,0.0000,0.7541,1.3126,130,46,7,5,0
casual_0561,95.7902,120.4284,105.9005,2.8337,8.4629,10,0.0116,347.5586,552.9272,0.7122,0.0047,2.4097,0.2076,0.1176,0.4649,0.1502,0.3066,0.2007,0.0000,0.4910,0.2286,65,13,2,14,0
casual_2778,100.1304,10.0000,71.4139,4.8812,8.6482,16,0.0263,358.8621,616.9869,0.6347,0.0003,1.8896,0.6949,0.1351,0.4538,0.2573,1.1911,0.3263,0.0000,1.1489,1.0246,96,31,2,4,0
casual_2948,288.5772,57.3233,96.4261,3.2208,9.7281,16,0.0016,453.0818,507.9418,0.3185,0.0061,1.3609,0.4345,0.1443,0.4392,0.2215,1.0697,0.4147,0.0000,1.0481,0.0500,60,24,6,11,0
casual_2817,191.1161,83.5848,20.0000,17.9360,13.2485,4,0.0057,322.7751,564.5696,0.3548,0.0263,2.0106,0.7634,0.1906,0.7147,0.0300,1.4257,0.2636,0.0000,0.0000,0.7223,41,10,6,8,0
casual_2758,212.0213,57.6898,85.1012,23.8069,10.7504,26,0.0079,386.2832,532.4840,0.4268,0.0339,2.4181,0.4464,0.1953,0.8685,0.1329,0.9962,0.1296,0.0000,1.0875,0.5742,110,14,0,5,0
casual_1756,68.0774,49.2476,60.6298,12.5552,7.5015,17,0.0176,304.4071,574.7643,0.0859,0.0031,2.5761,0.6294,0.0966,0.1974,0.2271,1.4136,0.2363,0.0000,0.2698,0.4109,113,26,1,8,0
casual_0724,57.8107,137.0402,89.2218,25.6364,6.1203,22,0.0010,306.5229,509.4296,0.6800,0.0018,2.8161,0.3473,0.1240,0.7575,0.2159,0.7680,0.1955,0.0000,1.3676,1.1677,85,16,5,2,0
casual_0219,137.3461,84.6475,41.0014,8.2561,11.2367,24,0.0224,450.3232,516.2509,0.2519,0.0081,2.3899,0.2000,0.2091,0.7864,0.1529,1.0040,0.2996,0.0000,1.1964,0.9073,98,29,4,3,0
skilled_1139,227.3580,99.2394,59.0514,8.6991,7.3516,26,0.0218,385.1605,596.5261,0.3504,0.0029,1.8020,0.2011,0.0647,0.5429,0.1194,1.3729,0.2684,0.0000,3.0952,1.9393,156,41,16,10,0
skilled_0957,253.3264,103.6255,141.3851,7.0437,4.8778,21,0.0201,557.0889,607.9397,0.6545,0.0108,2.2372,0.3551,0.1220,0.7230,0.1547,1.1206,0.4514,0.0000,0.3957,2.0117,150,67,6,9,0
casual_1588,110.0009,81.1426,118.8773,30.1451,19.7970,27,0.0383,266.3832,616.5610,0.3477,0.0013,2.8940,0.5193,0.2095,0.5143,0.2572,1.2534,0.2501,0.0000,1.4178,1.4761,142,35,0,13,0
skilled_0347,36.7271,101.4958,108.7258,5.6897,9.6326,36,0.0191,390.1926,576.9453,0.5841,0.0138,2.6152,0.3042,0.0856,0.1994,0.1075,1.8569,0.3892,0.0000,2.4661,0.7464,120,46,11,1,0
skilled_0970,108.3969,107.2788,101.3741,5.8611,9.6845,22,0.0132,416.4188,590.4618,0.3300,0.0124,2.6938,0.1947,0.0300,0.4826,0.2388,1.3586,0.4275,0.0000,1.0186,0.1000,78,33,9,2,0
esport_0457,70.9699,50.0000,15.0000,6.0010,4.2129,39,0.0590,535.8455,591.1152,0.6817,0.0255,2.8575,0.1895,0.0427,0.5339,0.1374,1.2826,0.6660,0.0000,2.0636,3.6019,106,70,13,4,0
casual_0043,114.3390,42.5510,80.2501,18.5330,11.1342,24,0.0185,263.7533,526.2451,0.0832,0.0044,1.6268,0.6031,0.1510,0.5642,0.2740,1.2122,0.1754,0.0000,0.6106,0.6715,119,20,11,5,0
skilled_0001,192.2469,68.8490,65.0872,11.8990,9.0649,17,0.0217,434.0028,505.8169,0.3968,0.0099,2.3335,0.2995,0.0766,0.3343,0.1206,0.8827,0.2743,0.0000,2.5016,1.5129,94,25,15,2,0
casual_0210,217.4509,78.9318,97.8529,21.3203,16.6396,11,0.0307,429.3086,424.9418,0.2391,0.0001,3.0445,0.6463,0.2492,0.9958,0.0909,0.4841,0.1329,0.0000,0.7878,1.1069,34,4,9,3,0
casual_0677,164.1675,92.5789,20.0000,6.0565,12.5964,13,0.0025,316.8659,584.9854,0.4431,0.0055,2.3114,0.4951,0.2372,0.8124,0.2441,0.2740,0.4313,0.0000,1.1113,1.1851,151,65,5,5,0
casual_0354,155.8160,107.5640,52.2059,8.6871,1.0000,51,0.0004,333.2598,444.4716,0.5431,0.0000,1.5651,0.2142,0.1775,0.6059,0.2065,0.9318,0.2983,0.0000,0.7774,0.7620,179,53,8,5,0
casual_1433,72.5313,85.6908,77.9682,18.3917,16.6176,28,0.0178,262.4318,523.2599,0.5895,0.0150,3.5000,0.3247,0.1451,0.3992,0.2675,1.2865,0.0972,0.0000,1.3624,0.0500,151,14,0,13,0
casual_0949,121.6170,81.3302,139.7615,12.2541,6.1286,21,0.0220,461.5470,618.8799,0.5021,0.0002,2.2242,0.5474,0.1397,0.9754,0.1564,0.5297,0.1225,0.0000,0.2338,0.9737,128,15,7,7,0
casual_2843,96.2462,74.0866,130.8985,22.7627,13.4673,9,0.0222,382.6701,553.7938,0.1290,0.0029,1.9139,0.7480,0.1207,0.1809,0.1105,0.8346,0.1673,0.0000,1.6559,1.4244,55,9,2,4,0
casual_0577,188.5235,87.8748,67.4045,20.8046,22.2925,4,0.0110,461.6907,583.8421,0.5239,0.0002,2.4088,0.2000,0.1119,0.1617,0.1776,0.3292,0.1735,0.0000,0.9662,0.4785,135,23,0,8,0
skilled_0928,121.7476,126.6339,39.0190,14.7345,10.2154,12,0.0098,405.5534,564.1684,0.6034,0.0119,1.9332,0.3521,0.1066,0.3295,0.1895,1.0114,0.1705,0.0000,3.2816,1.1324,54,9,2,10,0
casual_0544,68.2309,62.2012,20.0000,14.5048,11.1268,39,0.0159,229.1944,562.7871,0.5102,0.0024,3.0083,0.6365,0.1719,0.8417,0.3972,1.1735,0.1131,0.0000,2.0188,0.4046,146,16,10,14,0
casual_0367,211.2325,89.2589,178.5272,16.9752,12.7989,1,0.0129,402.7661,533.8656,0.5649,0.0037,2.7672,0.3540,0.1357,0.4681,0.1270,0.7719,0.0957,0.0000,1.1457,1.3889,14,1,8,7,0
casual_1612,238.3993,70.7420,179.6251,8.9982,11.6165,23,0.0226,470.4658,554.3939,0.2238,0.0041,2.6933,0.2000,0.1019,0.6495,0.1477,0.6752,0.1590,0.0000,0.6705,0.7248,101,16,2,12,0
skilled_0550,220.6213,106.2804,37.3676,8.6500,2.5884,18,0.0451,426.6432,620.0000,0.6664,0.0123,3.0114,0.1981,0.1252,0.5961,0.1447,1.2503,0.3701,0.0000,2.7732,3.2418,80,29,12,9,0
skilled_0716,130.8182,74.3611,65.1057,9.5810,4.6815,12,0.0222,557.7641,589.3934,0.4592,0.0134,2.3755,0.2394,0.1743,0.6470,0.1687,1.4953,0.2385,0.0000,0.9358,1.9372,51,12,15,9,0
skilled_0779,73.0922,144.4480,95.2787,17.7238,5.5047,62,0.0080,455.8473,595.4195,0.2190,0.0086,2.1420,0.2929,0.0623,0.5559,0.3196,0.2642,0.3439,0.0000,2.1035,1.0838,171,58,10,11,0
casual_0135,36.1570,142.6849,42.3492,2.9841,8.5699,3,0.0099,374.5239,620.0000,0.4649,0.0033,2.1487,0.6764,0.2204,0.5521,0.2942,0.7063,0.2573,0.0000,0.6306,0.5109,23,5,3,16,0
esport_0230,260.9354,126.5933,67.6498,4.8761,3.6712,17,0.0502,331.0743,568.6194,0.3718,0.0087,2.2051,0.1625,0.0640,0.4509,0.1032,1.7520,0.4681,0.0000,5.7325,3.2019,54,25,15,7,0
casual_1437,169.2540,15.5851,134.3433,21.6027,6.9466,38,0.0079,419.5367,563.6897,0.4864,0.0071,1.9434,0.6623,0.1863,0.3516,0.2637,0.8555,0.1461,0.0000,1.5223,0.7589,149,21,1,1,0
casual_0047,107.8486,66.8594,62.4812,22.1509,17.5097,30,0.0257,258.3043,536.7844,0.4264,0.0099,2.6635,0.5792,0.2430,0.7750,0.2587,0.8100,0.3099,0.0000,1.6866,1.1361,148,45,4,3,0
casual_1360,210.4493,114.8467,119.4313,15.6462,18.4774,34,0.0093,468.0356,487.2834,0.2685,0.0039,1.8223,0.4223,0.2159,0.4741,0.2941,0.6148,0.2627,0.0000,0.3858,0.4790,156,40,5,3,0
casual_0734,46.3427,31.4802,140.5880,26.5788,5.9296,8,0.0378,415.6467,574.0932,0.3512,0.0020,2.3280,0.6425,0.1068,0.7068,0.0300,0.9345,0.3203,0.0000,0.7941,0.5585,31,9,3,12,0
casual_1534,48.8815,58.9772,141.9855,20.6138,12.7804,10,0.0219,334.5180,490.7839,0.1923,0.0009,2.0833,0.6468,0.1729,0.6917,0.2588,1.4276,0.2940,0.0000,1.8148,0.7513,54,15,11,1,0
casual_2004,61.2927,11.5129,117.2416,13.4173,20.3313,4,0.0338,314.9449,620.0000,0.1256,0.0025,2.3892,0.6901,0.2064,0.8124,0.1072,1.0531,0.2416,0.0000,1.0765,0.6390,16,3,3,14,0
skilled_0795,114.9792,96.3317,111.0378,16.5981,6.8199,16,0.0066,505.8140,563.4193,0.4973,0.0005,2.8112,0.3147,0.0434,0.4096,0.1217,1.3803,0.3844,0.0000,2.4412,2.5208,56,21,8,0,0
casual_2519,88.0854,131.5218,48.5187,10.8517,12.8087,22,0.0040,287.3325,516.6092,0.2358,0.0139,2.1500,0.7534,0.1493,0.6507,0.2135,0.2195,0.3510,0.0000,0.0000,0.7725,84,29,9,7,0
casual_1972,227.9436,113.4209,137.0683,10.5798,12.9970,3,0.0000,334.0806,513.3207,0.6370,0.0011,2.7931,0.6283,0.2657,0.5215,0.1810,0.7717,0.2136,0.0000,0.5644,0.3697,12,2,0,14,0
casual_0996,202.5337,43.5561,110.2616,19.1530,15.7038,8,0.0000,423.9519,454.0341,0.3506,0.0082,2.2927,0.4158,0.2114,0.7528,0.3798,0.6436,0.3763,0.0000,1.2618,0.8915,102,38,2,3,0
casual_0061,157.1960,53.0111,51.6907,18.0649,9.4691,16,0.0083,273.8287,563.1538,0.3405,0.0019,2.7257,0.6264,0.1552,0.4893,0.2606,0.8568,0.0200,0.0000,1.2277,0.7538,155,3,11,16,0
casual_1108,299.6246,64.7091,157.5112,31.8569,19.7321,9,0.0216,491.5669,564.5734,0.5417,0.0003,2.3008,0.4233,0.1007,0.4633,0.1071,1.0140,0.2451,0.0000,0.0000,1.0028,52,12,4,11,0
casual_2405,96.7621,81.0239,22.3241,16.1226,13.1986,35,0.0163,323.2913,565.1577,0.5232,0.0008,1.4536,0.5085,0.1258,0.7778,0.3505,1.0164,0.2043,0.0000,1.1813,0.8957,158,32,4,4,0
casual_0095,200.1763,40.5668,142.7337,21.5591,4.6871,16,0.0103,512.7127,571.8758,0.2034,0.0066,1.9162,0.5415,0.1868,0.2034,0.2659,1.5609,0.2853,0.0000,1.2198,0.4779,95,27,11,7,0
casual_0478,201.3499,10.0000,103.6462,21.7226,7.7766,5,0.0246,458.7225,606.2242,0.2293,0.0088,2.4183,0.4691,0.2259,0.8157,0.1646,1.2383,0.3384,0.0000,0.7053,0.1262,35,11,3,15,0
esport_0109,222.1039,157.5351,31.7313,8.3321,6.9730,39,0.0435,511.4823,625.0000,0.8381,0.0123,2.7657,0.1976,0.0322,0.5177,0.1459,1.2135,0.5853,0.0000,1.9421,3.8530,104,60,16,5,0
skilled_1112,181.4578,126.7515,104.2733,8.5282,9.7494,28,0.0182,370.7059,611.8429,0.2838,0.0103,2.6262,0.4246,0.0767,0.7813,0.1654,1.0210,0.4426,0.0000,0.9860,1.3521,91,40,6,6,0
skilled_0707,87.3170,108.5520,91.6574,13.6726,8.2841,15,0.0283,363.5082,620.0000,0.3752,0.0074,2.7424,0.2787,0.1272,0.4076,0.1735,1.4067,0.1401,0.0000,1.4881,0.6064,48,6,3,11,0
casual_1101,120.7551,44.6399,77.0192,11.2693,13.6468,23,0.0117,273.3788,535.3731,0.0200,0.0022,2.6878,0.4862,0.1606,1.1248,0.2623,0.6662,0.1933,0.0000,1.8353,0.2789,116,22,7,14,0
casual_2746,85.6937,99.7385,111.0615,26.4293,5.8776,26,0.0216,257.1740,603.8116,0.2429,0.0149,1.5912,0.4081,0.2409,0.2789,0.3183,0.8601,0.2467,0.0000,0.5888,1.2773,130,32,5,15,0
casual_2170,142.7907,65.2565,166.8684,18.1609,13.4498,6,0.0099,312.5337,620.0000,0.7602,0.0093,1.7326,0.3335,0.1757,0.9505,0.2337,1.2400,0.2905,0.0000,0.4753,0.8602,50,14,2,7,0
casual_0322,118.6575,81.9701,146.3280,6.6528,11.5713,14,0.0175,546.1869,542.3406,0.3409,0.0003,2.0722,0.4220,0.0400,0.4539,0.2711,1.0350,0.1595,0.0000,0.6800,0.2290,107,17,4,1,0
esport_0004,155.6676,147.6155,54.6318,7.1037,3.1136,74,0.0094,467.6190,565.8451,0.6895,0.0167,2.8437,0.2157,0.0819,0.2628,0.1383,1.6253,0.4449,0.0000,4.9436,4.5524,161,71,32,0,0
skilled_0142,257.5217,87.0577,58.5418,11.0812,10.2928,38,0.0337,364.8657,620.0000,0.1099,0.0012,2.5583,0.2507,0.1173,0.5838,0.3280,1.7621,0.5154,0.0000,2.0688,1.3250,169,87,14,13,0
skilled_0537,242.6085,118.5177,63.3301,13.4260,6.6808,71,0.0089,375.1512,590.5907,0.2390,0.0005,2.7445,0.2100,0.1260,0.5371,0.2069,1.5484,0.3896,0.0000,0.9280,0.5639,198,77,2,7,0
trigger_0000,132.4966,86.7969,53.6034,4.0935,6.2252,21,0.0275,544.4962,534.9096,0.3058,0.0085,3.1095,0.1336,0.0082,0.4687,0.0013,2.4212,0.7142,0.0000,5.2404,1.4487,43,30,9,4,1
casual_2924,46.1975,69.2529,147.1276,19.0551,18.0187,9,0.0000,287.6139,545.4122,0.5278,0.0074,2.0282,0.3779,0.1743,0.6011,0.2006,1.0211,0.2396,0.0000,1.4197,0.8138,39,9,3,11,0
casual_1149,271.1184,72.7250,93.2443,34.1315,13.5423,12,0.0308,484.6750,572.4763,0.1343,0.0020,2.0997,0.6538,0.1916,1.0107,0.0682,1.1606,0.0912,0.0000,1.6595,0.4424,43,3,9,8,0
skilled_0617,276.7106,67.7047,59.9400,7.1415,7.2504,56,0.0067,370.4860,589.7377,0.6282,0.0354,3.0454,0.1729,0.0597,0.8107,0.1903,2.2533,0.4359,0.0000,0.4095,1.0561,192,83,8,5,0
casual_0291,44.0297,78.9279,101.1932,15.8945,11.2611,14,0.0052,401.3950,524.8249,0.0953,0.0089,2.0701,0.2594,0.1190,0.6714,0.3345,1.2599,0.0476,0.0000,1.0580,1.0029,67,3,9,8,0
skilled_0749,92.4707,76.6753,93.0004,2.6684,8.9096,64,0.0292,463.8196,597.4792,0.3419,0.0314,2.4507,0.2605,0.0619,0.5555,0.0392,1.3934,0.4312,0.0000,2.2328,2.8030,166,71,12,1,0
skilled_0586,68.2802,71.5751,95.9618,10.3267,7.8140,49,0.0003,504.4082,620.0000,0.6210,0.0237,2.7785,0.2452,0.1013,0.5929,0.1684,1.4848,0.3431,0.0000,2.2214,2.2413,138,47,4,4,0
casual_0533,203.0399,117.6860,133.6365,16.3246,8.0101,7,0.0068,444.9137,520.3951,0.7294,0.0303,2.2947,0.9330,0.1056,0.8820,0.1968,0.8569,0.2936,0.0000,1.1303,0.8127,40,11,3,17,0
skilled_0607,208.6920,97.3777,28.9669,10.3805,6.8672,7,0.0345,381.8781,620.0000,0.5913,0.0066,2.6237,0.4348,0.1065,0.3704,0.2177,1.0662,0.4142,0.0000,2.2842,1.7998,48,19,18,1,0
casual_2648,209.4365,87.1629,114.9205,21.9473,15.8879,9,0.0302,507.7217,593.1190,0.0200,0.0049,2.0292,0.5791,0.0400,0.2123,0.3650,0.9265,0.1313,0.0000,2.1893,1.1977,92,12,10,15,0
aimbot_0060,49.3857,151.0676,7.9290,1.5674,1.5670,26,0.1082,511.6841,589.9294,0.4463,0.0019,2.4221,0.0537,0.0150,0.6983,0.0100,0.9585,0.7305,0.0000,6.7162,2.5000,36,26,27,4,1
casual_1983,95.2589,10.0000,66.3837,16.8586,6.3430,7,0.0000,430.2896,481.7373,0.3103,0.0034,1.8301,0.6128,0.1216,0.4397,0.1475,0.9081,0.1807,0.0000,1.3368,1.1758,26,4,8,13,0
casual_2932,182.0466,12.2827,98.7774,16.1825,16.5894,30,0.0238,360.9425,600.0733,0.7532,0.0035,2.0224,0.5724,0.0400,0.4806,0.3533,1.2949,0.4221,0.0000,0.0000,1.6683,158,66,6,5,0
casual_1536,241.1970,41.4047,139.4423,15.6709,3.2338,18,0.0251,443.5986,568.2425,0.0200,0.0075,2.7998,0.5583,0.1944,0.5386,0.1693,1.1622,0.1241,0.0000,0.6917,0.3136,84,10,5,2,0
esport_0284,271.1858,158.0227,28.1102,6.6730,3.7816,68,0.0517,577.5479,615.4032,0.3332,0.0099,3.2343,0.2435,0.0760,0.3812,0.1004,1.4500,0.3000,0.0000,4.5538,4.1542,153,45,19,6,0
skilled_1172,139.0874,95.0048,48.9005,11.0333,5.0954,22,0.0118,533.3432,592.7641,0.5219,0.0048,2.4809,0.2583,0.1277,0.4065,0.2026,1.4495,0.3449,0.0000,1.9478,1.3629,64,22,15,11,0
skilled_0360,148.6914,114.5924,111.6499,8.3812,4.5050,7,0.0098,370.6893,551.7285,0.6161,0.0028,2.8963,0.3678,0.0971,0.5202,0.2979,0.9593,0.3610,0.0000,2.3415,1.9767,29,10,5,1,0
skilled_0665,74.4608,50.3243,73.9972,11.0850,12.7339,12,0.0185,486.1392,539.1405,0.4461,0.0033,2.0340,0.6657,0.1245,0.5618,0.1650,0.5458,0.2755,0.0000,2.5936,1.9722,43,11,7,5,0
skilled_1005,246.3639,113.7880,57.5976,9.8507,1.8760,34,0.0090,319.2205,611.8349,0.4076,0.0189,2.8439,0.2450,0.0420,0.4707,0.0743,1.1980,0.3978,0.0000,2.1643,1.8824,117,46,9,13,0
skilled_0626,213.8430,129.3605,15.0000,9.0127,2.2461,28,0.0214,564.8228,600.1529,0.5042,0.0021,2.7444,0.3250,0.1759,0.5161,0.1811,1.1846,0.4225,0.0000,0.3110,1.0831,74,31,6,10,0
casual_0586,77.9268,92.9886,110.9469,14.3746,16.3020,32,0.0074,434.1940,567.4823,0.3377,0.0177,1.9357,0.4402,0.0628,0.7789,0.3377,0.8306,0.1875,0.0000,0.6604,1.6640,164,30,9,12,0
skilled_0256,224.4338,91.7928,87.5376,17.2935,3.2928,27,0.0254,429.9666,616.5074,0.4426,0.0016,2.7961,0.2660,0.0459,0.5182,0.1223,1.0868,0.4729,0.0000,2.3273,1.9526,164,77,7,9,0
casual_2298,31.3115,14.4740,95.1270,18.9464,6.9770,11,0.0000,418.2445,575.7084,0.4051,0.0011,2.4262,0.4246,0.2053,0.6808,0.2684,1.3319,0.4266,0.0000,1.3517,0.6192,65,27,7,9,0
skilled_0988,204.2076,110.3796,80.5416,2.8971,8.5077,31,0.0411,498.0870,620.0000,0.3279,0.0101,2.5369,0.3218,0.1100,0.5188,0.0346,1.5893,0.4820,0.0000,1.9345,2.2215,110,53,15,9,0
casual_0584,277.6812,67.8968,55.8514,18.9091,15.2519,10,0.0049,362.4141,620.0000,0.6533,0.0072,2.2768,0.3005,0.1035,0.8225,0.1685,0.8687,0.1328,0.0000,1.0202,0.7006,48,6,1,12,0
casual_2423,56.1723,10.0000,20.0000,24.3734,14.3958,7,0.0133,323.4296,602.9041,0.3247,0.0071,2.8862,0.4494,0.2342,0.6140,0.1086,0.9705,0.1568,0.0000,0.8743,0.8890,27,4,4,15,0
casual_1391,256.1185,37.3371,165.9520,27.7577,11.2931,6,0.0209,283.9319,572.6133,0.3378,0.0055,2.6202,0.8150,0.0739,0.6070,0.2299,0.5674,0.2066,0.0000,0.8809,1.2041,42,8,10,14,0
esport_0275,206.4674,129.7436,81.0961,2.5967,6.5410,72,0.0436,392.1530,587.7674,0.6623,0.0049,3.4161,0.2557,0.0293,0.4306,0.0383,1.8374,0.5450,0.0000,6.7820,3.6633,188,102,12,2,0
speed_0070,63.0492,141.8258,80.1631,28.9066,11.0299,27,0.0198,681.5433,944.8315,0.3678,0.5270,3.1643,0.4631,0.0678,1.0927,0.2515,0.8033,0.2748,0.0000,3.8328,3.3519,118,32,18,2,1
aimbot_0050,40.0483,171.2720,8.6862,1.8478,1.6413,18,0.0155,445.0674,582.3059,0.2107,0.0017,2.8934,0.0881,0.0020,0.1521,0.0349,2.1379,0.7570,0.0000,7.9718,7.9170,32,24,28,1,1
skilled_0240,194.5299,47.2661,92.2737,6.4841,5.6406,45,0.0423,419.7617,609.0289,0.3421,0.0077,2.5622,0.3586,0.0495,0.4699,0.1783,1.0211,0.4536,0.0000,3.0790,0.1562,187,84,5,11,0
esport_0031,173.0271,205.5675,65.3679,4.3770,3.5561,22,0.0348,462.6360,610.6385,0.9674,0.0207,2.7778,0.1452,0.0805,0.5801,0.1402,1.6922,0.5030,0.0000,2.9025,1.1726,51,25,28,4,0
skilled_0338,93.6115,67.5806,116.6577,12.6261,7.1356,40,0.0347,453.3188,569.2104,0.8341,0.0154,2.8877,0.1273,0.1681,0.5591,0.0808,0.8383,0.2540,0.0000,2.3501,2.1828,126,32,19,7,0
skilled_0220,99.9683,110.1078,92.3655,1.8960,5.9913,5,0.0046,379.6363,599.4902,0.4865,0.0111,2.3725,0.2764,0.1015,0.6946,0.0790,1.8798,0.3691,0.0000,2.8895,1.7700,22,8,9,8,0
casual_2111,173.9774,10.0000,73.8945,13.1234,8.7855,9,0.0150,376.4756,546.8567,0.3872,0.0022,2.4098,0.2770,0.0852,0.8713,0.2902,0.7703,0.2308,0.0000,0.7928,0.9242,80,18,3,13,0
casual_1174,166.1282,114.6765,117.2409,5.8387,6.5426,19,0.0136,441.9340,507.3789,0.0898,0.0021,2.3714,0.6414,0.0400,0.7993,0.3071,0.6131,0.0351,0.0000,0.2036,1.1054,131,4,1,6,0
speed_0012,68.3912,91.2808,40.0106,13.5440,7.1724,3,0.0447,790.4588,1455.2553,0.2534,0.7203,3.3251,0.3382,0.1593,0.6085,0.2752,1.3724,0.4909,0.0000,2.6923,3.1598,158,77,9,5,1
skilled_0811,138.6890,63.2371,38.4552,9.3403,10.3762,24,0.0152,487.8937,610.2385,0.5863,0.0004,2.0473,0.3289,0.1003,0.1603,0.0704,1.5780,0.1316,0.0000,2.3096,1.8412,65,8,8,6,0
casual_1867,85.0424,70.8842,128.1150,18.2399,1.0000,18,0.0256,432.7926,581.8442,0.5848,0.0051,1.8280,0.3683,0.1878,0.3364,0.3377,0.6272,0.2533,0.0000,1.3333,0.7725,162,41,1,16,0
casual_2614,103.2072,104.5563,209.0688,24.6241,13.2364,18,0.0080,494.1131,531.6029,0.3390,0.0068,2.7679,0.3811,0.1448,0.4531,0.2611,1.3691,0.1843,0.0000,0.1737,2.3571,130,23,5,14,0
skilled_0866,52.5401,88.4078,89.3630,2.4750,8.1116,47,0.0254,414.4118,561.7974,0.4670,0.0120,2.6768,0.3975,0.1565,0.2753,0.2262,1.6722,0.4775,0.0000,2.0629,2.9134,155,74,16,8,0
speed_0035,34.2083,90.9622,181.3294,8.8597,11.7095,39,0.0136,876.5554,1525.0485,0.8957,0.4592,3.0999,0.4575,0.0832,0.7096,0.1196,0.1103,0.1910,0.0000,1.9487,1.7693,144,27,7,7,1
skilled_0778,33.4871,41.4954,83.4462,8.5528,11.2665,48,0.0115,442.3944,579.8536,0.8991,0.0076,2.2631,0.2160,0.0779,0.7776,0.2302,1.7434,0.4948,0.0000,1.5669,1.5741,144,71,12,1,0
skilled_0846,274.8832,161.9055,90.0490,11.8152,6.4868,15,0.0153,429.9541,583.4644,0.3961,0.0014,2.5225,0.2936,0.0858,0.5538,0.1167,1.2382,0.4607,0.0000,3.6291,0.7034,37,17,16,12,0
casual_2416,93.9095,68.9559,28.6648,16.0971,10.1193,4,0.0125,510.2725,561.0075,0.6027,0.0072,3.1100,0.2501,0.1155,0.5415,0.2668,1.3686,0.2878,0.0000,0.5332,1.5309,31,8,5,3,0
casual_0070,87.9379,15.8259,130.3367,7.6866,3.6735,9,0.0203,330.9092,569.4182,0.4139,0.0034,2.1299,0.8467,0.1729,0.7094,0.1606,0.7040,0.1512,0.0000,0.9079,1.3606,45,6,8,15,0
speed_0030,26.9213,98.5088,91.9318,6.7407,9.5619,12,0.0252,857.4878,1529.2274,0.5914,0.3811,2.6606,0.4219,0.1107,0.8049,0.2275,0.9732,0.5326,0.0000,2.8676,2.6548,73,38,23,5,1
casual_1126,165.2069,66.5554,101.3397,21.5310,14.2241,11,0.0064,320.5030,605.0082,0.4743,0.0162,2.8351,0.2000,0.1967,0.8617,0.1238,0.6896,0.2227,0.0000,0.8537,0.0500,62,13,3,2,0
skilled_1024,169.7969,89.7815,34.4853,7.9835,3.7048,28,0.0183,467.9640,603.3034,0.4042,0.0098,1.6261,0.3512,0.1484,0.5022,0.1798,1.2299,0.1961,0.0000,1.2677,0.6075,128,25,6,0,0
skilled_0250,107.3127,159.5712,35.0311,12.6639,6.6938,19,0.0239,424.1254,564.1442,0.1734,0.0118,2.5771,0.3130,0.1014,0.7844,0.1766,2.0105,0.3697,0.0000,1.6882,0.3915,110,40,18,1,0
skilled_0901,110.2217,84.9038,112.9317,4.4275,8.3066,19,0.0101,513.4089,582.5802,0.3449,0.0084,2.6184,0.3633,0.1030,0.6290,0.3063,1.3114,0.3572,0.0000,3.2954,1.2227,83,29,7,11,0
casual_1095,140.6952,64.0875,86.8859,11.5774,9.5451,22,0.0343,522.9205,500.8411,0.3876,0.0069,1.9587,0.5690,0.1275,1.0750,0.3227,0.9331,0.1351,0.0000,0.5505,0.7309,169,22,1,4,0
esport_0295,290.2054,205.9329,68.7595,10.3978,4.1758,63,0.0162,501.8275,597.8612,0.4954,0.0079,2.5943,0.1359,0.0715,0.3858,0.0966,1.2494,0.4129,0.0000,2.6199,6.8287,137,56,18,9,0
casual_1212,181.5302,10.0000,78.0102,12.6341,18.4629,11,0.0000,509.8603,530.2861,0.2747,0.0240,2.3909,0.4152,0.1888,0.8244,0.0630,1.5029,0.1548,0.0000,1.5291,1.1774,43,6,3,16,0
skilled_0921,95.1640,101.4975,99.3026,15.6898,4.3800,33,0.0000,543.8216,601.9912,0.3755,0.0141,2.3158,0.1630,0.0871,0.5062,0.0724,1.2918,0.2643,0.0000,2.1037,1.4755,114,30,16,10,0
casual_1425,135.7068,54.3247,32.8623,27.2496,13.1142,51,0.0404,289.8468,496.0640,0.6759,0.0095,2.2326,0.3357,0.1260,0.9858,0.3360,0.8833,0.4469,0.0000,1.6077,0.6844,171,76,5,5,0
skilled_0066,117.7507,112.5021,86.6197,1.0000,6.3087,15,0.0201,407.7299,609.9981,0.1828,0.0088,2.1985,0.2335,0.1020,1.1715,0.1514,1.5443,0.5152,0.0000,1.7873,0.1000,54,27,4,0,0
esport_0269,231.9155,138.2006,32.3923,7.7301,2.6477,38,0.0473,415.5007,593.1314,0.4110,0.0026,2.7098,0.1097,0.1105,0.5560,0.0903,2.5878,0.3239,0.0000,1.5304,2.7847,123,39,16,5,0
casual_2100,231.7199,68.1548,110.2000,41.5342,5.7656,16,0.0051,347.0627,515.0498,0.6328,0.0058,2.1621,0.5230,0.1862,0.7594,0.2544,1.1346,0.0724,0.0000,1.4590,0.3218,178,12,0,7,0
casual_0807,76.6949,14.4378,31.5754,34.3283,2.6029,18,0.0083,361.1388,620.0000,0.3683,0.0144,2.2560,0.5801,0.1223,0.3613,0.1731,1.3267,0.2389,0.0000,0.8450,0.8759,113,26,2,17,0
esport_0493,213.9992,111.9302,57.3229,10.7737,3.3299,16,0.0404,443.1399,625.0000,0.5372,0.0002,2.9284,0.1224,0.0394,0.4445,0.1568,2.6890,0.5156,0.0000,5.3140,4.7754,52,26,11,4,0
skilled_0750,78.2441,75.7195,75.2082,14.9329,6.3532,7,0.0018,502.8002,536.2305,0.4501,0.0192,3.4708,0.2520,0.0929,0.4572,0.2543,1.2569,0.3599,0.0000,2.4897,1.0363,32,11,16,4,0
casual_1362,197.0530,85.7881,113.5147,23.2564,11.0146,4,0.0069,393.7394,529.1277,0.6722,0.0017,2.1367,0.8736,0.1694,0.6289,0.3456,0.7239,0.1256,0.0000,0.9384,1.1640,16,2,11,15,0
casual_2317,236.3005,66.6029,66.5271,14.5015,22.7655,40,0.0106,248.6912,562.5468,0.2662,0.0000,2.5569,0.6607,0.2094,0.5860,0.2839,1.0275,0.1397,0.0000,0.2385,0.8191,178,24,5,7,0
esport_0331,288.2001,85.0222,79.5355,2.0265,0.5000,32,0.0336,510.5202,589.6280,0.2103,0.0005,2.9386,0.1835,0.0359,0.3852,0.1175,2.5245,0.6020,0.0000,2.2968,2.3229,88,52,28,2,0
esport_0491,226.4803,159.8159,81.1753,5.1846,0.8737,78,0.0093,440.3387,610.3975,0.6550,0.0061,2.5283,0.1304,0.0323,0.4932,0.1298,1.3038,0.5628,0.0000,4.7836,2.7575,192,108,27,0,0
casual_1025,111.6697,47.9869,63.9826,10.9591,11.1151,8,0.0223,351.5652,550.8704,0.2472,0.0008,2.5231,0.6620,0.2038,0.8025,0.3443,0.8504,0.1972,0.0000,1.8624,1.2556,34,6,11,16,0
skilled_0109,101.4169,64.2755,106.9659,5.3633,7.4210,7,0.0236,441.3839,620.0000,0.4281,0.0088,2.2265,0.2613,0.1186,0.2587,0.0859,1.3834,0.2234,0.0000,3.2478,0.1572,23,5,18,9,0
casual_2110,170.1752,10.0000,20.0000,20.1438,7.1607,42,0.0038,453.7790,614.7515,0.5976,0.0007,3.3821,0.4283,0.1372,0.5094,0.0464,0.5454,0.1194,0.0000,1.2697,0.1817,139,16,4,8,0
casual_1041,210.2223,46.6082,172.2125,16.6661,2.7550,18,0.0149,360.1736,558.2882,0.3565,0.0024,1.6338,0.6720,0.1545,0.4251,0.2248,1.1523,0.1444,0.0000,0.6309,0.9178,130,18,3,1,0
casual_1876,102.6652,67.6969,118.8566,19.3954,17.0611,12,0.0274,377.3607,510.3423,0.2320,0.0004,2.2833,0.7373,0.1607,0.6478,0.3124,1.1642,0.1895,0.0000,0.8870,0.9437,123,23,3,5,0
casual_0881,192.4792,110.2060,112.3778,23.0427,14.4111,18,0.0092,348.7409,576.8274,0.4572,0.0400,2.6781,0.2676,0.1679,0.5897,0.1963,0.8781,0.2410,0.0000,0.0000,0.9707,92,22,7,4,0
esport_0049,267.3675,108.0746,50.7350,4.3719,3.8961,29,0.0621,490.3762,625.0000,0.4264,0.0107,2.6088,0.0800,0.0589,0.5003,0.1423,1.1730,0.3614,0.0000,5.2679,0.8000,70,25,25,2,0
casual_1192,266.2727,66.9114,125.8207,5.9314,12.8879,17,0.0256,432.7060,516.1789,0.2632,0.0036,2.2094,0.2051,0.0400,0.3621,0.3228,0.4868,0.2714,0.0000,0.9002,1.2691,114,30,10,13,0
esport_0337,153.5143,174.3138,27.4542,7.3184,1.5958,27,0.0386,526.4476,625.0000,0.5546,0.0148,2.0878,0.2214,0.0385,0.4191,0.0720,2.4738,0.4591,0.0000,3.8029,3.6263,91,41,17,6,0
esport_0260,261.3180,118.3329,32.5825,1.2038,4.2293,57,0.0663,419.6564,624.7854,0.5246,0.0600,2.4595,0.2178,0.0586,0.3552,0.1476,1.8172,0.4317,0.0000,6.9708,2.3750,154,66,5,1,0
skilled_0670,128.2108,93.4439,27.3445,7.8860,1.8004,59,0.0007,384.5907,603.2674,0.3084,0.0159,2.5933,0.4851,0.0914,0.4937,0.3070,0.6110,0.4663,0.0000,1.9465,2.2053,149,69,9,2,0
casual_0624,294.0376,84.3413,88.1867,16.7313,12.6280,31,0.0183,439.5897,519.6957,0.6066,0.0024,1.6335,0.4539,0.1165,0.8115,0.2253,0.7140,0.1377,0.0000,1.0595,0.6888,129,17,11,17,0
casual_2796,199.2268,23.2590,40.7065,31.6190,20.8589,8,0.0225,150.0153,522.8506,0.1250,0.0014,2.7694,0.6686,0.0400,0.4754,0.3062,0.7518,0.2181,0.0000,0.0134,0.0500,26,5,8,17,0
esport_0041,269.6140,154.2309,98.6541,3.1945,2.6894,33,0.0088,410.8845,589.8140,0.4618,0.0366,2.4959,0.1325,0.0777,0.3740,0.0375,2.3581,0.5760,0.0000,4.9174,1.5985,72,41,31,9,0
trigger_0043,68.3243,71.4609,91.8925,2.8468,2.4263,23,0.0270,412.0998,547.3584,0.5994,0.0164,2.0820,0.0811,0.0010,0.4658,0.0026,2.7767,0.4705,0.0000,6.2695,3.8295,45,21,28,0,1
casual_0233,190.9315,39.3379,133.4912,10.1045,12.0529,22,0.0030,276.9269,472.3087,0.1939,0.0262,3.1947,0.2999,0.1023,0.7791,0.2299,1.0118,0.2665,0.0000,1.4911,0.6135,147,39,7,5,0
esport_0316,130.8030,183.6287,33.0393,0.5000,9.2443,26,0.0090,427.9732,608.7557,0.3833,0.0224,2.8432,0.2396,0.0236,0.4303,0.1623,2.1145,0.4513,0.0000,4.8841,4.0198,111,50,10,5,0
casual_1662,241.3844,100.4046,34.9453,10.8504,12.6815,11,0.0147,206.7985,560.8047,0.3293,0.0023,2.4046,0.4747,0.2846,1.1305,0.1213,1.8031,0.1100,0.0000,0.9263,0.1692,63,6,5,15,0
casual_0415,95.0236,88.8757,132.0716,15.4964,9.3454,12,0.0012,406.6914,446.7995,0.3270,0.0044,2.5669,0.4913,0.1332,0.4081,0.3491,0.5466,0.4004,0.0000,0.0000,0.7359,74,29,11,6,0
skilled_1246,267.1925,99.4684,88.8599,9.1262,6.3386,40,0.0000,467.4187,562.2895,0.1342,0.0109,2.5882,0.4903,0.0836,0.5398,0.2398,1.6123,0.2793,0.0000,2.6427,1.9029,140,39,15,7,0
casual_2173,70.9865,101.1510,135.6215,23.6078,20.5463,10,0.0139,424.3690,603.7006,0.2828,0.0214,2.3859,0.4840,0.0851,0.3427,0.1729,0.5688,0.2512,0.0000,0.0000,0.5305,66,16,11,1,0
casual_1456,91.0008,125.8960,95.4671,25.1060,7.0325,19,0.0174,592.6356,555.8070,0.1716,0.0007,2.3303,0.7310,0.1873,0.8469,0.3645,0.1000,0.1556,0.0000,1.7248,1.2032,139,21,3,15,0
casual_0746,119.9354,72.7885,188.6395,30.3266,10.5161,26,0.0055,427.9731,519.1633,0.1051,0.0022,2.4419,0.5199,0.1572,0.7923,0.3246,1.2636,0.1796,0.0000,2.2504,2.0890,128,22,6,10,0
casual_0017,47.2307,29.0613,20.0000,29.6847,7.1024,23,0.0233,548.5293,576.6536,0.1967,0.0047,2.7964,0.6183,0.1112,0.3923,0.2470,1.0119,0.1392,0.0000,0.9743,1.4287,158,21,2,8,0
casual_1200,182.9336,67.5039,78.8340,7.6995,12.5152,21,0.0000,481.1696,439.7737,0.5347,0.0000,2.8093,0.7163,0.2339,0.8493,0.4141,0.3753,0.2383,0.0000,0.8566,0.8698,113,26,10,3,0
casual_1699,224.8958,38.6244,80.9247,15.9113,12.0817,19,0.0000,268.8492,539.1908,0.5496,0.0095,2.1403,0.7243,0.1278,0.7533,0.2894,1.2379,0.2900,0.0000,1.8444,1.5065,57,16,2,6,0
skilled_0253,167.8811,118.0091,89.0116,5.9135,6.1097,8,0.0277,534.0103,612.3014,0.7065,0.0120,2.2522,0.5321,0.1106,0.4671,0.2268,2.0641,0.4172,0.0000,2.0323,1.9947,34,14,18,5,0
casual_0596,219.8190,66.0743,20.0000,5.7655,18.3502,13,0.0128,396.2879,559.6041,0.4495,0.0192,2.6363,0.5330,0.2538,0.9769,0.2722,1.7059,0.2483,0.0000,1.5448,0.9686,106,26,10,2,0
skilled_0226,61.6719,68.9667,87.8391,20.7455,6.4347,11,0.0320,437.6946,595.5277,0.3095,0.0065,2.3353,0.3053,0.1547,0.8382,0.1469,1.6978,0.3264,0.0000,1.9468,2.5750,59,19,14,10,0
esport_0155,105.3431,156.2052,74.6878,2.7131,1.3511,53,0.0192,445.1118,622.0987,0.6392,0.0242,3.0411,0.1339,0.0525,0.5308,0.0331,2.0745,0.4188,0.0000,4.4857,4.8753,142,59,22,2,0
esport_0469,122.4584,120.7784,52.0062,9.9227,8.1632,25,0.0439,481.0565,598.5491,0.7721,0.0337,2.3240,0.2153,0.0537,0.5026,0.1261,2.1332,0.5256,0.0000,5.1433,2.5752,70,36,17,1,0
casual_1505,166.5558,21.0818,62.7401,9.3656,14.1808,6,0.0081,538.9088,569.5641,0.2968,0.0060,2.3145,0.5994,0.1094,0.8821,0.2973,0.8072,0.0875,0.0000,0.8858,0.8865,34,2,5,4,0
casual_1412,257.3818,82.5461,20.0000,11.7002,12.0078,38,0.0000,252.2206,507.4472,0.4973,0.0152,2.0880,0.7980,0.1378,0.9100,0.1873,0.9013,0.2857,0.0000,1.5119,0.7241,147,41,0,5,0
casual_1965,50.2547,80.7861,89.2122,18.1130,7.0474,12,0.0116,340.8387,588.7018,0.5028,0.0071,1.9370,0.4289,0.0553,1.1479,0.1565,0.8208,0.1754,0.0000,1.2932,0.7247,79,13,0,17,0
casual_0371,103.0444,178.0979,149.5381,12.3379,12.8010,27,0.0149,393.2223,505.3337,0.1968,0.0011,2.6281,0.3319,0.2121,1.1414,0.3779,1.3545,0.0366,0.0000,0.5614,0.0966,120,4,7,17,0
casual_1340,57.2987,134.5441,123.0112,28.1788,27.2310,8,0.0164,478.7824,533.5705,0.3985,0.0024,2.4379,0.5407,0.2515,0.6802,0.3489,0.9667,0.1323,0.0000,0.7463,0.8930,50,6,9,8,0
casual_0598,295.0876,63.4635,84.7105,4.1204,13.9909,35,0.0197,422.3232,547.3504,0.5916,0.0071,2.6392,0.5998,0.1036,0.6538,0.3388,0.8600,0.2945,0.0000,1.3888,0.4997,126,37,4,13,0
casual_0238,34.8159,94.1014,20.0000,16.7467,2.0242,19,0.0036,351.1323,598.6443,0.3286,0.0014,2.7990,0.7277,0.2949,0.6363,0.1371,1.2101,0.2971,0.0000,1.1729,1.3732,76,22,10,16,0
skilled_0400,223.1518,110.1227,103.6220,8.6756,6.6156,15,0.0102,428.6914,602.5917,0.4337,0.0205,2.5761,0.3256,0.1254,0.3507,0.1112,1.5668,0.2016,0.0000,1.7505,2.3876,73,14,10,13,0
casual_2067,292.2065,60.9717,116.6801,18.7581,10.9101,28,0.0206,230.7619,583.3813,0.3302,0.0006,2.7355,0.5495,0.2050,0.6067,0.1952,0.9411,0.0551,0.0000,0.6061,1.3307,142,7,9,6,0
casual_0810,31.0821,92.1132,174.0115,19.9252,6.5637,6,0.0199,430.0340,553.9040,0.4189,0.0094,2.9214,0.6125,0.1232,0.8005,0.2411,0.6930,0.0200,0.0000,1.8864,1.5672,25,0,0,13,0
casual_1094,188.2096,92.2149,109.8490,3.6765,18.8855,17,0.0246,303.6019,542.2384,0.3172,0.0029,1.6784,0.5364,0.2536,0.1500,0.1897,0.5011,0.2913,0.0000,0.9068,0.5011,110,32,5,7,0
esport_0074,237.2249,165.8581,40.0613,6.2259,2.0719,37,0.0388,513.8028,610.0068,0.4437,0.0148,2.2371,0.2073,0.0463,0.2430,0.0418,1.4923,0.7800,0.0000,3.1368,3.8020,104,81,16,2,0
aimbot_0010,102.9535,157.5851,16.6724,2.2500,0.6235,20,0.0472,517.2533,570.2445,0.5542,0.0028,2.2342,0.0494,0.0088,0.4101,0.0584,1.8135,0.6615,0.0000,7.9251,7.9766,41,27,22,0,1
skilled_0676,271.1822,99.1287,107.3669,12.0787,10.5909,12,0.0268,367.2941,560.1021,0.4164,0.0136,2.4772,0.1813,0.1016,0.5752,0.0642,1.5196,0.3183,0.0000,2.8134,1.4269,43,13,13,13,0
skilled_0464,241.6739,161.9911,50.5657,11.8468,4.5373,46,0.0037,480.8308,620.0000,0.0500,0.0157,3.0578,0.2644,0.1627,0.5337,0.0378,1.4614,0.3174,0.0000,1.6881,1.3108,168,53,7,8,0
skilled_0103,101.8898,99.2712,104.3617,8.0293,10.1256,14,0.0130,446.9042,615.8202,0.6623,0.0020,3.0559,0.3525,0.0300,0.4550,0.1738,1.3985,0.3796,0.0000,2.6872,1.1904,53,20,5,4,0
casual_2749,38.8927,56.7092,169.8335,6.5597,13.4851,31,0.0197,328.5368,508.8104,0.3777,0.0054,1.9987,0.4851,0.0885,0.2489,0.2429,0.4117,0.4915,0.0000,0.0468,0.3808,140,68,10,12,0
casual_2295,40.6714,82.8501,66.3677,22.1921,18.5049,37,0.0348,421.3749,524.3316,0.1238,0.0042,2.3012,0.6537,0.0400,0.3880,0.1652,1.2385,0.1259,0.0000,1.1112,0.3327,157,19,11,16,0
skilled_1192,82.7947,70.0156,113.5714,6.3520,5.1863,35,0.0406,374.1852,565.7267,0.4312,0.0020,2.5598,0.2324,0.1053,0.9888,0.1419,0.8605,0.2403,0.0000,1.4294,2.5599,100,24,18,11,0
skilled_0708,218.4670,96.6147,61.0134,3.9590,3.6596,55,0.0211,414.8531,605.9866,0.2485,0.0124,1.5558,0.4799,0.1104,0.1888,0.0801,1.4007,0.5539,0.0000,1.3522,1.2339,182,100,2,6,0
skilled_0018,156.6191,105.8322,68.2417,17.7233,6.8692,8,0.0397,384.7729,579.9282,0.5704,0.0013,1.9902,0.1642,0.0414,0.7762,0.3201,1.1777,0.4054,0.0000,3.7522,0.9117,28,11,18,2,0
esport_0002,236.5594,173.1384,43.7395,0.5000,8.2127,46,0.0306,574.1528,622.4381,0.5123,0.0026,2.1912,0.2665,0.0821,0.2091,0.1001,2.2610,0.4353,0.0000,4.0262,4.5602,148,64,29,4,0
casual_0803,190.3342,52.9193,189.2564,43.4324,23.6998,3,0.0098,573.6583,485.4306,0.1561,0.0043,2.6499,0.5961,0.0874,0.6250,0.1669,1.2197,0.2902,0.0000,1.1142,0.8889,21,6,4,1,0
skilled_1190,72.8432,48.1307,112.6407,7.2078,8.8406,44,0.0172,489.6657,589.4720,0.6657,0.0044,2.1801,0.5403,0.0550,0.4922,0.1975,0.4279,0.3373,0.0000,2.5375,1.4566,196,66,19,8,0
skilled_0705,207.8391,110.0629,73.5514,10.4559,1.7371,33,0.0098,530.7306,607.0781,0.3962,0.0003,2.8946,0.4085,0.0601,0.7775,0.1599,1.6701,0.3819,0.0000,1.5118,2.2649,104,39,11,7,0
casual_0751,117.0724,33.2440,86.5883,11.2034,19.7776,18,0.0055,455.5109,564.5389,0.2326,0.0103,1.0135,0.2772,0.1185,0.6141,0.1950,0.6811,0.1237,0.0000,1.0558,0.1130,83,10,1,4,0
esport_0394,139.4896,184.8083,69.3281,5.7334,5.6669,34,0.0430,529.7377,609.6155,0.6208,0.0225,3.0307,0.1749,0.0777,0.2051,0.0769,1.7558,0.4653,0.0000,4.2449,4.1636,165,76,16,8,0
casual_2531,202.5874,35.8667,135.7476,2.0000,5.6390,43,0.0179,482.5987,579.6835,0.3455,0.0124,2.8080,0.8143,0.1682,0.8066,0.3350,1.4626,0.2010,0.0000,0.3706,0.2084,177,35,4,14,0
casual_0621,162.2189,102.4400,67.1157,14.2584,16.9234,11,0.0281,307.7075,615.0133,0.5552,0.0030,2.6740,0.3770,0.1999,0.5732,0.1458,0.9791,0.1440,0.0000,0.3745,1.0204,58,8,6,16,0
casual_2297,41.6573,100.3757,122.6115,10.4317,9.8415,31,0.0179,435.2990,620.0000,0.1349,0.0227,1.8506,0.4043,0.0778,0.6887,0.1755,0.6664,0.3205,0.0000,1.0638,0.7775,116,37,9,17,0
skilled_0828,92.5575,112.6576,41.2586,19.4093,5.0078,40,0.0364,397.0407,586.0737,0.4019,0.0058,2.3414,0.2714,0.0590,0.6113,0.1937,1.5528,0.3005,0.0000,2.2342,1.4746,133,39,12,3,0
casual_0566,235.9838,90.8142,211.4898,8.4538,11.8534,19,0.0233,299.2909,620.0000,0.1936,0.0182,1.5683,0.6480,0.0400,0.3035,0.1574,0.8453,0.0858,0.0000,0.9303,0.4420,137,11,0,8,0
casual_1135,115.9481,66.7100,95.7214,19.3785,5.1336,1,0.0203,266.4554,575.1110,0.4054,0.0046,1.9680,0.5520,0.1412,0.7025,0.1774,0.8173,0.1927,0.0000,0.0000,1.4599,13,2,3,17,0
casual_1204,37.1760,77.0580,72.1014,17.4122,14.8623,23,0.0275,514.4865,533.8811,0.3772,0.0062,1.6584,0.3955,0.2514,0.3491,0.1346,1.2867,0.2033,0.0000,0.6408,1.1183,79,16,4,9,0
casual_1047,240.1009,81.4594,180.4816,6.4735,13.2009,13,0.0193,377.0258,610.3727,0.3581,0.0025,2.2014,0.4820,0.1697,0.7138,0.4130,1.3307,0.0421,0.0000,0.5576,0.1872,70,2,1,5,0
casual_0051,31.9878,23.7523,20.0000,21.2990,9.6027,8,0.0110,399.8878,620.0000,0.2779,0.0133,2.2911,0.5618,0.1382,0.5611,0.2056,0.4814,0.1953,0.0000,1.6809,1.1696,33,6,9,12,0
skilled_0651,72.9634,111.7164,100.5329,13.1363,8.9713,23,0.0254,491.8031,601.2040,0.2546,0.0088,2.1664,0.3762,0.1677,0.5825,0.1155,1.1636,0.1810,0.0000,1.5742,1.3296,117,21,18,1,0
casual_1044,35.3369,61.1157,126.6088,11.9602,9.8771,29,0.0256,376.0119,461.6618,0.5970,0.0051,3.0041,0.2000,0.2099,0.6883,0.2784,0.9316,0.3634,0.0000,0.6792,0.8709,145,52,5,10,0
casual_2181,291.2501,127.6273,136.3585,11.8690,12.3040,21,0.0122,438.0167,620.0000,0.6414,0.0122,2.0623,0.5726,0.1375,0.9933,0.1864,1.0498,0.2181,0.0000,1.2815,0.4084,96,20,8,14,0
casual_2688,98.8837,76.6415,165.4530,17.1747,10.2139,27,0.0031,343.2851,569.3352,0.5087,0.0047,2.4319,0.5545,0.1357,0.4905,0.2783,0.6510,0.1548,0.0000,1.0781,0.3415,146,22,7,9,0
casual_0534,32.8965,10.0000,107.3066,5.3447,3.9396,29,0.0129,426.1817,593.8453,0.7044,0.0088,2.0947,0.3936,0.0905,0.6664,0.4243,0.4661,0.2364,0.0000,1.5810,1.0173,167,39,6,1,0
skilled_0184,101.6009,76.6979,74.9022,18.3079,4.8096,31,0.0030,323.5944,591.9336,0.5627,0.0188,2.9894,0.2747,0.0971,0.4751,0.1382,1.2113,0.2770,0.0000,2.7964,1.1229,99,27,3,9,0
skilled_0857,152.3158,98.8815,100.7969,6.0319,5.0016,50,0.0104,420.5730,575.8525,0.4946,0.0105,2.2279,0.2615,0.1220,0.3302,0.3121,1.1106,0.2929,0.0000,3.2939,2.1879,158,46,4,13,0
casual_0443,82.1212,91.8824,20.0000,11.9087,17.6863,8,0.0103,417.5154,503.4670,0.1509,0.0074,2.4712,0.6667,0.1412,1.1562,0.2000,1.1928,0.1699,0.0000,1.0944,0.4096,33,5,5,1,0
skilled_0604,36.5931,60.4467,99.5555,16.0753,12.7703,21,0.0135,448.8200,582.1304,0.5423,0.0353,3.0917,0.3580,0.0662,0.5180,0.0405,0.9174,0.3813,0.0000,1.0597,3.2316,70,26,15,11,0
casual_0195,78.4024,44.5849,164.2999,23.3564,12.2554,39,0.0199,539.1513,527.2106,0.3789,0.0016,2.0936,0.4229,0.1439,0.7547,0.2187,0.6516,0.1985,0.0000,1.8966,1.2206,139,27,8,5,0
casual_1115,48.8030,63.8045,113.6942,11.2050,11.3310,16,0.0251,380.7948,508.7098,0.1832,0.0019,1.9521,0.4565,0.1664,1.1066,0.1617,0.8193,0.2528,0.0000,1.1753,0.9774,104,26,9,16,0
casual_0765,32.5001,32.8284,83.7420,17.4458,1.0000,29,0.0171,416.5329,551.9499,0.4024,0.0044,2.2790,0.4307,0.2147,0.2934,0.2171,0.9303,0.2347,0.0000,0.7802,0.8069,116,27,6,11,0
casual_1945,279.9354,88.3048,59.3627,21.8858,15.7848,25,0.0277,347.6188,586.1258,0.3830,0.0006,3.2238,0.3822,0.1469,0.9723,0.3752,0.8401,0.1345,0.0000,1.5816,0.5955,119,16,1,11,0
skilled_0247,228.2910,86.5421,85.3724,14.0881,8.2706,59,0.0355,425.4273,612.7398,0.4693,0.0020,2.3194,0.1200,0.0300,0.4171,0.1662,2.3166,0.4466,0.0000,2.5823,2.1072,168,75,8,6,0
skilled_0002,66.7762,119.8977,81.3212,11.8183,12.4492,19,0.0269,384.2779,558.1360,0.3790,0.0220,2.2910,0.2681,0.0811,0.3759,0.1906,1.4394,0.2813,0.0000,3.4642,0.8218,79,22,7,9,0
casual_1432,39.4975,103.9059,103.9550,33.1404,12.5715,24,0.0147,309.6562,507.5792,0.4233,0.0033,2.4191,0.5994,0.1523,0.9852,0.2086,1.2262,0.2243,0.0000,0.9574,1.4383,148,33,9,16,0
skilled_1200,73.5880,98.5917,80.8585,9.5167,10.6583,49,0.0472,426.6186,608.9089,0.3041,0.0220,3.0852,0.3861,0.1110,0.2438,0.1786,1.5141,0.3288,0.0000,2.7083,1.7693,194,63,17,3,0
skilled_0095,119.7847,78.9078,94.5399,6.7112,7.5110,36,0.0036,417.9254,582.0908,0.5876,0.0015,2.9171,0.3851,0.0930,0.3294,0.1177,1.4447,0.3698,0.0000,1.5725,1.4156,109,40,7,10,0
casual_2922,73.4823,60.3801,29.1635,18.0769,13.3875,25,0.0316,288.9318,572.0030,0.3489,0.0096,1.8160,0.8618,0.1626,0.9188,0.0615,1.8849,0.2591,0.0000,0.8950,0.8561,128,33,10,9,0
casual_0644,197.9124,76.5118,20.0000,31.8727,10.3684,0,0.0304,481.3050,540.3358,0.2998,0.0073,3.0736,0.5767,0.0635,0.7213,0.2483,0.9240,0.1936,0.0000,0.9713,0.7090,10,1,8,2,0
casual_1049,96.6037,57.4864,77.6495,9.2731,21.2799,24,0.0227,259.3655,598.7841,0.4554,0.0064,1.8993,0.7259,0.0400,0.5498,0.3595,0.9691,0.1853,0.0000,0.2167,0.5788,175,32,3,2,0
skilled_0745,146.8474,103.4458,92.0064,13.2377,9.5059,24,0.0104,424.2186,568.3873,0.4437,0.0031,2.9903,0.2079,0.0300,0.1000,0.1605,0.4294,0.3280,0.0000,1.8651,3.2381,81,26,9,4,0
skilled_1093,123.8162,67.6251,62.1722,12.0275,8.6946,46,0.0238,384.9889,570.8083,0.5676,0.0020,1.7728,0.2182,0.1025,0.6846,0.1971,1.2385,0.3436,0.0000,2.3715,1.9696,118,40,18,3,0
esport_0153,270.8735,146.0506,46.6147,5.5650,4.7857,34,0.0254,517.3071,623.2256,0.3774,0.0227,2.9476,0.2168,0.0564,0.2963,0.0399,1.8150,0.4376,0.0000,2.3290,3.6049,158,69,15,9,0
casual_0120,187.7065,67.3480,199.4680,22.2079,21.8760,15,0.0173,364.2101,552.9860,0.2932,0.0047,2.3122,0.3546,0.1722,0.4416,0.3101,0.9840,0.1633,0.0000,0.1591,0.2620,97,15,5,17,0
casual_2052,152.1771,84.6824,107.3145,34.5433,4.4771,13,0.0175,291.9101,559.9092,0.6187,0.0001,1.7004,0.9239,0.1180,0.7145,0.3641,1.3540,0.0930,0.0000,0.8185,1.1718,61,5,4,11,0
esport_0008,155.4096,128.3679,63.5950,9.2607,4.7949,25,0.0222,521.7865,599.6813,0.4107,0.0209,2.5008,0.1754,0.0676,0.2316,0.1822,1.6131,0.6434,0.0000,4.1146,1.7118,78,50,17,5,0
speed_0038,23.3603,117.8397,70.0500,21.3128,5.6104,7,0.0131,943.0589,1237.8838,0.6087,0.4116,2.7311,0.5787,0.0501,0.5298,0.1083,0.9968,0.3768,0.0000,1.9843,0.5009,44,16,17,6,1
esport_0084,128.2212,122.1358,58.0600,5.6480,4.2688,20,0.0169,423.3306,594.3382,0.9073,0.0193,2.1983,0.2037,0.0549,0.2582,0.0433,1.8206,0.6413,0.0000,5.9112,0.8000,68,43,16,4,0
esport_0441,283.1434,143.7815,34.4279,2.1128,4.8934,53,0.0233,501.0360,574.5116,0.2586,0.0302,3.5000,0.1359,0.0811,0.3539,0.0740,2.1909,0.5891,0.0000,3.9524,3.4762,161,94,11,1,0
casual_0134,189.5472,85.2339,135.9638,31.6160,8.6687,24,0.0118,448.5355,506.1183,0.4335,0.0137,2.2966,0.6038,0.1505,0.5247,0.4175,1.0984,0.1196,0.0000,0.9740,0.1633,163,19,11,17,0
casual_2460,265.7065,41.0006,42.0448,10.1222,15.1151,28,0.0190,529.4055,572.0425,0.3089,0.0067,1.8389,0.2000,0.0771,1.3336,0.1683,1.5747,0.0669,0.0000,0.9065,0.7708,132,8,2,11,0
casual_1954,274.5936,125.7455,30.7695,2.6081,1.0000,10,0.0161,309.0710,503.0753,0.2497,0.0010,0.6111,0.6469,0.2889,0.6787,0.1085,0.6329,0.2331,0.0000,1.3112,0.7545,68,15,5,12,0
casual_2463,189.9142,85.3107,66.4106,22.1638,6.4365,8,0.0238,264.6011,584.9707,0.3013,0.0080,1.8108,0.6805,0.1300,0.1938,0.2093,0.4392,0.3178,0.0000,0.5025,0.9186,49,15,10,3,0
casual_0184,238.4434,64.6369,43.5927,2.0000,9.9329,20,0.0270,334.9988,573.1177,0.4153,0.0108,1.6586,0.3472,0.2073,0.4602,0.2855,0.8543,0.1687,0.0000,1.7310,0.0722,84,14,11,15,0
casual_1392,61.7262,54.5134,169.3861,7.3308,1.0000,30,0.0100,478.7769,524.2462,0.6175,0.0025,2.3679,0.2971,0.0993,0.6756,0.3884,1.0438,0.1892,0.0000,1.6578,0.7126,115,21,2,2,0
casual_2276,180.1714,23.2429,163.4473,26.7722,10.8943,29,0.0192,419.6096,544.4006,0.4281,0.0400,3.0322,0.5322,0.2431,0.4532,0.3511,1.3295,0.2088,0.0000,1.5429,0.0500,139,29,11,11,0
casual_0511,257.3382,108.7102,101.6623,29.7617,4.0134,15,0.0000,500.4208,620.0000,0.2134,0.0025,2.3779,0.4487,0.0963,0.5283,0.2416,1.1807,0.1391,0.0000,1.5078,0.9139,129,17,6,4,0
esport_0479,170.0226,145.9176,71.4521,4.1011,2.4050,15,0.0266,473.8457,589.9785,1.0021,0.0006,1.9745,0.1598,0.0428,0.5740,0.0701,1.4005,0.7172,0.0000,5.9475,2.2735,43,30,27,8,0
skilled_1054,257.4446,95.2650,72.4616,8.0402,4.7790,17,0.0121,412.0625,584.1967,0.2964,0.0162,2.7443,0.3410,0.0980,0.5853,0.1266,1.4299,0.1517,0.0000,1.1511,2.1448,52,7,7,1,0
skilled_0137,76.0935,71.5530,65.6404,17.0260,9.1470,8,0.0215,287.7675,620.0000,0.6517,0.0214,1.9090,0.1200,0.0851,0.2803,0.2000,1.5807,0.2897,0.0000,2.1296,1.5687,27,7,13,6,0
casual_2669,156.1638,92.1494,72.1987,7.8686,18.1318,11,0.0200,465.4002,619.3436,0.4418,0.0077,2.0861,0.7224,0.1401,0.3056,0.2839,0.7364,0.2054,0.0000,0.1455,1.0059,90,18,10,10,0
aimbot_0023,30.9643,137.2351,11.5923,2.1046,1.1965,62,0.0249,412.5969,541.1141,0.4587,0.0018,2.4152,0.0583,0.0129,0.4206,0.0387,1.9063,0.7897,0.0000,7.5208,5.7864,73,57,26,5,1
speed_0011,63.6225,120.1520,122.1700,15.5668,8.2387,28,0.0379,723.8040,1035.0108,0.2952,0.5744,2.6499,0.4970,0.2296,0.5188,0.2524,0.5014,0.2711,0.0000,2.4111,4.1203,131,35,5,4,1
casual_2117,40.6813,84.6720,118.7159,5.3757,12.4740,9,0.0094,383.9308,598.8704,0.2709,0.0065,2.1834,0.3285,0.2184,0.3729,0.1422,0.7046,0.0734,0.0000,0.0472,0.8303,55,4,1,13,0
casual_0251,264.2225,94.1532,150.4843,11.0403,21.0034,3,0.0000,317.1494,558.1439,0.1574,0.0086,2.4635,0.3862,0.0930,0.8060,0.1008,0.1876,0.2467,0.0000,1.6500,0.5829,45,11,10,6,0
skilled_0526,176.0041,77.0486,105.0863,10.9751,9.2840,18,0.0073,338.1148,620.0000,0.7702,0.0107,3.0235,0.4695,0.0894,0.4878,0.2056,1.0614,0.3146,0.0000,2.3400,1.6597,58,18,6,3,0
skilled_0559,100.8189,90.9390,88.3992,10.9842,6.5812,10,0.0138,466.5182,597.1237,0.6555,0.0320,2.7086,0.1732,0.1241,0.2455,0.1166,0.6440,0.5097,0.0000,2.1969,1.4924,34,17,14,7,0
skilled_1011,225.4503,81.1444,124.0973,14.9785,8.0828,28,0.0000,417.2292,620.0000,0.6307,0.0083,3.1471,0.5047,0.0857,0.5041,0.2484,1.4264,0.2621,0.0000,1.4408,1.0562,119,31,9,3,0
casual_1507,154.1216,81.6600,56.9221,23.5802,20.9758,14,0.0200,361.1071,588.4579,0.4572,0.0072,2.0474,0.5238,0.0484,0.7578,0.0786,0.6467,0.2069,0.0000,1.9118,0.9861,111,22,5,2,0
casual_0122,52.8000,30.1586,132.2257,13.8315,12.3801,7,0.0230,449.4900,620.0000,0.0200,0.0019,2.3823,0.6067,0.2756,0.3891,0.0300,1.0292,0.3700,0.0000,0.6418,0.9538,53,19,0,15,0
esport_0009,70.5764,120.9091,49.8799,6.9827,1.9490,53,0.0450,440.3815,578.6559,0.6488,0.0105,3.3228,0.1261,0.0920,0.4280,0.0675,2.2120,0.5556,0.0000,5.3373,6.3302,160,88,10,4,0
skilled_0333,102.0829,121.3195,111.3627,20.3426,8.5191,6,0.0009,406.1269,597.0580,0.5312,0.0004,2.3699,0.3414,0.1615,0.6101,0.1731,0.7201,0.3256,0.0000,2.0379,0.9191,24,7,4,8,0
casual_1871,148.7484,53.8323,31.7923,13.7358,16.2215,3,0.0000,440.9593,602.7937,0.3268,0.0071,1.9464,0.6574,0.1629,0.5101,0.3472,1.5805,0.2289,0.0000,1.4079,0.0500,28,6,1,1,0
skilled_0692,112.1248,77.7088,115.2520,11.7525,5.5763,34,0.0146,393.4558,596.6927,0.4264,0.0133,1.8778,0.3398,0.0688,0.6577,0.1041,1.1596,0.4350,0.0000,2.5349,2.3764,114,49,16,3,0
casual_0567,45.6893,61.4765,162.5555,2.0000,17.3946,21,0.0277,452.0522,576.7061,0.3004,0.0093,1.9005,0.6100,0.1805,0.7898,0.2759,1.1722,0.2270,0.0000,0.5406,1.7815,122,27,4,3,0
casual_1371,285.7763,70.3586,97.7621,14.7792,5.8304,2,0.0000,315.1200,611.5769,0.0883,0.0161,1.9656,0.6927,0.1344,0.5433,0.1848,1.5914,0.0951,0.0000,1.5152,0.0500,22,2,10,15,0
skilled_0185,113.0085,125.0284,103.3987,9.1858,7.4484,13,0.0094,390.4950,604.2929,0.5659,0.0082,3.0791,0.4046,0.0638,0.3852,0.0925,1.1480,0.4614,0.0000,2.3104,2.2084,63,29,15,12,0
skilled_0955,157.5062,65.8530,60.1480,4.3020,3.9694,26,0.0089,353.9027,581.2718,0.4380,0.0037,2.3651,0.3156,0.1043,0.5460,0.1626,0.9916,0.2653,0.0000,2.7294,3.5253,78,20,19,4,0
casual_1056,275.7883,38.2178,39.3483,30.3578,9.0862,15,0.0362,371.2539,585.9097,0.1491,0.0022,1.5578,0.9350,0.0897,0.3634,0.0658,0.6338,0.0200,0.0000,1.0356,0.3059,62,1,3,6,0
casual_0856,228.0436,52.7496,68.8590,23.1842,8.7449,29,0.0214,465.2785,620.0000,0.2024,0.0076,2.6685,0.6367,0.2226,0.4118,0.1552,0.5121,0.1575,0.0000,0.9433,0.8516,90,14,2,2,0
skilled_0838,110.7878,67.1443,107.9342,3.3215,1.5238,10,0.0111,435.2779,584.8509,0.3350,0.0035,3.5000,0.4521,0.0864,0.3753,0.1496,1.4134,0.3383,0.0000,3.6373,3.2434,48,16,18,2,0
casual_2860,141.8954,109.3726,117.5294,13.6554,11.6465,23,0.0000,327.3017,507.0431,0.2694,0.0192,1.9327,0.6331,0.0683,0.3673,0.3021,0.1000,0.3735,0.0000,1.2516,1.2832,129,48,10,6,0
aimbot_0019,35.5552,140.5630,3.6862,0.5419,0.6561,63,0.1193,188.9395,596.0370,0.2045,0.0208,2.5630,0.0633,0.0119,0.4197,0.0487,1.9221,0.8264,0.0000,4.2235,8.4014,99,81,15,4,1
casual_0776,197.1622,60.2611,174.9913,14.9844,7.9189,15,0.0000,325.5500,544.3580,0.4902,0.0046,1.4042,0.5992,0.2581,0.1929,0.0882,0.5101,0.0609,0.0000,0.9711,0.3845,66,4,3,8,0
casual_0720,168.4377,95.1683,45.3076,24.3793,15.4760,33,0.0104,301.1904,573.8908,0.6689,0.0012,2.2129,0.6912,0.0658,0.4444,0.0504,0.7023,0.2350,0.0000,0.0000,0.7940,117,27,4,14,0
casual_2710,292.4385,131.2414,20.0000,2.0000,22.6351,21,0.0157,435.9185,620.0000,0.5867,0.0031,3.0633,0.4333,0.1113,0.7877,0.3361,0.8588,0.1683,0.0000,1.2054,1.6369,163,27,9,10,0
casual_2654,152.2749,97.4098,64.2430,10.8672,8.6230,3,0.0448,388.6521,620.0000,0.1630,0.0216,2.1158,0.5034,0.0689,0.8481,0.1832,0.9406,0.1175,0.0000,1.3940,0.3335,67,7,4,16,0
speed_0027,149.6677,106.0087,48.7871,14.4980,9.9160,15,0.0187,1104.0796,1141.9510,0.5168,0.4521,2.5057,0.5999,0.1028,1.1566,0.1682,1.4661,0.2837,0.0000,4.6631,2.5255,90,25,15,7,1
casual_0602,273.8985,23.2498,170.5584,32.4867,14.5723,23,0.0191,370.1265,438.2763,0.5004,0.0053,2.4261,0.8806,0.1021,0.8033,0.1144,1.4086,0.1648,0.0000,0.6252,0.9971,111,18,0,10,0
skilled_0822,64.1611,94.5399,74.9018,13.8610,6.8959,32,0.0329,362.3103,562.6050,0.3318,0.0356,1.7942,0.3453,0.1684,0.3074,0.1628,1.6231,0.4046,0.0000,1.4845,2.0792,101,40,4,1,0
casual_1244,126.4898,81.7818,94.6250,13.7799,14.1657,10,0.0274,290.2751,538.9936,0.1541,0.0254,2.0898,0.4921,0.1580,0.7022,0.0300,0.8725,0.3297,0.0000,1.3744,0.8735,43,14,4,10,0
aimbot_0095,74.2951,165.2832,10.7229,2.3752,1.6744,68,0.0380,409.3501,621.2935,0.6007,0.0120,2.8519,0.0342,0.0116,0.6500,0.0260,2.3098,0.8497,0.0000,6.7315,6.1898,89,75,26,5,1
aimbot_0091,78.2130,165.7968,19.0003,2.0365,0.5924,24,0.0621,355.8451,603.4689,0.2792,0.0073,2.7389,0.0454,0.0131,0.5563,0.0523,2.8750,0.6965,0.0000,6.7776,8.0307,30,20,36,0,1
casual_0318,110.1566,68.4343,135.9174,12.9121,6.7562,15,0.0180,325.1202,620.0000,0.6397,0.0018,3.3271,0.7113,0.0993,0.6396,0.2507,0.8360,0.3071,0.0000,0.7784,0.8423,81,24,5,9,0
casual_0828,265.9499,96.5785,80.6095,2.0000,7.6059,27,0.0151,320.6836,546.7334,0.3100,0.0045,2.6346,0.5787,0.2168,0.7619,0.3588,0.5827,0.0239,0.0000,2.0060,0.3878,123,2,0,14,0
skilled_0263,182.7682,97.4931,28.0030,7.4689,4.8330,46,0.0098,480.2295,576.7203,0.4696,0.0146,2.9181,0.2691,0.1063,0.4367,0.1928,1.4006,0.4402,0.0000,1.4848,0.7588,144,63,5,2,0
casual_0274,213.7929,81.2157,61.2824,28.3157,10.9720,19,0.0150,331.5925,474.3804,0.3960,0.0110,3.2639,0.2665,0.1346,0.8541,0.1483,1.0530,0.2506,0.0000,0.9834,1.0831,149,37,10,5,0
casual_2664,162.7348,44.9323,127.0065,6.5382,2.3634,5,0.0261,505.4459,466.2115,0.2899,0.0018,2.3316,0.5262,0.2209,0.5256,0.3757,1.0880,0.2594,0.0000,1.4024,0.8908,60,15,7,9,0
casual_0549,147.1203,104.1163,82.9243,17.6163,16.6804,7,0.0385,433.2987,510.5295,0.3480,0.0004,2.5088,0.4313,0.1458,0.8098,0.1833,0.6463,0.2160,0.0000,1.2054,0.7811,27,5,8,14,0
skilled_0641,58.9691,95.8596,89.5577,9.3454,7.0429,11,0.0270,468.0392,518.4034,0.4294,0.0107,2.9058,0.3821,0.0971,0.6036,0.1841,1.1768,0.2050,0.0000,1.4165,1.9547,60,12,6,6,0
skilled_1053,178.9444,41.3839,111.4437,17.4127,5.2377,54,0.0070,525.5667,571.4545,0.2910,0.0098,2.6581,0.3126,0.0556,0.4327,0.1069,1.4924,0.3841,0.0000,1.7315,2.3171,186,71,6,3,0
speed_0042,38.9747,151.1918,92.5911,12.3898,4.7627,44,0.0445,954.6964,1192.9915,0.9603,0.6334,2.8306,0.2782,0.0805,0.6633,0.1742,1.8198,0.2380,0.0000,2.3016,5.4579,140,33,20,2,1
casual_2934,210.0450,116.3658,144.6817,15.3663,22.7031,27,0.0212,414.3236,553.6404,0.4328,0.0091,2.2995,0.6717,0.0941,0.6846,0.3741,0.1577,0.2439,0.0000,1.2189,0.8216,102,24,7,8,0
casual_0605,241.1414,100.2082,88.2857,39.1708,15.0190,12,0.0000,404.5447,524.9037,0.4446,0.0058,2.2544,0.7945,0.2658,0.4044,0.3525,1.4954,0.4157,0.0000,0.7656,0.7600,57,23,4,4,0
casual_0896,105.0906,30.6172,31.0718,14.5099,15.3116,32,0.0206,356.1317,620.0000,0.1414,0.0046,2.5385,0.6258,0.1525,0.5045,0.3564,1.1665,0.1573,0.0000,1.2567,0.0500,157,24,1,9,0
casual_0527,298.7754,73.5637,164.4416,21.6385,9.8232,3,0.0075,415.0113,548.4840,0.4636,0.0076,2.3188,0.5066,0.2206,0.7679,0.2508,0.5733,0.1857,0.0000,0.8981,0.8197,14,2,6,2,0
esport_0357,223.9092,103.9756,34.0271,7.1088,3.1416,31,0.0360,517.2804,583.6386,0.7253,0.0264,2.6911,0.2383,0.0449,0.3227,0.1800,1.9519,0.3075,0.0000,3.8011,1.5163,92,28,28,4,0
casual_2347,255.5932,16.5950,120.1626,15.6974,22.4600,18,0.0425,280.9231,546.5991,0.3719,0.0017,1.7769,0.5268,0.0919,0.7700,0.2440,1.0733,0.0235,0.0000,0.7667,0.7435,78,1,10,1,0
skilled_0439,97.8156,83.6047,87.6891,16.5017,7.9611,27,0.0131,397.5811,553.6015,0.3830,0.0500,2.6404,0.1445,0.1535,0.2618,0.1889,1.7108,0.2973,0.0000,2.5895,1.4292,72,21,4,5,0
trigger_0073,66.8094,86.3277,71.4475,0.5000,2.7999,35,0.0218,311.3146,586.6657,0.2367,0.0188,2.1223,0.1021,0.0030,0.3056,0.0071,2.1456,0.5106,0.0000,4.7917,6.4527,94,47,16,2,1
aimbot_0076,127.1525,152.9485,15.2117,3.1306,2.1993,97,0.1143,290.5097,614.8285,0.5645,0.0103,2.2217,0.0743,0.0176,0.1222,0.0406,2.4580,0.7732,0.0000,5.2775,5.5020,157,121,34,1,1
skilled_0922,138.9313,114.0350,101.3299,6.0233,9.0594,35,0.0224,516.7763,608.2333,0.7263,0.0133,2.4680,0.2576,0.1309,0.5132,0.1449,0.7406,0.3632,0.0000,2.0105,2.0575,110,39,2,3,0
casual_0298,240.4589,122.8455,143.2293,19.0864,17.9547,5,0.0048,296.7741,558.7039,0.1345,0.0069,1.8962,0.7090,0.2664,0.5682,0.1126,0.6481,0.1190,0.0000,1.2387,0.8989,36,4,8,5,0
casual_2119,94.8672,108.3304,110.7552,19.4942,5.7756,50,0.0147,505.5568,551.6895,0.6300,0.0048,2.8148,0.4812,0.2262,0.7332,0.2149,0.6373,0.1460,0.0000,1.1598,0.9319,163,23,5,14,0
casual_2536,240.9958,102.3601,128.0516,9.7283,23.6728,10,0.0155,429.0140,562.7163,0.4332,0.0077,2.3081,0.2000,0.0723,0.6932,0.2697,1.2369,0.1819,0.0000,0.3430,1.1294,53,9,6,7,0
skilled_1203,37.0545,116.2234,55.3856,15.8858,5.5815,65,0.0163,455.4026,594.5370,0.2905,0.0084,3.3637,0.2569,0.0315,0.7164,0.1928,1.8062,0.3439,0.0000,2.1649,0.3804,156,53,14,3,0
skilled_0254,163.6039,103.8744,103.4368,1.0000,2.7385,9,0.0046,411.5023,618.1411,0.4138,0.0068,1.8828,0.2519,0.0922,0.4066,0.2196,1.1406,0.4342,0.0000,0.9144,1.6711,29,12,3,6,0
skilled_0725,239.8344,118.1510,133.1077,5.6124,6.3230,31,0.0063,388.5137,601.6796,0.2372,0.0088,3.5000,0.1581,0.0300,0.7273,0.1734,0.8143,0.2528,0.0000,1.5659,1.4082,94,23,7,5,0
casual_1260,41.9273,34.8839,51.5474,22.0479,11.7119,4,0.0000,446.2733,511.8027,0.6968,0.0051,1.6953,0.8385,0.0400,0.1930,0.0300,1.3826,0.3162,0.0000,0.8163,0.8420,54,17,4,1,0
casual_1558,203.6096,38.3781,89.7739,18.4051,11.8454,16,0.0168,374.9703,600.2299,0.2421,0.0033,2.2575,0.5650,0.1514,0.6736,0.1338,0.6734,0.1193,0.0000,1.5005,1.4457,55,6,7,14,0
skilled_0269,59.6187,114.2535,79.6393,7.8011,9.3585,58,0.0151,411.8066,620.0000,0.3104,0.0019,2.9274,0.2631,0.1026,0.4373,0.2087,1.6511,0.3267,0.0000,1.9572,2.0741,156,50,4,7,0
skilled_1046,171.7577,90.0663,143.8319,20.2927,7.7718,51,0.0259,481.4389,590.6745,0.3662,0.0280,2.3491,0.2310,0.1083,0.7084,0.1384,1.1095,0.1654,0.0000,1.2432,0.5543,178,29,13,4,0
casual_0756,119.2987,117.2560,191.0316,28.6819,7.0843,2,0.0290,467.9687,532.4496,0.5186,0.0155,2.5722,0.4967,0.1668,0.9536,0.2827,0.7461,0.2225,0.0000,1.3012,0.9468,29,6,8,8,0
casual_1010,208.1869,94.6059,117.9913,8.7998,10.7293,35,0.0307,381.5938,591.2468,0.5336,0.0137,2.8002,0.6148,0.1121,0.6511,0.3982,0.9664,0.2190,0.0000,0.3683,1.2113,179,39,10,15,0
casual_2794,258.5815,50.9792,66.8826,17.1874,20.3822,26,0.0157,393.6176,570.0011,0.2906,0.0335,2.0726,0.8462,0.0713,0.7044,0.2163,0.5927,0.1960,0.0000,0.5520,1.0904,110,21,11,6,0
casual_2905,205.1692,68.7870,24.7697,5.7205,6.4722,22,0.0011,446.4099,473.6903,0.3619,0.0008,2.0249,0.5711,0.2165,0.5024,0.4001,0.6884,0.2077,0.0000,0.5291,1.2055,149,30,11,3,0
casual_1870,111.8646,104.0899,31.1594,12.9310,11.5447,30,0.0311,549.8033,569.4823,0.1509,0.0125,2.1871,0.5237,0.1196,0.8272,0.0448,0.8179,0.1386,0.0000,1.2212,1.2304,118,16,10,11,0
casual_2229,206.5072,126.5699,42.1923,9.7634,14.8313,19,0.0246,600.0000,596.3925,0.4814,0.0105,2.7956,0.7233,0.2043,0.5766,0.3062,0.6848,0.2389,0.0000,1.0774,0.6613,174,41,0,7,0
casual_1173,233.1288,10.0000,120.9225,19.4550,13.1139,23,0.0210,147.6344,564.1941,0.3307,0.0030,2.7030,0.4043,0.1980,0.7236,0.1007,1.0462,0.1156,0.0000,0.8923,0.5734,143,16,6,4,0
casual_1832,151.6556,82.8804,98.0970,13.6245,15.2552,35,0.0000,444.5777,597.6569,0.5532,0.0097,1.7165,0.5605,0.1533,0.4395,0.1642,1.1866,0.2303,0.0000,1.6335,0.0767,143,32,5,17,0
casual_0376,282.7544,54.4634,27.6527,6.2555,12.8368,5,0.0068,445.3249,579.8627,0.0287,0.0006,2.5468,0.5573,0.1927,0.9215,0.2998,0.4630,0.2456,0.0000,1.3748,0.5070,29,7,11,3,0
skilled_0853,137.9570,109.1905,77.4975,16.6471,10.1172,34,0.0290,419.4840,613.2037,0.4292,0.0005,2.3308,0.2724,0.0776,0.1336,0.0697,0.4601,0.3604,0.0000,1.6629,1.3003,142,51,3,6,0
skilled_0616,187.6325,102.3259,100.5705,12.2772,7.4808,13,0.0304,517.8027,582.0145,0.1815,0.0107,2.8340,0.2297,0.1313,0.7937,0.1366,1.5966,0.4382,0.0000,2.8332,1.9978,88,38,5,1,0
casual_0798,225.7995,94.5473,94.9746,18.7831,3.0821,19,0.0173,476.7864,620.0000,0.3964,0.0103,2.2497,0.2498,0.2309,0.1500,0.2693,0.6289,0.1532,0.0000,0.8858,0.7103,115,17,2,11,0
casual_0378,133.4964,92.6665,161.0736,10.7756,14.2729,0,0.0195,483.2424,620.0000,0.5681,0.0017,2.1294,0.4954,0.1779,0.6749,0.0300,0.4280,0.2683,0.0000,0.0974,1.2960,13,3,11,1,0
casual_1158,147.8055,72.1564,20.0000,16.8143,24.0863,27,0.0000,310.6301,553.1634,0.1443,0.0102,2.7870,0.6167,0.0426,0.8579,0.1098,1.4847,0.1391,0.0000,0.6422,0.6234,155,21,10,15,0
skilled_0819,157.7605,104.7399,91.3617,12.8228,14.8650,56,0.0342,535.4371,570.6276,0.3115,0.0097,2.5012,0.3034,0.0857,0.1000,0.2007,1.2715,0.3014,0.0000,3.9482,1.1085,176,53,2,10,0
casual_2792,229.7544,76.8349,135.1151,2.0000,9.4972,37,0.0265,322.6094,542.6763,0.2249,0.0007,2.6006,0.6066,0.1892,0.8146,0.3073,0.1000,0.0200,0.0000,1.4284,1.5570,118,2,4,14,0
casual_2240,110.1545,36.5226,94.8876,25.3850,15.0539,34,0.0079,600.0000,508.3588,0.1858,0.0325,2.8659,0.3905,0.1968,0.7071,0.2449,0.6463,0.2210,0.0000,0.6171,0.6324,146,32,1,1,0
skilled_1035,192.2961,91.8871,71.7968,20.0126,8.9924,33,0.0262,439.2107,565.9277,0.6183,0.0039,2.5401,0.2948,0.1226,0.3127,0.1567,1.1290,0.5541,0.0000,1.8922,1.0589,145,80,5,9,0
casual_2662,136.4027,81.2102,91.2640,8.0891,7.2600,7,0.0270,333.2778,457.5202,0.1489,0.0003,2.8171,0.4832,0.0400,0.8932,0.2304,1.0892,0.2304,0.0000,0.9456,1.1536,34,7,1,3,0
skilled_1012,206.4121,100.8397,57.5671,6.9447,5.6548,73,0.0066,540.1586,606.2455,0.4093,0.0022,2.4294,0.2569,0.0603,0.5765,0.1642,1.3064,0.3935,0.0000,2.4601,1.9152,165,64,2,8,0
casual_2957,33.1885,99.0049,91.0854,14.8321,27.3081,46,0.0025,490.0806,531.3773,0.1507,0.0137,3.0608,0.2419,0.1406,0.4352,0.3419,1.0506,0.0887,0.0000,0.5688,0.0500,170,15,4,12,0
skilled_0927,32.9543,82.0567,42.8923,12.4019,8.8968,8,0.0150,415.7543,576.7039,0.3736,0.0113,2.8481,0.2647,0.1745,0.6685,0.1713,0.9653,0.3996,0.0000,1.8351,1.1794,32,12,2,6,0
casual_1038,148.8135,77.6791,171.2540,27.7557,4.9364,10,0.0083,518.1328,604.7296,0.2645,0.0021,2.5275,0.7383,0.1540,1.0317,0.3040,0.7874,0.1457,0.0000,0.0000,0.6319,56,8,5,15,0
skilled_0259,62.1617,82.3670,118.0280,5.3179,6.0828,34,0.0401,408.6804,606.3581,0.4426,0.0017,2.3891,0.3827,0.0503,0.3957,0.2168,1.3855,0.2229,0.0000,2.4493,1.2962,186,41,17,12,0
casual_1344,295.1790,61.6175,87.3369,11.3515,1.0000,4,0.0105,423.3949,554.6991,0.4121,0.0136,2.0453,0.2396,0.1185,0.8522,0.2766,0.5685,0.1598,0.0000,0.7294,1.1420,20,3,1,7,0
casual_2505,44.3978,81.3119,148.8491,25.0890,12.8014,11,0.0411,395.1094,514.5028,0.2024,0.0127,2.8583,0.9352,0.1137,0.3275,0.2205,1.0611,0.3255,0.0000,2.7278,1.1577,50,16,0,4,0
casual_1721,89.4426,75.0923,131.6600,25.4785,6.0947,3,0.0277,600.0000,553.3350,0.1471,0.0064,2.1347,0.4034,0.1714,0.9582,0.3277,0.7337,0.0818,0.0000,0.8290,0.8336,24,1,5,7,0
esport_0413,71.5169,122.5337,54.3353,4.3415,3.9236,15,0.1023,602.9139,614.7365,0.5913,0.0003,2.9009,0.1944,0.0412,0.5379,0.1697,1.8592,0.4801,0.0000,5.8449,1.9410,34,16,10,5,0
casual_0175,42.1259,24.7273,165.2505,19.5763,20.2904,37,0.0234,371.0723,480.5246,0.3809,0.0199,1.4374,0.7449,0.0505,0.2601,0.0777,1.0400,0.2380,0.0000,1.9000,0.6171,177,42,4,16,0
speed_0043,180.2514,146.0087,137.2791,19.3802,4.5431,32,0.0421,715.7325,1335.7177,0.5498,0.3829,3.1458,0.3348,0.1456,0.5574,0.0365,1.7314,0.2081,0.0000,3.6452,1.8291,128,26,11,5,1
casual_1909,271.1242,16.2370,90.4719,31.3736,1.0000,21,0.0052,438.0013,585.4607,0.3177,0.0026,2.1448,0.5523,0.0522,1.0229,0.3727,0.7471,0.4045,0.0000,2.2382,0.9444,160,64,3,17,0
casual_0045,247.2864,48.6465,72.3117,2.0000,1.2808,42,0.0191,456.4270,583.2733,0.0574,0.0024,2.1779,0.9011,0.1516,0.1500,0.3197,1.1695,0.1167,0.0000,0.7166,0.8771,170,19,11,6,0
skilled_0409,31.8993,131.5253,89.7058,24.5302,9.0053,42,0.0105,285.0336,620.0000,0.1737,0.0047,2.3558,0.3884,0.1004,0.2377,0.3077,0.7624,0.4350,0.0000,1.6908,1.2141,133,57,11,7,0
esport_0424,213.0768,105.4637,46.8720,4.6870,3.5420,33,0.0478,588.9947,614.8349,0.7830,0.0004,2.4183,0.0800,0.0759,0.5070,0.1823,1.6201,0.3000,0.0000,4.2650,5.8629,87,26,15,6,0
casual_1075,116.9982,40.6693,83.3056,2.7900,16.2799,18,0.0185,535.2238,447.9588,0.6715,0.0001,2.3208,0.4421,0.1935,0.5257,0.3532,0.9191,0.2505,0.0000,1.0520,0.0500,83,20,1,16,0
casual_2829,228.8156,49.1504,154.5603,13.0900,9.4022,32,0.0179,425.1825,529.5818,0.5082,0.0015,2.5707,0.4488,0.1951,0.5468,0.0545,0.1436,0.1276,0.0000,2.2102,0.2874,139,17,11,9,0
casual_1504,249.2732,98.6325,105.5693,12.3121,13.2638,25,0.0103,343.4389,531.0124,0.5052,0.0003,3.0909,0.7294,0.0966,0.5592,0.3710,0.3929,0.1600,0.0000,0.7063,0.2653,107,17,3,6,0
casual_2309,272.4924,97.6014,119.9441,18.5628,10.7746,23,0.0469,486.5627,582.0441,0.2034,0.0121,2.3396,1.1178,0.1559,0.5887,0.1453,1.2195,0.1785,0.0000,1.0018,0.9188,104,18,2,17,0
casual_1436,89.0501,95.7650,132.3930,17.8556,1.0000,9,0.0333,560.8560,604.5125,0.3861,0.0015,1.6683,0.3629,0.1466,1.0309,0.2930,0.8783,0.1236,0.0000,0.8734,1.6891,52,6,3,2,0
casual_2418,48.1911,80.3659,83.3100,35.1312,11.5435,14,0.0069,330.1435,584.0902,0.4901,0.0025,1.9237,0.2873,0.1290,0.5905,0.1438,0.9574,0.3044,0.0000,1.2858,0.6771,133,40,2,11,0
skilled_0986,153.2180,140.1958,82.4982,15.2577,8.1173,40,0.0410,448.6669,578.4938,0.2988,0.0009,1.7950,0.3745,0.0803,0.1811,0.2331,1.4791,0.3758,0.0000,1.7999,1.1653,173,65,13,3,0
skilled_0098,91.5609,93.1339,92.5854,6.4067,2.6135,20,0.0297,341.6514,620.0000,0.4816,0.0176,2.5288,0.3328,0.1408,0.7978,0.2383,1.5394,0.4165,0.0000,0.7925,1.3953,151,62,5,9,0
esport_0338,73.0006,112.2705,52.5017,6.8858,3.9104,31,0.0778,454.7590,596.3329,0.5982,0.0040,2.4853,0.1256,0.0626,0.3191,0.0460,2.4968,0.4650,0.0000,4.1239,4.6523,86,39,20,9,0
casual_0283,97.3346,23.9076,99.5816,5.1907,9.2868,38,0.0121,350.4678,620.0000,0.0200,0.0304,2.6884,0.2310,0.2240,0.1770,0.2202,0.6929,0.1308,0.0000,1.1035,0.6588,178,23,4,7,0
speed_0068,117.0036,78.3724,52.4252,18.4876,8.3993,30,0.0075,557.2666,1235.3336,0.6354,0.6912,2.8693,0.2869,0.0300,0.7282,0.2166,1.1848,0.2385,0.0000,3.0641,1.8772,117,27,8,9,1
casual_0842,170.4621,37.2288,154.1172,20.1772,16.3314,23,0.0000,577.8009,540.2253,0.5045,0.0015,2.9939,0.7342,0.1917,0.5317,0.1682,1.0677,0.2126,0.0000,0.5829,0.7698,152,32,9,8,0
casual_1513,231.7628,84.8487,110.5555,16.1555,13.2372,16,0.0205,513.7958,563.6609,0.2893,0.0032,1.8879,0.8074,0.1615,0.7106,0.3959,1.2234,0.2949,0.0000,0.6419,0.7321,107,31,5,7,0
casual_1168,251.1840,75.9828,33.5274,8.7633,1.0000,48,0.0278,557.4654,580.6377,0.2902,0.0208,2.5275,0.5966,0.2271,0.8253,0.0951,0.6052,0.3016,0.0000,0.5521,1.1320,156,47,1,9,0
casual_1592,286.3093,28.4437,174.4861,24.0310,1.0000,17,0.0199,344.4780,586.3241,0.6810,0.0087,1.9329,0.9137,0.0400,0.5668,0.2904,0.8626,0.1657,0.0000,1.5700,1.1212,115,19,7,16,0
skilled_0460,50.6100,74.8445,117.4184,10.9495,7.1319,15,0.0115,391.6689,609.3389,0.2684,0.0001,2.1883,0.2841,0.0777,0.4295,0.1219,1.5954,0.3870,0.0000,3.9707,2.1016,60,23,18,0,0
skilled_0165,213.7151,108.9890,41.5326,11.4687,6.7228,18,0.0282,366.2232,615.1396,0.4307,0.0047,2.8202,0.2850,0.1154,0.5812,0.2792,1.3571,0.3510,0.0000,1.9733,2.5647,62,21,9,10,0
casual_2284,85.1771,111.8774,44.9995,33.9191,11.2603,28,0.0187,283.2526,613.2380,0.4359,0.0066,2.2811,0.5407,0.1112,0.6347,0.2048,0.4506,0.2821,0.0000,1.1651,0.8758,152,42,5,17,0
skilled_0575,131.2185,109.3679,96.1449,12.8008,9.5952,14,0.0256,377.8272,587.7949,0.5360,0.0035,2.0762,0.3788,0.1216,0.3192,0.1474,0.9875,0.2873,0.0000,2.3685,1.5239,43,12,8,3,0
speed_0020,60.1056,79.0151,71.2447,22.8139,6.6021,12,0.0330,670.8330,1265.0094,0.4469,0.6431,3.1195,0.2746,0.1997,0.5572,0.0200,1.4840,0.1938,0.0000,2.8064,2.5198,67,12,8,7,1
casual_2305,117.6538,44.2307,120.5408,2.0000,12.6426,9,0.0080,289.6511,545.6307,0.3555,0.0062,2.5403,0.5457,0.2320,1.0151,0.1614,0.9269,0.3024,0.0000,1.5001,0.5280,86,26,11,11,0
casual_0952,96.0951,71.9650,108.1203,3.9332,6.8232,1,0.0173,542.3299,478.0390,0.0200,0.0045,1.4148,0.5670,0.1539,0.8528,0.4291,1.2902,0.3677,0.0000,1.0443,1.0009,11,4,0,14,0
trigger_0017,208.0826,95.6274,36.3104,8.1553,3.3458,60,0.0170,594.9871,622.0000,0.2717,0.0128,2.7215,0.1547,0.0036,0.4471,0.0037,1.9937,0.7029,0.0000,2.4004,4.4776,92,64,21,0,1
skilled_0053,146.4159,141.0935,122.6272,16.1228,8.9429,36,0.0287,483.5893,588.8946,0.4526,0.0013,3.4184,0.3137,0.1529,0.6890,0.2259,1.4171,0.2494,0.0000,1.7160,2.1742,107,26,2,9,0
esport_0309,100.9186,129.2330,68.5846,5.7222,8.2602,21,0.0451,444.2661,573.9900,0.2746,0.0063,2.3703,0.2724,0.0318,0.5107,0.0327,2.0238,0.7800,0.0000,3.7377,4.6085,37,28,6,2,0
casual_2685,229.5765,71.1051,102.8580,14.1183,5.4024,6,0.0281,382.2544,553.2469,0.0711,0.0071,3.2303,0.5500,0.1020,0.7846,0.1077,0.4223,0.3268,0.0000,1.0658,0.6803,46,15,7,12,0
casual_1489,158.4015,20.2395,127.4595,8.0132,19.4604,33,0.0184,437.8649,536.2318,0.4832,0.0161,2.8091,0.3710,0.1482,0.8657,0.2650,0.8038,0.2588,0.0000,0.8393,0.7652,164,42,0,4,0
casual_0927,260.0220,27.4866,99.4568,19.3604,7.4394,15,0.0008,373.3359,527.0125,0.6602,0.0157,2.2982,0.9725,0.2306,0.3367,0.1579,0.4053,0.2126,0.0000,0.8408,0.9464,87,18,1,1,0
casual_1209,143.0371,79.9793,54.4981,19.7550,16.2630,3,0.0132,338.5726,579.0112,0.3392,0.0054,2.4714,0.5790,0.1591,0.7027,0.3267,0.7115,0.0534,0.0000,1.2353,0.8880,14,0,1,16,0
skilled_0973,188.6037,58.6102,118.1236,8.1122,5.8045,32,0.0392,476.3491,586.2257,0.2928,0.0007,3.0465,0.3074,0.0854,0.4502,0.2259,1.1970,0.2145,0.0000,1.9599,2.2745,131,28,12,3,0
skilled_0545,34.9828,87.7470,85.7792,13.0745,5.2126,36,0.0213,415.9318,563.0563,0.6290,0.0144,2.1606,0.4984,0.1318,0.6078,0.0839,2.1821,0.4815,0.0000,2.2309,1.4356,185,89,18,6,0
esport_0111,198.7563,105.9599,52.8049,0.9712,8.4878,65,0.0300,433.6202,625.0000,0.2477,0.0136,2.3232,0.2397,0.0352,0.4252,0.1456,2.1816,0.4529,0.0000,4.3792,2.1251,139,62,34,3,0
casual_1921,111.0734,61.7863,80.5762,6.2980,14.3861,37,0.0203,321.9378,574.4833,0.4975,0.0263,2.9841,0.6335,0.1150,1.1073,0.0988,0.8264,0.3126,0.0000,0.9776,1.1472,154,48,2,14,0
casual_0351,76.2487,44.0819,114.0915,30.7097,1.0000,26,0.0091,393.6039,612.4658,0.2594,0.0145,2.1612,0.6331,0.0433,0.6110,0.1350,1.6224,0.1404,0.0000,1.6792,0.6936,167,23,7,15,0
speed_0048,57.1459,87.3058,70.9646,18.8466,14.5992,3,0.0352,691.3111,1160.5739,1.0681,0.4163,2.4184,0.5427,0.1049,0.7922,0.2782,1.5767,0.2585,0.0000,3.8912,1.9084,23,5,17,6,1
skilled_0393,266.0563,98.2968,54.0152,10.1890,8.6939,69,0.0381,388.6753,620.0000,0.4262,0.0046,2.9421,0.2848,0.0719,0.9365,0.1073,1.4904,0.3568,0.0000,2.9080,2.2948,197,70,4,7,0
casual_2721,248.0108,50.8144,40.2061,11.1755,10.8056,21,0.0101,454.8913,557.0986,0.2047,0.0246,2.1176,0.6214,0.1513,0.5749,0.2758,0.7763,0.4056,0.0000,0.9358,0.6290,68,27,1,4,0
trigger_0056,69.5826,94.1186,31.4632,12.4109,3.2205,77,0.0208,403.4368,579.9202,0.4650,0.0079,2.4447,0.0518,0.0037,0.4802,0.0012,2.2873,0.5778,0.0000,4.7301,3.2543,150,86,18,0,1
casual_0718,206.2890,78.9843,76.2793,32.5731,5.1632,31,0.0000,128.4949,533.7833,0.5570,0.0006,1.8549,0.4140,0.0400,0.5206,0.0978,0.6062,0.2499,0.0000,1.2772,0.7076,141,35,11,16,0
casual_2702,134.7233,10.0000,111.2664,25.5790,13.7986,12,0.0226,425.3948,567.3403,0.7036,0.0070,2.0180,0.6747,0.1062,0.6142,0.1888,1.5061,0.2153,0.0000,0.0000,0.8828,50,10,1,6,0
casual_2722,125.9260,63.9617,106.9615,20.3681,11.2874,39,0.0096,526.8191,521.1769,0.3592,0.0074,2.8066,0.5550,0.0955,0.1500,0.3159,0.8476,0.1195,0.0000,0.4369,0.6482,99,11,1,14,0
esport_0311,152.9642,148.4174,50.1432,0.5147,2.0766,21,0.0591,528.0157,613.8930,0.6634,0.0137,2.5778,0.1466,0.0754,0.3279,0.1186,1.5040,0.6618,0.0000,1.6797,0.9481,67,44,9,7,0
casual_0308,101.9451,40.1557,98.3437,23.5231,20.1833,12,0.0178,393.5206,587.2129,0.1423,0.0045,2.3940,0.5627,0.1660,0.5903,0.2123,0.7811,0.2564,0.0000,0.0000,0.3824,73,18,7,3,0
casual_1675,283.3981,30.0935,192.3905,21.8303,21.3943,4,0.0261,429.2403,585.0182,0.4586,0.0019,1.6727,0.7107,0.0449,0.5754,0.4560,0.5056,0.1980,0.0000,0.8387,0.9419,33,6,5,3,0
casual_0833,212.9576,102.3645,193.6117,15.3565,14.7446,2,0.0132,369.3528,614.6194,0.2708,0.0069,3.0202,0.5053,0.1096,0.3946,0.1979,0.9921,0.3119,0.0000,0.0000,0.8270,24,7,1,6,0
casual_0366,239.0668,75.3039,71.9824,23.1720,14.2040,36,0.0291,457.9870,613.2834,0.3013,0.0007,2.6063,0.8476,0.1064,0.4058,0.2876,0.2956,0.2035,0.0000,0.7646,0.4738,131,26,8,14,0
esport_0256,113.9882,145.0810,61.5550,6.6798,5.2158,19,0.0330,477.3608,606.0903,0.6303,0.0013,2.8990,0.1935,0.0382,0.4357,0.1847,1.7372,0.5636,0.0000,4.7836,4.5019,45,25,26,3,0
casual_2078,111.3782,25.5167,20.0000,26.8157,12.1139,23,0.0213,265.0032,509.8628,0.2372,0.0002,1.7529,0.5398,0.1622,0.5263,0.2857,1.0974,0.2745,0.0000,1.2817,0.7355,93,25,2,12,0
skilled_1038,269.0545,138.4139,86.4663,7.4007,7.3684,23,0.0250,366.7836,587.9935,0.6384,0.0316,2.5519,0.3972,0.1393,0.5854,0.1457,1.2805,0.4244,0.0000,2.0872,1.6389,99,42,15,12,0
aimbot_0096,78.7477,167.1203,15.4004,1.1094,0.2129,24,0.0733,552.2117,592.0417,0.1547,0.0111,2.0279,0.1100,0.0200,0.2772,0.0636,2.5375,0.7835,0.0000,5.3079,13.1289,41,32,33,2,1
esport_0229,282.0116,138.8954,71.2617,6.5694,3.6038,12,0.0584,511.5292,624.3485,0.4631,0.0111,2.9001,0.2218,0.0251,0.5322,0.1148,1.6902,0.5555,0.0000,4.8359,4.4313,40,22,17,2,0
casual_1746,230.8786,31.6612,62.5052,17.3398,11.0069,8,0.0187,266.2614,586.7248,0.6556,0.0092,2.8532,0.5195,0.1776,0.4657,0.1753,0.8167,0.2806,0.0000,0.9153,1.2278,41,11,5,17,0
casual_0019,200.5494,59.6901,20.0000,5.8450,14.4830,24,0.0107,558.5164,524.9796,0.2457,0.0115,2.5175,0.4299,0.2772,0.8207,0.1106,1.5195,0.1951,0.0000,1.3980,1.0902,122,23,9,12,0
casual_1322,31.4777,104.3375,84.6995,21.4270,5.6977,19,0.0416,241.1222,608.0039,0.2306,0.0036,1.8458,0.9820,0.1924,0.4432,0.2896,1.0878,0.0200,0.0000,1.2569,1.1962,63,1,3,12,0
skilled_0567,252.7882,84.8508,33.3358,11.6531,7.0707,23,0.0305,361.9610,585.4668,0.4012,0.0103,3.0663,0.3194,0.1222,0.7920,0.1804,1.2894,0.3653,0.0000,2.9925,0.4196,64,23,18,3,0
casual_2521,182.0954,44.6112,86.0870,28.9331,11.5287,17,0.0066,410.2539,620.0000,0.6519,0.0250,2.6779,0.6329,0.1486,0.8587,0.3743,0.8186,0.2009,0.0000,1.1217,1.6891,78,15,2,16,0
casual_0218,280.4419,38.1851,59.9281,16.3788,7.5736,15,0.0193,400.3903,514.0507,0.2993,0.0083,3.1113,0.4840,0.1781,0.5305,0.2500,1.0540,0.0830,0.0000,1.2426,1.0461,69,5,6,9,0
casual_1487,156.6314,110.4719,110.7157,23.3724,11.9832,12,0.0156,432.0066,585.1045,0.3435,0.0047,2.9700,0.4909,0.1362,0.5396,0.4269,1.3601,0.1234,0.0000,1.2174,0.6075,53,6,1,17,0
casual_0438,231.2008,16.2305,206.0185,16.2947,6.4281,22,0.0240,283.2942,557.6360,0.6096,0.0035,2.4505,0.5405,0.1410,0.6411,0.3140,1.0602,0.0200,0.0000,2.0286,2.1274,175,3,8,12,0
skilled_1174,69.6639,126.7234,104.5073,15.6683,6.2508,26,0.0208,457.7606,620.0000,0.5410,0.0105,2.3951,0.4498,0.0845,0.7789,0.1547,1.4912,0.3116,0.0000,2.3820,1.6982,89,27,2,12,0
casual_2750,90.8303,39.3712,98.6865,18.5606,14.8719,37,0.0049,484.4503,542.5665,0.1836,0.0046,1.8826,0.2772,0.2245,0.7213,0.1422,1.4443,0.0222,0.0000,1.0524,0.9022,170,3,5,10,0
skilled_0288,71.9590,132.4313,90.5187,8.5205,6.0881,37,0.0023,401.3748,544.5959,0.1557,0.0040,2.4238,0.2387,0.1739,0.3185,0.1028,0.4409,0.2878,0.0000,2.6354,1.9885,154,44,16,10,0
skilled_0433,264.9028,73.6864,110.2999,15.1256,9.2261,45,0.0150,495.2015,620.0000,0.4062,0.0039,2.7707,0.3208,0.1559,0.3020,0.2667,1.3629,0.4040,0.0000,1.9930,1.7191,175,70,16,7,0
casual_2525,70.7681,91.8468,44.1946,23.2154,3.8018,9,0.0106,373.7695,554.2235,0.2553,0.0140,2.7152,0.7016,0.1867,0.2633,0.2694,0.6259,0.0602,0.0000,0.9369,0.9810,39,2,10,6,0
esport_0400,189.5661,119.0740,50.3044,8.7902,4.6813,35,0.0275,444.4759,564.1407,0.4046,0.0034,2.8167,0.2262,0.0806,0.3604,0.1137,1.0942,0.6418,0.0000,3.5140,3.2950,128,82,21,9,0
skilled_0688,161.9612,104.0462,101.3757,9.3525,7.9724,13,0.0222,510.8841,607.4612,0.5159,0.0215,2.9452,0.3022,0.0758,0.7126,0.1518,1.2720,0.5045,0.0000,1.5248,2.3586,41,20,14,13,0
casual_2763,115.2564,78.7053,158.3284,24.0193,19.6503,35,0.0276,293.5131,468.6867,0.2446,0.0059,2.1995,0.4260,0.1779,0.6565,0.1668,0.8055,0.2810,0.0000,0.8288,0.1919,140,39,8,13,0
casual_0802,270.3053,54.3828,133.8069,4.5946,2.6316,20,0.0138,562.0015,538.0992,0.2437,0.0103,2.2118,0.5991,0.0749,0.8152,0.0300,1.7696,0.0745,0.0000,1.1905,0.9134,163,12,5,14,0
casual_2997,86.7235,88.5127,144.4422,24.1731,22.6966,16,0.0202,373.2825,620.0000,0.4432,0.0223,1.7356,0.3763,0.2715,0.4623,0.1987,0.9896,0.2455,0.0000,1.5009,0.3110,103,25,7,7,0
casual_2228,40.4629,18.1926,179.2300,46.7905,17.5599,29,0.0294,368.2450,545.8032,0.2645,0.0141,1.7976,0.4530,0.1727,0.6810,0.2403,1.2002,0.1106,0.0000,0.8794,0.2212,102,11,2,1,0
aimbot_0035,107.9852,148.6435,20.2262,2.1538,0.6184,67,0.0934,518.8017,625.0000,0.3898,0.0158,2.0295,0.0341,0.0119,0.4198,0.0129,3.1077,0.8086,0.0000,4.5825,9.2348,106,85,17,0,1
casual_2077,80.3505,97.3326,120.2436,21.7630,17.4124,11,0.0114,447.7727,561.3332,0.2749,0.0159,1.8881,0.8240,0.1187,0.6559,0.0767,1.3731,0.2139,0.0000,0.4093,0.7441,58,12,6,10,0
casual_0582,58.3445,59.3433,27.2222,2.0000,16.8706,12,0.0000,339.3241,603.0939,0.3974,0.0070,1.9989,0.7092,0.1018,0.7563,0.2152,0.6377,0.3550,0.0000,0.7877,1.7616,76,26,4,12,0
casual_0203,68.8523,114.3021,47.0681,14.5270,12.6481,16,0.0336,301.0111,620.0000,0.5336,0.0068,1.9181,0.5198,0.2238,1.0745,0.2680,0.5690,0.3324,0.0000,1.5875,0.9197,59,19,9,7,0
esport_0096,117.1400,103.1082,48.8972,0.9859,0.5922,13,0.0252,395.3802,594.3908,0.8294,0.0227,2.8857,0.1878,0.0482,0.4463,0.0300,2.2596,0.5477,0.0000,2.2887,5.3346,50,27,16,4,0
skilled_0478,147.0774,104.6890,125.4139,12.6390,8.5785,32,0.0181,384.6812,604.9596,0.1974,0.0500,2.1975,0.2758,0.1416,0.5850,0.0936,2.3900,0.3568,0.0000,2.7749,2.3280,73,26,7,7,0
casual_2929,218.2662,33.7052,80.9099,19.4394,12.1827,4,0.0211,323.6245,509.2254,0.2215,0.0260,2.1349,0.5094,0.0813,0.7051,0.3426,0.8335,0.1309,0.0000,0.0000,0.7794,42,5,9,17,0
skilled_0085,147.7686,68.3287,133.8136,13.0832,5.4598,16,0.0235,528.6263,562.6652,0.3679,0.0014,2.7798,0.2920,0.0843,0.5212,0.2398,1.7480,0.3369,0.0000,2.8540,1.4520,58,19,3,1,0
casual_1018,40.8685,153.4351,192.5427,27.3869,9.4862,9,0.0354,213.8695,565.8309,0.1919,0.0164,1.8087,0.3540,0.1918,0.7470,0.2768,0.1479,0.1878,0.0000,0.7433,1.0862,64,12,9,16,0
casual_1583,102.3830,98.3191,139.5565,18.6287,14.7462,19,0.0182,315.2432,524.5823,0.1828,0.0051,2.3219,0.4237,0.1670,1.1777,0.2408,1.4044,0.1909,0.0000,0.8764,1.4880,99,18,3,2,0
casual_1032,167.4122,41.8548,115.0147,15.8336,7.4657,48,0.0137,455.0348,605.3606,0.0200,0.0013,2.6293,0.7001,0.0793,1.0941,0.3329,0.5424,0.1288,0.0000,1.4125,0.4329,164,21,6,4,0
casual_1718,207.7898,104.7163,23.5307,25.4821,10.9009,11,0.0278,501.3896,454.0195,0.5523,0.0014,2.1973,0.5594,0.1100,0.6119,0.2159,1.0675,0.3947,0.0000,1.4890,0.4409,50,19,6,4,0
casual_1281,140.3407,65.7970,52.3732,20.7497,21.4752,13,0.0339,476.9022,512.8237,0.2635,0.0192,2.1436,0.5665,0.2062,0.7190,0.2975,0.6687,0.1587,0.0000,0.9492,0.7671,56,8,7,2,0
casual_2498,251.2517,81.0370,110.7227,21.0148,11.2294,2,0.0232,406.6024,518.9235,0.5546,0.0005,2.1645,0.8961,0.1748,0.9503,0.1710,1.7792,0.2919,0.0000,1.7322,0.3414,11,3,7,8,0
skilled_0350,61.0537,68.8315,87.4642,15.8465,8.4399,9,0.0179,396.4904,560.9938,0.3641,0.0160,2.9961,0.2358,0.0694,0.2774,0.1587,1.4781,0.3486,0.0000,2.1435,1.9727,39,13,18,2,0
casual_0517,230.5270,14.6541,140.0209,22.1427,6.7635,44,0.0180,360.1359,513.7588,0.2266,0.0048,1.8790,0.8932,0.2004,0.7536,0.3199,1.0638,0.0741,0.0000,0.7338,0.8597,176,13,7,6,0
casual_1747,173.5355,126.4940,85.6452,14.6460,19.1984,17,0.0190,431.8986,578.2032,0.6176,0.0002,1.8911,0.6024,0.1154,0.8706,0.1254,1.0852,0.4080,0.0000,1.3221,0.6524,99,40,2,8,0
esport_0402,158.4295,107.1227,75.0361,8.4694,2.7937,57,0.0272,397.3899,610.7022,0.4431,0.0055,2.8221,0.2571,0.0804,0.2974,0.1635,1.8505,0.4779,0.0000,4.7114,2.2847,136,64,34,8,0
skilled_0732,186.8986,120.0767,72.5027,5.1733,3.0600,23,0.0364,561.8952,619.9472,0.5320,0.0001,3.3504,0.3288,0.0941,0.4583,0.1094,0.8396,0.2360,0.0000,1.6115,2.7776,61,14,5,8,0
casual_0668,110.0178,154.6232,84.7161,23.9120,3.3633,10,0.0082,484.6537,620.0000,0.5016,0.0231,2.3019,0.7252,0.1328,0.4335,0.1659,0.7827,0.3279,0.0000,1.5578,0.7281,49,16,7,15,0
skilled_1059,194.3372,71.4421,101.7055,12.6614,7.6399,18,0.0000,388.2532,598.4764,0.5499,0.0029,2.7330,0.3473,0.0740,0.2067,0.1607,2.0269,0.1395,0.0000,2.0073,1.4934,61,8,18,10,0
skilled_0026,64.6122,72.2673,98.2071,3.1068,7.7984,12,0.0315,540.2898,541.9439,0.6571,0.0082,2.3910,0.1720,0.0941,0.4523,0.1766,1.2924,0.3852,0.0000,1.4498,1.8344,51,19,3,4,0
trigger_0007,67.9927,130.9853,59.8154,3.0786,7.4390,12,0.0243,427.9761,526.4415,0.3244,0.0040,1.9482,0.1025,0.0027,0.5166,0.0036,2.0922,0.6599,0.0000,4.6666,3.8267,39,25,27,3,1
skilled_0286,80.4320,63.7377,88.0076,9.7713,1.5137,13,0.0050,420.1814,529.2195,0.2969,0.0015,2.8759,0.3775,0.1064,0.3075,0.1428,0.9099,0.3584,0.0000,2.3310,1.6727,32,11,4,0,0
casual_2650,298.1367,33.0805,40.3432,33.7744,18.0236,43,0.0308,378.5357,538.0505,0.2482,0.0101,2.2572,0.2892,0.1490,0.5433,0.1752,0.5098,0.1650,0.0000,0.7741,0.4966,178,29,1,11,0
esport_0203,196.3731,114.1199,84.6199,1.1819,7.4809,67,0.0030,381.1057,622.0246,0.6830,0.0060,2.6494,0.1492,0.0535,0.4512,0.1366,2.0574,0.6608,0.0000,3.4848,1.2492,120,79,20,8,0
skilled_0192,176.7069,118.3676,154.2535,20.2975,5.5165,36,0.0000,300.2259,571.0199,0.6417,0.0059,2.1812,0.4260,0.1430,0.4378,0.1835,1.2800,0.4271,0.0000,1.6698,2.4445,111,47,15,12,0
casual_2124,132.2277,56.3568,163.1742,24.8698,16.2286,10,0.0000,241.2445,620.0000,0.2887,0.0158,2.1005,0.7599,0.1081,0.6073,0.0394,0.3402,0.1518,0.0000,0.8134,0.6665,37,5,7,17,0
skilled_0375,278.2444,91.0512,104.6372,1.0000,5.7757,11,0.0247,342.0465,589.0478,0.4923,0.0183,3.0778,0.2953,0.1297,0.6543,0.1045,1.6743,0.3743,0.0000,1.0887,2.0092,71,26,10,5,0
skilled_0392,82.3345,68.0674,72.5284,25.2854,5.7757,37,0.0012,391.0192,579.8538,0.2719,0.0115,2.4635,0.3792,0.0885,0.3208,0.2976,0.4478,0.4973,0.0000,2.6132,2.2842,146,72,14,9,0
skilled_0485,260.7094,114.4787,112.2674,4.5554,9.9315,22,0.0180,398.2550,607.5225,0.3936,0.0137,2.1780,0.1762,0.0597,0.5118,0.1536,1.4899,0.3431,0.0000,1.8069,0.9467,81,27,6,8,0
casual_0759,154.4078,10.0000,38.4026,23.5832,5.9854,19,0.0069,540.4728,484.1028,0.0200,0.0167,2.8007,0.5335,0.0763,0.3376,0.1916,0.5770,0.2627,0.0000,0.8316,0.3699,146,38,3,14,0
skilled_0379,251.9417,160.7204,98.9622,8.8372,10.0464,43,0.0225,290.6141,620.0000,0.3945,0.0099,2.5906,0.4612,0.0772,0.3364,0.2664,1.6462,0.3303,0.0000,2.7433,1.4882,134,44,7,3,0
esport_0190,172.3950,154.2633,59.7645,5.7538,5.6411,13,0.0230,410.3591,607.5158,0.6238,0.0005,2.2537,0.1912,0.0787,0.4878,0.0967,2.0359,0.7800,0.0000,2.4304,3.8394,45,35,25,6,0
casual_2526,276.6271,101.4731,119.2909,9.7264,12.7627,18,0.0299,402.5390,517.5031,0.2406,0.0121,2.5453,0.4428,0.1511,0.1967,0.2370,1.2150,0.2041,0.0000,0.7160,0.0982,73,14,2,2,0
speed_0008,27.2070,56.9238,18.0000,1.0000,6.3335,34,0.0191,642.4861,1480.0638,0.6975,0.7602,2.7815,0.3400,0.0828,0.6134,0.2520,0.9736,0.3102,0.0000,2.9538,2.4840,169,52,10,1,1
casual_0907,59.8869,21.6042,188.7091,15.8886,4.9464,26,0.0004,500.2015,619.1333,0.0992,0.0021,3.2192,0.6273,0.1995,0.5172,0.2041,0.4136,0.2442,0.0000,0.6601,1.5852,124,30,4,13,0
casual_2683,187.3243,66.2476,93.3557,27.8360,3.2817,36,0.0107,328.5717,579.4686,0.3220,0.0089,1.8934,0.5889,0.0673,0.7261,0.0524,1.3055,0.2801,0.0000,0.5181,0.9613,176,49,9,10,0
casual_0214,223.1599,66.0129,66.1245,9.5085,1.0000,15,0.0074,350.7389,581.8981,0.4426,0.0078,2.1403,0.5488,0.1615,0.4895,0.1496,0.3808,0.2477,0.0000,1.8778,0.6160,139,34,4,7,0
skilled_0331,140.7504,78.3805,93.5192,1.0000,11.5538,32,0.0051,334.3723,550.9645,0.4965,0.0011,2.7624,0.4866,0.0832,0.6600,0.1949,1.9249,0.4464,0.0000,1.9704,1.2492,148,66,14,8,0
esport_0208,268.8802,141.5709,52.5245,6.3200,4.2046,35,0.0587,475.1971,582.3775,0.6332,0.0178,2.6787,0.2907,0.1152,0.4586,0.1171,2.2588,0.5188,0.0000,4.5082,5.0612,123,63,13,7,0
casual_0693,117.8425,71.6208,125.4825,2.0000,15.3145,19,0.0177,429.9897,561.8254,0.3665,0.0109,2.6812,0.4810,0.0780,0.8004,0.3125,1.1287,0.1393,0.0000,1.5106,1.1355,83,11,4,6,0
casual_1503,144.7721,55.1980,153.9417,10.7437,13.6130,11,0.0135,139.0005,554.6502,0.2401,0.0115,2.4927,0.5281,0.0847,0.8732,0.2652,0.9356,0.2395,0.0000,2.0480,0.0991,70,16,1,15,0
casual_2414,161.5212,120.1906,114.3415,14.9215,13.8966,20,0.0000,456.7553,563.5874,0.4160,0.0112,2.9050,0.2000,0.2065,0.6488,0.0880,1.1046,0.2167,0.0000,1.3958,0.0500,77,16,1,3,0
casual_2118,59.2273,75.1878,144.1099,12.9391,8.8957,2,0.0056,356.3651,534.9349,0.2146,0.0169,1.9378,0.6931,0.2110,0.9733,0.2793,1.5861,0.2272,0.0000,2.0646,1.1877,20,4,4,5,0
skilled_0858,144.9385,100.2459,70.0326,2.5203,7.5427,45,0.0205,392.0258,573.1003,0.3825,0.0036,2.3078,0.2097,0.0860,0.4762,0.2356,1.7447,0.3761,0.0000,1.8154,2.0763,165,62,6,0,0
casual_2462,54.4102,91.7264,80.7061,18.8388,5.6061,7,0.0157,459.3044,541.8996,0.1740,0.0191,2.2815,0.3040,0.1759,0.7274,0.2147,0.3768,0.1969,0.0000,0.0000,1.0137,32,6,11,11,0
skilled_0635,173.7280,98.7787,160.5148,7.0088,10.4526,31,0.0383,517.6665,601.2363,0.5941,0.0024,2.9158,0.1846,0.1368,0.2715,0.0391,2.0687,0.3909,0.0000,0.4795,1.5260,127,49,15,2,0
skilled_1105,157.1290,133.0355,33.1602,3.9246,5.2689,34,0.0168,535.2875,563.9565,0.5291,0.0114,2.4998,0.4121,0.1061,0.3374,0.1429,1.5693,0.4660,0.0000,1.6383,1.0420,128,59,4,1,0
esport_0228,107.2653,122.9981,57.4926,4.8043,0.5000,43,0.0269,424.2965,621.1372,0.6280,0.0001,2.7140,0.2215,0.0684,0.3565,0.1072,2.3281,0.5214,0.0000,3.2320,4.0544,134,69,28,3,0
casual_0196,191.8334,82.9397,89.4585,26.5752,12.6173,19,0.0097,392.2870,620.0000,0.1448,0.0054,2.5192,0.7968,0.1365,0.8495,0.2519,1.3748,0.3114,0.0000,0.2886,0.4054,118,36,5,1,0
esport_0417,197.5454,116.7381,48.0963,6.6414,3.8744,47,0.0322,500.7164,587.1415,0.7492,0.0000,2.5995,0.1766,0.0519,0.4392,0.0583,2.7268,0.4814,0.0000,3.5497,1.7629,122,58,24,3,0
casual_1543,77.6160,79.0194,48.8517,6.0936,9.9807,24,0.0278,343.4059,542.7349,0.0200,0.0046,1.7988,0.5540,0.2394,0.4969,0.3286,0.5296,0.3094,0.0000,0.4905,0.4448,114,35,5,3,0
casual_1330,239.2251,100.3721,78.9871,5.1396,12.9593,39,0.0288,294.4954,589.6618,0.5031,0.0001,2.1363,0.2000,0.1175,0.5205,0.1531,0.2405,0.1612,0.0000,1.2623,1.5998,167,26,1,3,0
casual_0879,186.8671,51.5601,102.4988,2.7472,8.5742,32,0.0372,356.3492,483.0357,0.0200,0.0025,2.0539,0.3628,0.2363,0.4533,0.2746,0.9857,0.1192,0.0000,0.0000,0.0500,168,20,3,10,0
esport_0252,104.6412,170.7160,59.1631,5.4706,1.9326,24,0.0115,493.6126,623.7918,0.4161,0.0045,2.7910,0.0852,0.0266,0.3746,0.2085,2.3613,0.7285,0.0000,4.7024,3.0540,72,52,29,4,0
skilled_0501,61.2464,89.3394,83.7717,14.0184,10.5235,50,0.0226,403.6424,620.0000,0.8378,0.0495,2.8880,0.2195,0.1166,0.1497,0.1146,1.7516,0.2523,0.0000,2.0623,1.9862,187,47,2,12,0
skilled_0894,112.4165,110.5239,72.2781,5.9433,7.4429,28,0.0146,506.5038,620.0000,0.3659,0.0010,2.3390,0.2063,0.0675,0.6373,0.1617,1.1439,0.3182,0.0000,0.7401,0.7706,96,30,10,13,0
trigger_0065,241.9734,131.1692,44.8715,9.3462,7.2411,26,0.0220,351.0515,575.5086,0.3478,0.0245,3.0656,0.0701,0.0026,0.4828,0.0101,1.9514,0.6091,0.0000,5.8684,3.5533,62,37,33,2,1
casual_0887,65.3993,103.5582,93.5621,14.0393,2.6320,14,0.0152,547.9020,603.7642,0.2082,0.0003,1.7366,0.2504,0.1507,0.6174,0.2297,0.9501,0.3033,0.0000,1.4440,0.9637,53,16,8,5,0
casual_1345,193.9471,56.7600,62.9913,2.0000,18.4122,19,0.0000,569.3201,527.7230,0.3213,0.0078,2.2628,0.5818,0.1242,0.3151,0.3037,0.5324,0.2541,0.0000,0.0000,1.0278,117,29,8,11,0
casual_0068,38.3208,94.0692,97.3329,7.9366,12.3614,14,0.0265,522.1635,522.3899,0.5245,0.0001,2.1112,0.5104,0.1648,1.0110,0.3367,0.6138,0.2018,0.0000,1.8322,0.8543,153,30,10,14,0
skilled_1210,228.8681,73.1646,107.8336,14.3353,8.3949,42,0.0228,286.1503,620.0000,0.0500,0.0059,2.2187,0.2390,0.0750,0.6474,0.2314,1.7339,0.4920,0.0000,0.6552,2.1351,135,66,14,1,0
casual_1815,177.3655,33.2268,35.0795,4.5092,11.8987,25,0.0084,444.0340,545.5298,0.1571,0.0005,2.8943,0.2000,0.0400,0.6410,0.1905,1.3347,0.1290,0.0000,0.0441,1.0526,123,15,2,1,0
casual_0568,128.9843,116.2748,172.4467,11.2041,12.3446,24,0.0270,433.3009,620.0000,0.5223,0.0046,1.6915,0.6476,0.0742,0.6319,0.2184,0.8454,0.2980,0.0000,1.2610,1.2583,77,22,3,2,0
casual_2167,145.0122,39.2785,162.3583,26.2319,5.3782,25,0.0172,328.6989,588.5001,0.3567,0.0002,2.7763,0.7001,0.2130,0.6083,0.2132,0.4019,0.3654,0.0000,0.9899,0.4144,177,64,9,13,0
casual_0096,127.6894,79.5535,20.0000,24.1966,8.8335,15,0.0175,346.2675,547.3721,0.4018,0.0400,2.0609,0.4937,0.1483,0.3361,0.1993,0.6633,0.2586,0.0000,0.0000,1.1004,107,27,9,6,0
skilled_1181,220.6907,106.2189,131.8092,11.8506,9.6706,14,0.0246,443.2109,573.5837,0.1389,0.0005,2.4978,0.3593,0.0711,0.6012,0.1322,1.2446,0.4525,0.0000,2.7940,0.3959,58,26,8,9,0
skilled_0353,260.6542,75.9463,59.2297,13.9411,10.4975,27,0.0246,394.5426,590.3343,0.1872,0.0028,2.9050,0.3739,0.1546,0.3121,0.2336,1.5642,0.3846,0.0000,1.8507,0.8524,84,32,13,5,0
casual_0139,52.3371,15.0116,139.7730,22.4281,8.5091,9,0.0271,451.5322,454.3755,0.2181,0.0294,1.9974,0.7334,0.1589,0.6600,0.1751,0.9524,0.4084,0.0000,1.0502,0.0500,42,17,8,8,0
trigger_0029,31.0159,96.3446,25.4556,6.9951,4.2972,92,0.0238,504.6718,561.8194,0.5282,0.0159,2.1180,0.0535,0.0021,0.5353,0.0053,2.3971,0.6277,0.0000,4.4979,3.2848,164,102,19,0,1
casual_2602,153.3213,29.5895,71.2003,34.9459,7.9833,20,0.0000,296.8325,571.1628,0.2875,0.0070,2.0766,0.5117,0.0554,0.8495,0.1105,0.6784,0.2948,0.0000,1.0050,0.5636,111,32,0,15,0
skilled_1023,63.9197,104.5704,60.9611,5.2026,5.8074,32,0.0178,361.8202,592.5645,0.5010,0.0056,2.0450,0.1405,0.1845,0.4331,0.1198,1.6144,0.2685,0.0000,3.2332,1.8351,123,33,18,13,0
aimbot_0022,113.3102,133.3391,19.9125,2.6907,0.4877,76,0.0978,283.1709,563.2363,0.3397,0.0013,2.5373,0.0669,0.0138,0.5635,0.0323,1.5470,0.7582,0.0000,4.8073,5.2855,90,68,34,0,1
casual_1606,290.4201,94.1695,90.2048,11.8461,18.1086,25,0.0000,268.0408,486.1577,0.4719,0.0006,2.5253,0.7002,0.1488,0.6804,0.2114,0.8382,0.3044,0.0000,1.9948,0.5229,134,40,0,2,0
casual_1629,140.7132,81.1467,59.6089,11.5535,14.2203,26,0.0178,506.3716,573.4868,0.7199,0.0007,1.6427,0.4911,0.1057,0.6242,0.0858,1.6305,0.1996,0.0000,0.0000,0.6291,151,30,9,15,0
casual_1539,151.0250,132.4967,68.3804,28.3895,10.5447,19,0.0121,473.7040,510.7997,0.2868,0.0400,1.8750,0.5173,0.1418,0.4541,0.2365,0.4006,0.1533,0.0000,0.9416,0.2165,83,12,8,4,0
casual_1694,213.0524,97.5480,20.0000,16.6277,10.6096,19,0.0145,320.9886,570.9655,0.2705,0.0164,2.4028,0.5922,0.1905,0.8625,0.1714,0.4700,0.1325,0.0000,0.2523,0.6727,106,14,6,4,0
casual_2059,43.9648,50.2644,232.8405,4.2369,9.6830,26,0.0265,427.7142,509.8193,0.6518,0.0047,2.1374,0.5411,0.1625,0.6402,0.1574,0.5429,0.0892,0.0000,0.9386,0.1561,145,12,10,1,0
casual_0463,111.3625,38.3642,158.4002,41.1173,2.9866,8,0.0131,471.7864,554.7602,0.5144,0.0243,2.5883,0.3592,0.0743,0.5440,0.1059,1.0826,0.1093,0.0000,1.4213,0.3746,50,5,7,11,0
casual_2330,186.7183,88.6055,106.4983,28.4191,13.6326,21,0.0100,421.1416,490.0407,0.1628,0.0238,1.8864,0.4556,0.2192,0.7177,0.2560,1.3402,0.2789,0.0000,0.8476,1.4187,97,27,6,1,0
skilled_0043,128.6404,108.4674,99.7037,2.7755,11.0158,24,0.0432,513.6251,611.8914,0.6576,0.0028,2.4490,0.3220,0.1895,0.2836,0.1903,1.2941,0.4465,0.0000,1.9513,0.6369,98,43,16,8,0
esport_0484,67.2320,168.0811,40.5032,1.3891,5.9741,11,0.0413,408.8632,604.4490,0.1320,0.0112,3.1006,0.2331,0.0704,0.4212,0.2075,2.3439,0.3994,0.0000,4.5741,3.3611,37,14,22,3,0
casual_0594,31.9749,23.6744,118.8048,13.4620,13.5336,35,0.0168,288.8750,588.8407,0.4451,0.0042,3.2737,0.6625,0.0790,0.2103,0.2147,0.8802,0.2127,0.0000,2.8351,0.8739,126,26,11,12,0
skilled_0814,91.3540,105.6013,29.2449,7.5850,7.0781,18,0.0405,410.5350,539.7212,0.5255,0.0090,2.2567,0.2204,0.1042,0.4134,0.1363,1.2483,0.5110,0.0000,2.9838,1.2404,80,40,6,3,0
casual_0625,141.1255,90.3420,77.3403,14.2647,14.5589,5,0.0151,317.6822,523.8154,0.4992,0.0072,2.5681,0.7221,0.2502,0.5495,0.0693,1.0465,0.1286,0.0000,1.4884,0.9895,46,5,10,9,0
casual_0450,41.4346,46.5882,41.4455,18.9783,8.8326,44,0.0143,434.0400,501.9029,0.1651,0.0133,2.5596,0.5005,0.1248,0.5657,0.1219,0.8173,0.1503,0.0000,0.1499,0.4917,144,21,2,5,0
casual_1499,208.8830,88.5090,172.2238,27.1847,8.5098,3,0.0141,544.4160,539.0500,0.2997,0.0001,2.2528,0.6780,0.1543,0.4831,0.3091,0.4191,0.2666,0.0000,0.6632,0.4147,54,14,3,10,0
casual_2456,193.6730,60.6371,166.3886,14.1274,11.1642,17,0.0149,476.3336,569.0202,0.4487,0.0005,2.9143,0.3981,0.1500,0.2961,0.3518,0.3205,0.1402,0.0000,0.5008,1.0019,88,12,0,5,0
esport_0472,157.1174,129.3512,37.1353,7.1366,4.4348,17,0.0422,466.9006,604.6054,0.4531,0.0004,2.6063,0.1244,0.0729,0.5853,0.0908,1.8463,0.6969,0.0000,3.1890,4.4598,58,40,10,4,0
casual_2984,47.9153,74.8214,126.8894,17.2302,13.7081,18,0.0196,245.3869,548.5693,0.7554,0.0017,1.9526,0.6414,0.2401,0.9971,0.1686,0.5666,0.2065,0.0000,2.0794,0.8151,108,22,11,12,0
casual_1569,163.4649,24.2317,72.2604,12.2341,13.2290,3,0.0280,450.2474,620.0000,0.4248,0.0075,2.5880,0.6446,0.1447,0.3373,0.1226,0.1989,0.3279,0.0000,1.6060,0.9950,40,13,2,6,0
casual_1034,143.2113,33.4454,37.9131,15.6930,15.2800,14,0.0362,409.8001,481.0410,0.4499,0.0055,2.9975,0.7663,0.2075,0.8831,0.1005,1.1978,0.2135,0.0000,1.0428,0.6541,59,12,8,17,0
skilled_0518,194.2418,108.4477,113.5489,10.3521,8.5470,71,0.0329,403.0112,554.8191,0.6446,0.0011,2.2234,0.4096,0.2063,0.4248,0.0200,0.9933,0.3971,0.0000,3.4422,0.6920,184,73,4,3,0
casual_1557,164.4416,131.5842,33.3941,21.8116,14.1485,10,0.0399,340.0654,476.2963,0.2775,0.0127,2.0315,0.3215,0.1465,0.9586,0.4095,1.1245,0.1546,0.0000,1.6799,0.3363,95,14,5,15,0
skilled_0624,259.5132,87.3844,79.5025,11.8433,6.2562,56,0.0218,451.2076,547.2358,0.5221,0.0063,2.7333,0.3012,0.1718,0.5988,0.2198,0.8367,0.2495,0.0000,2.7114,2.3247,187,46,15,12,0
esport_0414,109.5430,143.6734,71.9485,3.0495,2.8717,33,0.0128,451.6587,607.9215,0.7738,0.0068,2.8183,0.2647,0.0316,0.3588,0.0300,2.0991,0.3198,0.0000,4.2079,5.1825,120,38,13,3,0
casual_0150,253.0988,51.7156,44.9372,34.8672,4.4863,8,0.0083,435.2160,595.5633,0.4997,0.0131,2.3127,0.7241,0.1062,0.7615,0.3747,0.9743,0.1286,0.0000,0.8257,0.6440,40,5,5,8,0
casual_1420,220.3063,18.7414,102.8564,13.1718,1.7080,19,0.0050,458.5621,561.5646,0.3872,0.0105,2.5168,0.4505,0.1810,0.6142,0.4076,0.9364,0.0817,0.0000,1.1196,0.1333,93,7,2,14,0
casual_2011,107.3803,64.3570,92.8671,5.2665,4.2041,15,0.0065,390.7668,574.3536,0.3056,0.0025,2.1368,0.6549,0.1480,0.8819,0.1855,0.4778,0.1628,0.0000,0.0000,0.8548,76,12,0,12,0
casual_2686,94.4720,86.5439,100.8903,18.6009,10.8034,24,0.0229,368.6647,604.0323,0.1314,0.0193,0.9940,0.3329,0.1249,0.4715,0.0300,0.3639,0.0809,0.0000,0.0000,1.3175,115,9,10,17,0
casual_1786,119.1543,75.4177,30.1950,21.3576,6.9219,32,0.0237,343.5446,521.3846,0.2580,0.0157,2.7139,0.3524,0.0400,0.7089,0.2286,0.8071,0.2281,0.0000,1.0391,0.3854,150,34,4,5,0
casual_0088,73.5434,122.5433,20.0000,19.6676,11.8836,12,0.0137,409.7452,573.5329,0.3319,0.0025,3.1873,0.5923,0.1279,0.7545,0.2833,1.2868,0.3288,0.0000,1.0220,0.0500,57,18,2,15,0
casual_0457,153.8114,32.4204,96.4859,15.2257,1.0000,32,0.0271,411.7601,549.8948,0.1208,0.0021,2.2126,0.4664,0.1336,0.2974,0.3122,0.4198,0.3167,0.0000,0.3333,0.9083,113,35,11,13,0
casual_1305,280.4263,67.2442,191.8873,22.7690,21.3728,14,0.0279,185.2203,580.1391,0.2177,0.0060,3.1628,0.3230,0.0604,1.0475,0.2652,0.5504,0.2055,0.0000,0.1706,0.2917,158,32,11,8,0
casual_2925,189.2433,109.7904,78.4420,19.0887,13.9357,6,0.0107,403.4798,620.0000,0.3410,0.0049,1.3514,0.5464,0.2660,0.5273,0.3023,0.8354,0.2216,0.0000,1.1136,0.3006,48,10,6,8,0
skilled_0270,66.6088,54.1018,63.6797,8.5921,5.6709,29,0.0220,394.4094,579.2085,0.8247,0.0121,2.1949,0.4438,0.1975,0.3452,0.1644,1.2119,0.4833,0.0000,4.1509,1.4771,93,44,15,10,0
skilled_0227,140.8428,117.0942,72.5728,7.5311,1.1069,60,0.0000,444.0791,604.0017,0.5292,0.0009,2.2702,0.1200,0.0919,0.6121,0.1337,1.5228,0.2463,0.0000,2.4363,1.4272,179,44,14,5,0
casual_1988,296.5744,98.9778,155.7701,20.4725,20.3093,5,0.0151,349.1779,526.7865,0.3206,0.0400,2.0541,0.6691,0.1415,0.5525,0.4232,0.3954,0.1646,0.0000,2.1750,0.2750,33,5,10,5,0
skilled_0754,114.8475,65.9590,94.3756,13.1045,4.7242,19,0.0053,501.2408,548.0908,0.5639,0.0131,2.7488,0.3003,0.1087,0.1000,0.2202,1.0941,0.2877,0.0000,1.3521,2.1856,63,18,3,4,0
skilled_0646,220.9686,80.2145,124.2679,11.6372,10.2633,54,0.0160,495.1665,585.9480,0.3887,0.0205,1.9897,0.3934,0.1701,0.5159,0.2047,1.1564,0.3488,0.0000,2.8628,1.9252,131,45,10,2,0
casual_0831,179.4560,67.7234,82.3085,26.3206,8.8760,15,0.0042,326.4268,606.2116,0.2857,0.0084,2.6755,0.4777,0.1817,0.5056,0.3398,1.5990,0.3197,0.0000,0.6623,1.1310,61,19,10,1,0
casual_0239,59.4689,104.1833,84.3287,19.8317,11.9624,22,0.0240,257.0672,613.9208,0.3818,0.0033,2.7269,0.6600,0.1324,1.0928,0.3242,1.2742,0.3167,0.0000,0.7398,1.4827,115,36,8,11,0
esport_0431,261.2913,111.9654,63.3985,1.5835,2.8723,76,0.0366,477.8543,605.8623,0.7258,0.0191,2.3750,0.1453,0.0474,0.2803,0.1068,2.2589,0.5084,0.0000,5.8470,1.3834,198,100,17,4,0
skilled_0022,232.4303,134.9545,105.0418,14.1904,11.6450,13,0.0317,429.3725,549.3346,0.4325,0.0052,3.3817,0.2143,0.1566,0.7719,0.1685,1.5764,0.3123,0.0000,2.3664,2.1882,48,14,15,2,0
skilled_0148,279.7812,102.2004,68.2449,7.3367,3.2802,52,0.0021,446.1673,581.3702,0.7829,0.0006,2.8689,0.3579,0.0643,0.4458,0.0999,1.5148,0.3647,0.0000,2.3326,1.6398,175,63,12,12,0
casual_1946,84.3640,31.5376,137.9525,7.4050,20.4995,7,0.0217,428.7270,521.0060,0.3564,0.0039,2.5441,0.5535,0.1094,0.5443,0.2971,0.8054,0.0200,0.0000,0.2975,0.3145,66,1,11,4,0
casual_2775,125.7758,75.8357,76.1187,23.0813,6.4669,11,0.0057,200.2748,594.9262,0.4697,0.0197,2.1039,0.3690,0.1315,0.4273,0.1135,1.4226,0.1295,0.0000,1.4287,0.7031,45,5,3,9,0
casual_0192,63.1446,89.4816,27.4147,21.6833,12.4973,18,0.0069,524.0776,547.5154,0.0200,0.0012,2.3159,0.3729,0.1523,0.8268,0.1852,0.3531,0.1947,0.0000,0.6366,0.7547,91,17,1,10,0
aimbot_0099,48.5753,188.8391,14.0720,2.2943,1.0100,76,0.1392,395.9944,550.8056,0.6467,0.0020,2.5589,0.0813,0.0138,0.3923,0.0184,2.0931,0.8775,0.0000,7.0500,7.9484,107,93,20,3,1
trigger_0014,179.3927,115.1983,72.7510,8.0016,5.8184,27,0.0325,433.6845,617.5124,0.5417,0.0026,2.1197,0.1246,0.0040,0.5510,0.0070,2.1373,0.6987,0.0000,2.4681,5.6651,43,30,34,7,1
casual_0944,151.4620,81.1844,75.6789,2.0000,19.6689,20,0.0227,341.9832,508.0003,0.2224,0.0058,1.4980,0.7881,0.2367,1.0394,0.3641,1.0810,0.1781,0.0000,0.9679,0.7852,106,18,0,4,0
casual_1268,164.6327,10.0000,136.9473,27.3312,6.5456,3,0.0296,322.6706,500.0938,0.2656,0.0080,2.3716,0.5621,0.0766,0.6032,0.1095,1.0324,0.3709,0.0000,0.2058,0.9777,38,14,6,14,0
skilled_1231,39.6308,88.4521,92.4923,8.1391,4.2539,16,0.0389,511.0017,620.0000,0.4204,0.0330,2.5574,0.5338,0.1067,0.2989,0.2556,1.3734,0.1822,0.0000,2.2063,1.4853,67,12,15,4,0
casual_2307,146.4108,99.7103,41.0701,15.2989,9.0507,21,0.0176,394.0418,593.3890,0.2761,0.0109,2.8267,0.4283,0.1310,0.3132,0.2181,1.2588,0.1402,0.0000,0.5491,0.9664,116,16,4,6,0
esport_0174,265.0015,119.8513,53.2953,4.1383,6.7691,63,0.0589,444.2472,625.0000,0.5934,0.0070,2.7987,0.1738,0.0497,0.3525,0.0300,0.7555,0.5167,0.0000,3.7581,2.8904,187,96,30,6,0
esport_0461,70.0195,125.4456,43.6901,5.8321,6.0343,25,0.0237,468.5519,625.0000,0.5522,0.0046,3.0361,0.2269,0.0792,0.5909,0.1551,1.6243,0.7008,0.0000,3.7275,2.6196,88,61,22,0,0
casual_2313,78.7907,183.4441,111.2170,24.1449,5.7968,7,0.0131,540.5563,546.9539,0.6028,0.0400,3.0441,0.5666,0.1991,0.3303,0.2849,0.5534,0.2562,0.0000,0.2346,0.4107,31,7,2,9,0
skilled_0214,172.3027,85.9854,64.0830,22.4907,3.9870,24,0.0388,429.6448,602.6990,0.4812,0.0464,2.6232,0.2749,0.0977,0.8177,0.0897,1.3185,0.4406,0.0000,2.5274,1.8278,95,41,18,4,0
casual_2732,179.8614,66.6576,20.0000,14.2292,12.3111,16,0.0228,375.1020,527.0616,0.5169,0.0086,1.5352,0.4912,0.1200,0.6609,0.2109,0.8990,0.4279,0.0000,0.5388,0.3765,108,46,6,2,0
casual_1926,125.0974,62.1849,151.3802,21.1644,18.1596,5,0.0169,473.8370,552.6302,0.3954,0.0123,1.8307,0.6319,0.0400,1.1356,0.3709,0.5361,0.2293,0.0000,1.4072,0.8459,29,6,3,10,0
skilled_1227,67.4979,116.3672,82.4846,3.0149,9.2793,28,0.0200,473.4338,608.4448,0.1709,0.0040,2.3202,0.5026,0.1026,0.8026,0.1773,1.6358,0.3967,0.0000,2.9463,0.9426,108,42,7,10,0
esport_0426,103.1264,122.9141,47.6149,4.1631,0.5000,92,0.0566,408.7741,625.0000,0.7025,0.0033,2.9812,0.1199,0.0786,0.2807,0.1482,2.4515,0.5055,0.0000,5.9585,7.9469,158,79,8,2,0
casual_0800,229.4167,56.8822,31.5078,18.3745,1.6640,34,0.0040,514.5570,571.3152,0.6087,0.0121,3.2624,0.4806,0.1828,0.3358,0.2277,0.7293,0.1307,0.0000,1.8487,1.6697,152,19,3,15,0
skilled_0671,275.1599,107.1636,102.5005,2.8768,1.3551,53,0.0243,369.8660,563.3970,0.5153,0.0140,2.5957,0.3066,0.0730,0.4048,0.0955,1.2423,0.2608,0.0000,2.2054,3.0279,178,46,19,11,0
skilled_1193,94.3146,94.5777,78.3645,4.6380,6.3292,33,0.0070,446.7777,561.9312,0.6505,0.0082,2.8749,0.3067,0.1368,0.5459,0.2302,0.7055,0.4048,0.0000,1.0967,1.6874,90,36,2,12,0
casual_2968,184.9382,58.5238,23.6652,18.9149,5.0941,17,0.0231,341.1886,519.8577,0.3130,0.0054,2.2586,0.4991,0.1394,0.4549,0.1245,0.6703,0.1025,0.0000,1.8359,1.1513,110,11,1,8,0
aimbot_0043,60.6700,152.3048,26.7132,1.2307,0.7170,77,0.1180,361.4291,597.3397,0.4209,0.0012,2.2155,0.0474,0.0082,0.5281,0.0491,2.4997,0.8913,0.0000,5.8738,7.6158,108,96,19,1,1
esport_0118,266.2668,158.7662,67.3366,6.1483,3.6124,61,0.0603,473.7934,590.5587,0.5166,0.0102,2.9187,0.1187,0.0925,0.3127,0.0838,1.7966,0.5207,0.0000,3.0932,2.7741,164,85,29,7,0
casual_2776,205.1211,42.1065,73.3292,14.6967,10.0450,14,0.0081,351.3190,509.0197,0.6292,0.0202,3.2217,0.6752,0.1291,1.1098,0.0779,1.5631,0.2918,0.0000,1.9770,0.9585,72,21,9,1,0
casual_2970,156.6660,74.7399,128.2564,20.8695,11.4502,3,0.0260,360.1347,586.8773,0.3978,0.0131,3.0329,0.8334,0.0792,0.4678,0.2494,1.4295,0.2257,0.0000,1.0540,0.6710,19,4,7,17,0
skilled_0867,240.4053,65.8254,111.7774,7.8009,3.4012,47,0.0153,495.4630,604.9281,0.1348,0.0204,2.1531,0.3312,0.0655,0.6460,0.1996,1.5395,0.3471,0.0000,0.9979,2.2834,185,64,7,10,0
casual_1743,288.7991,83.3720,89.7529,18.9071,8.9237,23,0.0125,368.6733,576.7962,0.3922,0.0051,1.5044,0.4733,0.1522,0.7485,0.2995,0.6212,0.0200,0.0000,0.8819,1.3133,136,2,0,14,0
skilled_0948,160.7101,82.5592,70.2208,15.5170,10.1372,12,0.0005,277.0488,620.0000,0.0928,0.0320,3.1319,0.2284,0.0300,0.2881,0.1295,1.7812,0.3881,0.0000,2.7386,0.7769,73,28,12,5,0
skilled_0802,99.0026,79.4115,107.1187,8.4934,7.2617,54,0.0342,445.5391,600.2750,0.3091,0.0015,2.7048,0.4108,0.0300,0.4234,0.1272,1.6586,0.5559,0.0000,2.9349,2.3373,191,106,10,13,0
casual_2024,153.2678,10.0000,116.7372,18.4477,6.8304,17,0.0216,435.5092,620.0000,0.5467,0.0028,2.4346,0.4020,0.2115,0.6274,0.2853,1.2896,0.2175,0.0000,0.0000,0.4222,94,20,4,14,0
casual_2274,264.6445,34.9816,103.7902,24.8395,3.9638,13,0.0111,353.5118,620.0000,0.0200,0.0093,1.9935,0.6096,0.1780,0.5274,0.3225,1.1068,0.1664,0.0000,1.4645,0.8664,68,11,2,9,0
casual_0099,289.7124,26.9672,171.9972,30.8518,14.9243,3,0.0000,282.4696,523.1434,0.2905,0.0010,2.6655,0.6824,0.1968,0.5971,0.2739,0.7448,0.0200,0.0000,0.9986,0.4017,58,1,3,16,0
speed_0071,199.9498,66.8888,101.8088,2.4396,11.9807,26,0.0223,912.0671,1837.6533,0.7886,0.6219,2.6257,0.2678,0.1041,0.8256,0.1308,1.7378,0.3781,0.0000,3.1361,4.2018,130,49,14,9,1
skilled_0407,30.3418,85.7297,102.4286,9.4840,8.2992,57,0.0032,434.2750,595.2359,0.4149,0.0106,2.6986,0.3068,0.0653,0.4895,0.2253,0.4116,0.2999,0.0000,3.7789,0.5032,169,50,13,2,0
skilled_1245,124.9304,80.2859,60.0198,13.8418,8.3832,26,0.0264,277.2483,620.0000,0.7073,0.0059,2.5830,0.2237,0.0915,0.3712,0.1084,1.2597,0.2977,0.0000,2.6292,1.3341,110,32,12,6,0
esport_0369,237.4853,127.4669,45.0342,2.4670,4.6984,18,0.0318,417.9257,609.6631,0.6708,0.0065,2.9365,0.2084,0.0559,0.5603,0.0300,1.6165,0.6995,0.0000,4.8768,5.2682,59,41,26,2,0
speed_0066,35.0526,75.6433,45.6079,16.9536,10.9827,25,0.0048,928.0249,1673.4801,0.7370,0.6181,2.8718,0.2695,0.0960,0.5773,0.2798,0.8052,0.4309,0.0000,2.1197,4.2821,158,68,15,7,1
casual_0191,95.0621,78.4925,85.6843,8.7315,10.3519,22,0.0001,443.8837,572.2696,0.6216,0.0007,1.5097,0.7031,0.1324,0.7457,0.2738,0.5961,0.1107,0.0000,0.6196,2.0471,103,11,10,14,0
esport_0446,63.8385,125.1691,28.0235,0.8111,2.9992,25,0.0307,572.6084,625.0000,0.6361,0.0295,2.8855,0.1722,0.0493,0.5881,0.0775,1.3117,0.6184,0.0000,3.9003,3.6760,53,32,30,3,0
casual_1784,96.5151,57.4697,156.0502,22.1271,15.7179,20,0.0231,452.0321,504.9398,0.3604,0.0043,2.5070,0.7079,0.1293,0.4988,0.0300,0.5672,0.0870,0.0000,1.0559,0.5670,161,14,9,5,0
casual_1532,178.5647,88.8474,122.2606,20.7909,16.2214,11,0.0126,304.8245,533.7862,0.0200,0.0176,2.2784,0.4267,0.1255,0.1500,0.0735,0.2539,0.1920,0.0000,1.8395,0.8249,48,9,6,6,0
casual_2834,214.6381,127.8197,106.5815,23.6982,8.8124,3,0.0157,474.7473,531.6154,0.2770,0.0100,2.1041,0.2215,0.0412,0.7964,0.2493,1.0442,0.3425,0.0000,0.8910,0.2321,27,9,10,14,0
esport_0194,169.2161,127.4212,103.0409,2.4357,6.3302,50,0.0402,443.5704,577.9003,0.6746,0.0037,2.3736,0.1682,0.0472,0.2350,0.1793,1.7484,0.6600,0.0000,4.4478,4.2352,146,96,21,4,0
speed_0065,196.4321,62.8756,144.0650,10.7171,9.3294,33,0.0173,886.0845,1285.8841,0.5867,0.5309,2.5538,0.1876,0.1786,0.5505,0.0200,1.4471,0.2959,0.0000,5.3204,2.4222,163,48,21,4,1
casual_1598,249.2368,80.1547,67.3404,14.3354,17.8267,7,0.0049,434.4069,585.9942,0.5333,0.0005,1.8139,0.7529,0.1483,0.4055,0.1774,0.8111,0.0200,0.0000,0.8880,0.4837,53,1,2,6,0
casual_1779,156.2662,108.8298,173.9016,27.1268,13.8142,18,0.0042,206.8457,579.0351,0.3872,0.0048,2.3465,0.5050,0.1825,0.8742,0.2378,1.3323,0.1862,0.0000,0.9043,0.8866,134,24,7,10,0
speed_0050,139.4672,70.0516,98.0232,21.8732,10.9484,30,0.0053,628.1234,1395.9224,0.6101,0.3606,2.8595,0.4180,0.0878,0.6904,0.0744,1.1274,0.1909,0.0000,2.7576,2.0702,151,28,6,5,1
casual_2574,177.2053,27.1134,26.5279,25.0960,9.6818,7,0.0152,276.0510,552.8772,0.4629,0.0010,1.9313,0.4087,0.1316,0.4732,0.3855,0.8810,0.0970,0.0000,1.3160,0.6976,28,2,9,6,0
skilled_0398,137.5554,107.5357,49.8797,7.6777,10.9808,31,0.0167,426.9189,602.3132,0.2720,0.0019,2.4701,0.5069,0.1336,0.5485,0.1986,1.0759,0.1000,0.0000,2.1830,0.8800,107,10,3,1,0
skilled_0975,226.1676,97.1079,80.4745,9.6319,4.5984,36,0.0227,380.4689,618.7791,0.2272,0.0019,2.7979,0.3569,0.1931,0.4588,0.1632,1.1393,0.2464,0.0000,2.2894,0.8457,113,27,15,7,0
skilled_0770,170.2328,72.8274,108.1874,7.0022,5.9859,43,0.0353,436.7124,620.0000,0.4912,0.0319,2.6828,0.4908,0.1407,0.2174,0.2110,1.3840,0.4749,0.0000,3.6498,1.6513,179,85,11,1,0
casual_0166,254.0432,90.6962,97.7957,17.5723,7.3433,6,0.0185,454.9041,480.4712,0.2461,0.0191,2.4441,0.7500,0.1657,0.5580,0.3085,0.1000,0.3079,0.0000,1.0786,1.1002,23,7,0,14,0
casual_1751,84.4144,47.2807,62.6940,13.1441,10.9255,26,0.0184,400.8503,528.7239,0.4378,0.0040,1.8180,0.6462,0.2368,0.8478,0.1233,1.3415,0.1161,0.0000,2.3198,1.3520,122,14,8,10,0
casual_1479,159.0456,96.1246,76.4638,24.5648,1.0000,2,0.0284,323.7751,452.5296,0.3056,0.0019,1.7678,0.5299,0.0893,0.4705,0.0481,1.5425,0.1949,0.0000,1.0927,1.3411,15,2,5,6,0
casual_1024,208.1988,104.4134,131.0626,40.1533,10.9267,18,0.0185,512.5870,587.0660,0.1501,0.0149,2.8475,0.6225,0.2478,0.5219,0.1533,1.1064,0.1106,0.0000,0.8523,1.0078,125,13,8,5,0
casual_1788,261.2306,38.2734,108.5315,28.3963,13.2930,42,0.0202,274.9449,529.1785,0.0841,0.0049,1.5958,0.4968,0.1441,0.4471,0.2921,1.2704,0.0974,0.0000,0.6745,0.6259,171,16,7,7,0
casual_2264,181.7425,28.9885,35.3458,12.6416,14.4157,9,0.0186,438.2679,612.7300,0.2107,0.0237,1.3341,0.4505,0.2407,0.7442,0.0723,0.2284,0.4157,0.0000,1.5265,0.5442,60,24,8,11,0
casual_2473,170.3335,14.5161,105.4973,3.0775,14.8519,7,0.0281,283.1059,620.0000,0.3922,0.0019,1.4583,0.4870,0.0400,0.4498,0.3362,1.3547,0.4585,0.0000,1.5556,1.0995,36,16,7,4,0
casual_1822,172.7375,48.6902,85.8481,12.7906,1.0000,24,0.0019,471.0396,619.1513,0.4984,0.0072,2.8431,0.8493,0.2565,0.9391,0.2307,1.1199,0.3550,0.0000,0.6238,0.9149,115,40,7,7,0
casual_1220,30.2882,40.6400,106.7369,24.9062,12.1130,7,0.0295,452.9347,558.8969,0.3634,0.0033,2.8663,0.4372,0.1682,0.6561,0.4388,1.3961,0.2204,0.0000,0.8785,1.3526,57,12,0,9,0
casual_1666,259.0628,136.1661,146.2650,23.4155,21.9820,2,0.0037,428.4005,412.6293,0.3792,0.0063,2.3272,0.6223,0.1472,0.6350,0.0435,0.8464,0.2314,0.0000,1.1555,0.8276,33,7,7,10,0
casual_2960,245.2608,111.5412,135.5647,28.5632,10.6070,17,0.0013,360.1824,494.3769,0.4321,0.0010,2.9791,0.7416,0.1066,1.0313,0.1156,0.8899,0.1419,0.0000,1.0008,1.2845,125,17,10,2,0
casual_0152,67.8673,95.8764,31.3743,21.0974,10.6014,17,0.0197,228.4300,620.0000,0.1644,0.0081,2.5166,0.3839,0.1272,0.4090,0.2224,0.6400,0.1072,0.0000,1.6272,1.0089,66,7,1,2,0
casual_2534,288.6850,121.6883,41.5868,2.0000,22.3103,8,0.0146,417.9124,590.7231,0.1338,0.0024,2.3792,0.6028,0.2341,1.1527,0.1838,0.7779,0.2180,0.0000,0.4486,0.6870,68,14,6,8,0
esport_0438,134.9345,165.8702,38.2809,9.2949,3.7991,114,0.0270,408.9481,593.6393,0.6090,0.0006,2.8891,0.1923,0.0696,0.2620,0.0665,1.6145,0.4296,0.0000,5.4048,0.8000,199,85,8,4,0
casual_1978,228.2195,87.5163,86.9086,21.3443,17.9274,16,0.0251,431.8003,500.6744,0.4473,0.0021,3.1768,0.6535,0.1660,0.9048,0.2990,1.5446,0.1640,0.0000,0.9823,0.6749,101,16,2,10,0
casual_1469,75.5957,46.0038,25.9335,15.5695,14.5581,24,0.0046,371.6339,538.5388,0.4430,0.0014,3.2782,0.7097,0.0599,1.0776,0.2619,1.2929,0.1509,0.0000,1.4054,0.8905,142,21,3,3,0
casual_2807,227.3781,96.7993,121.6092,32.1323,13.9577,9,0.0235,361.6380,620.0000,0.6352,0.0069,3.1218,0.3371,0.1773,0.3898,0.1465,1.0137,0.1803,0.0000,1.0305,0.3729,39,7,3,7,0
casual_2512,62.2511,45.2291,138.3725,25.9422,7.5149,13,0.0099,359.8407,552.4458,0.6629,0.0070,2.9681,0.7559,0.1449,0.2463,0.2926,0.8290,0.2320,0.0000,0.9244,1.5740,130,30,7,14,0
casual_2943,75.5341,52.4256,113.0873,4.1471,7.4499,2,0.0123,481.6152,620.0000,0.3654,0.0171,1.7887,0.4435,0.0949,0.4885,0.0300,1.0420,0.2735,0.0000,0.2369,1.5203,10,2,4,8,0
casual_2980,195.6735,64.6257,125.7013,14.8708,18.0738,28,0.0121,491.4152,590.2872,0.1726,0.0005,1.8300,0.5276,0.1480,0.1500,0.2073,0.9273,0.2583,0.0000,0.9705,0.9101,175,45,2,11,0
aimbot_0072,101.6992,109.9529,11.5069,2.3610,0.6937,45,0.0401,382.0135,594.6085,0.6059,0.0011,2.0587,0.0932,0.0075,0.2873,0.0624,2.6140,0.8474,0.0000,5.9100,3.7001,66,55,11,1,1
skilled_0017,227.4749,89.1933,122.3543,2.9244,3.7155,14,0.0274,400.6042,582.5367,0.5526,0.0200,2.6689,0.1586,0.0743,0.2649,0.0775,0.5401,0.4586,0.0000,2.3411,2.7512,64,29,2,8,0
casual_1566,51.9116,52.4925,20.0000,2.0000,14.8901,52,0.0000,453.8449,515.3034,0.5713,0.0146,2.9361,0.4624,0.1643,0.8864,0.1454,0.4405,0.2684,0.0000,1.1879,1.4786,179,48,5,16,0
casual_0031,291.2276,70.9914,195.3818,34.9700,7.2519,19,0.0135,256.0138,545.8426,0.3772,0.0048,2.9609,0.2925,0.1125,0.5896,0.1473,0.9217,0.0723,0.0000,0.9194,0.9029,102,7,0,15,0
casual_0937,62.5769,70.6138,94.7794,10.9101,12.0280,4,0.0164,388.7824,613.2237,0.4104,0.0083,3.5000,0.7528,0.2465,0.9058,0.2311,0.6526,0.2501,0.0000,0.7722,0.9426,20,5,11,4,0
casual_1215,170.9180,65.9330,148.6495,19.6397,8.3208,28,0.0118,433.5617,612.5057,0.5447,0.0070,2.6635,0.6020,0.1207,0.4656,0.1997,0.1735,0.3471,0.0000,0.4986,1.3728,169,58,4,10,0
casual_1937,192.9196,28.4366,153.1324,13.2753,9.3112,11,0.0020,328.8828,512.7663,0.4731,0.0055,3.0181,0.7448,0.1683,0.7498,0.2349,0.8037,0.1461,0.0000,0.8113,1.5573,51,7,6,10,0
casual_1129,297.8513,47.1774,131.2872,2.0000,10.7628,9,0.0181,364.1623,551.5467,0.6683,0.0151,1.5570,0.6835,0.1191,0.9460,0.3534,0.9770,0.1493,0.0000,1.8411,0.5556,59,8,6,17,0
casual_0309,67.7375,79.0840,75.7678,2.0000,11.9895,3,0.0120,352.8252,551.8733,0.4658,0.0123,2.3755,0.5444,0.2801,0.9472,0.2863,1.2866,0.3319,0.0000,0.6777,0.8167,13,4,8,4,0
speed_0051,23.9074,103.7348,175.9850,18.6778,4.7681,35,0.0478,823.9368,1533.0109,0.6350,0.4035,2.6904,0.5803,0.1395,0.6867,0.2051,0.4581,0.2834,0.0000,3.5700,1.0467,162,45,21,7,1
casual_2168,118.5081,126.2170,92.0584,16.6614,14.3428,34,0.0095,600.0000,522.8306,0.3365,0.0088,2.0131,1.0458,0.0400,0.6550,0.0749,1.0676,0.2265,0.0000,1.3929,1.0070,120,27,3,15,0
skilled_0113,61.3314,93.6903,50.9604,12.0797,4.7915,31,0.0320,600.0285,560.6700,0.1228,0.0115,2.5448,0.1615,0.0669,0.3306,0.1357,1.0042,0.4368,0.0000,2.9954,2.8616,115,50,12,13,0
casual_0495,178.2690,135.6998,162.1069,7.5601,19.1828,14,0.0000,426.7793,471.4308,0.3876,0.0135,2.3178,0.5760,0.1780,0.9118,0.1942,0.6617,0.2218,0.0000,1.1589,0.5069,70,15,11,17,0
casual_0205,92.0071,88.8102,93.1763,8.9165,10.7285,10,0.0060,173.5948,597.2452,0.3986,0.0010,1.5348,0.5736,0.2572,1.1432,0.2095,1.0838,0.1307,0.0000,2.0474,0.3541,71,9,6,3,0
casual_2673,157.4078,62.4340,190.2351,13.4621,13.4732,13,0.0105,333.9834,611.4601,0.3919,0.0054,1.9864,0.7846,0.1554,1.1635,0.2499,0.4180,0.1304,0.0000,0.8878,0.6640,46,5,3,5,0
skilled_0357,81.7200,118.3505,51.9999,2.6910,9.5679,20,0.0491,393.2793,553.8215,0.1456,0.0106,2.7004,0.3407,0.1037,0.5304,0.1456,1.2273,0.3513,0.0000,1.3605,1.3262,77,27,8,0,0
skilled_0830,55.1005,75.3160,100.0391,3.2372,8.4000,38,0.0171,503.0121,620.0000,0.1394,0.0009,2.1237,0.4815,0.0796,0.2233,0.1769,0.8353,0.3754,0.0000,1.8934,2.2073,179,67,2,9,0
casual_0305,154.9558,101.8206,48.1637,16.5151,12.5567,25,0.0012,278.8307,517.5588,0.2219,0.0012,1.7659,0.6581,0.2253,0.8089,0.1237,1.3908,0.2120,0.0000,1.5996,0.6151,129,27,6,11,0
skilled_0793,219.9145,90.9810,24.3558,9.6265,9.1042,17,0.0038,394.7595,620.0000,0.4060,0.0108,2.0513,0.3467,0.0670,0.8706,0.1066,1.3358,0.2867,0.0000,1.1144,1.4319,121,34,10,2,0
casual_2201,283.0039,51.1165,132.2367,14.8705,13.8989,11,0.0091,492.4696,620.0000,0.4031,0.0016,1.9271,0.2527,0.2084,0.1500,0.1848,0.4101,0.1458,0.0000,0.2000,0.5957,40,5,4,14,0
casual_1061,194.7163,91.0663,134.8104,12.3561,15.7296,52,0.0000,208.0614,544.7133,0.3121,0.0008,2.8191,0.2401,0.3121,0.7625,0.3568,0.7033,0.1930,0.0000,1.1530,0.0846,148,28,5,16,0
casual_0843,140.1496,38.2749,61.4936,7.6747,8.4363,26,0.0048,286.4121,529.7158,0.0456,0.0052,2.7096,0.5970,0.1754,0.3694,0.3865,0.5588,0.2965,0.0000,1.2458,0.2763,163,48,9,11,0
skilled_0872,131.7534,89.5880,134.1628,8.1951,9.1898,31,0.0117,457.5296,585.1833,0.4584,0.0011,1.9350,0.2920,0.1480,0.3414,0.2397,1.0711,0.4494,0.0000,0.2505,1.4620,89,39,15,13,0
casual_2251,238.4023,32.2970,93.7436,15.5337,7.9533,9,0.0000,399.1203,620.0000,0.4289,0.0117,1.4768,0.5658,0.2088,0.7490,0.0958,0.4266,0.2648,0.0000,0.4918,1.0027,46,12,5,9,0
casual_0211,186.9015,56.0778,147.6652,27.7486,3.6094,38,0.0092,300.9608,620.0000,0.4971,0.0010,2.3389,0.6264,0.2070,0.4909,0.1999,0.7238,0.0841,0.0000,1.3578,0.7194,170,14,5,2,0
skilled_0997,191.5113,102.0107,48.0064,3.7820,1.0000,30,0.0337,518.8830,578.7986,0.5982,0.0008,2.3539,0.3285,0.0680,0.5244,0.3217,2.0800,0.2549,0.0000,3.6841,1.1740,95,24,7,12,0
casual_0679,128.6522,49.7196,96.9476,25.0250,7.2337,24,0.0098,392.8574,535.4465,0.1764,0.0006,1.5481,0.5057,0.1699,0.2652,0.1288,0.8130,0.2927,0.0000,1.0942,1.4293,158,46,2,1,0
casual_0565,210.9549,61.8994,122.5615,27.6418,2.0324,6,0.0111,395.4380,620.0000,0.1595,0.0003,2.5279,0.4256,0.2183,0.2550,0.2794,0.3276,0.1119,0.0000,1.0159,0.5756,36,4,8,8,0
skilled_0290,210.5140,84.4143,75.4725,6.7485,4.7558,48,0.0039,435.4260,596.4960,0.2155,0.0500,2.6549,0.1200,0.1173,0.3629,0.1728,1.2102,0.3383,0.0000,3.0088,1.2581,146,49,8,7,0
esport_0104,280.5779,123.3668,74.5483,0.5000,0.5795,36,0.0316,522.2239,618.8851,0.5282,0.0088,2.2398,0.2250,0.0883,0.4644,0.1041,1.7879,0.6822,0.0000,4.6583,3.3088,95,64,17,8,0
casual_0680,48.1350,53.7794,103.1942,32.1300,11.4613,4,0.0404,376.3484,547.4911,0.4587,0.0035,2.3784,0.7744,0.1379,0.4962,0.1598,1.3153,0.2706,0.0000,0.5487,0.9805,24,6,10,1,0
casual_0180,270.5140,97.2835,64.9387,15.2713,9.1011,35,0.0000,446.0254,568.5540,0.7032,0.0033,2.6814,0.5633,0.1371,0.2818,0.3169,0.4559,0.0520,0.0000,0.4536,0.7759,108,5,1,17,0
esport_0029,261.9990,124.3711,15.0000,4.6745,3.6902,64,0.0375,463.5766,625.0000,0.7114,0.0048,2.9419,0.1127,0.0786,0.4677,0.2021,1.8846,0.4390,0.0000,5.7350,2.6162,124,54,26,3,0
casual_2495,170.9782,105.2237,186.1705,13.3750,6.6422,25,0.0132,486.3103,541.3084,0.4117,0.0000,2.0484,0.3122,0.2298,0.7549,0.2747,0.9926,0.1632,0.0000,0.7496,0.8203,128,20,3,5,0
casual_2316,77.1250,39.3426,109.3297,10.7256,1.2681,41,0.0119,337.2874,601.3836,0.2780,0.0068,3.3182,0.7928,0.1287,0.7309,0.0635,1.0872,0.2575,0.0000,0.6169,0.4262,173,44,5,12,0
esport_0023,147.0588,150.1122,37.0985,7.1395,0.5000,74,0.0375,475.0729,592.6699,0.5161,0.0087,2.8941,0.1406,0.0702,0.1900,0.1047,2.2036,0.3928,0.0000,2.5396,1.7439,175,68,7,3,0
casual_0278,266.2513,67.8470,160.6562,12.0503,8.2247,27,0.0124,404.3150,596.3355,0.3055,0.0028,1.8311,0.3165,0.2298,0.6515,0.3286,1.0431,0.2753,0.0000,1.0182,0.6765,158,43,3,12,0
skilled_0683,203.6910,71.2651,91.8010,11.2682,7.5375,15,0.0476,414.6343,561.4070,0.0592,0.0213,2.7142,0.4771,0.1749,0.3702,0.1123,1.1765,0.4247,0.0000,2.9415,1.1829,61,25,5,3,0
aimbot_0012,158.8297,172.4736,26.0820,3.6413,0.9711,83,0.1015,485.6247,547.9516,0.3255,0.0010,1.9261,0.0677,0.0045,0.3413,0.0518,2.4641,0.6533,0.0000,3.6164,7.1801,132,86,26,0,1
casual_0432,218.4926,25.1352,82.6782,3.6006,15.3843,2,0.0226,547.2360,606.6098,0.5447,0.0021,2.4439,0.3480,0.2744,0.7320,0.2164,0.7807,0.2862,0.0000,0.6494,1.4876,19,5,3,4,0
casual_0289,57.4514,11.8473,101.0254,19.8758,12.7708,12,0.0121,338.7582,536.0403,0.3821,0.0083,3.5000,0.5724,0.1532,0.4994,0.3783,0.4656,0.1638,0.0000,0.0000,0.8052,145,23,0,14,0
casual_1027,128.9106,115.8334,20.0000,18.0650,7.9945,3,0.0143,385.9420,558.0364,0.3953,0.0080,0.6792,0.7066,0.1803,0.2170,0.0582,0.5757,0.4127,0.0000,1.0227,0.5440,137,56,11,15,0
casual_0535,86.4456,119.7377,229.6774,11.2301,16.4021,49,0.0000,223.6321,541.4174,0.4942,0.0120,1.8161,0.6584,0.1107,0.3823,0.2767,0.7173,0.1520,0.0000,0.5411,1.5429,172,26,0,17,0
skilled_0631,32.6388,96.9309,59.7524,15.4415,10.2198,22,0.0293,475.9814,537.3247,0.3397,0.0057,2.2164,0.4222,0.0968,0.2840,0.2557,1.6837,0.2665,0.0000,1.7727,1.5279,71,18,18,8,0
casual_0188,231.6332,76.4930,150.0855,2.0000,13.2981,4,0.0000,399.9490,607.9259,0.3681,0.0007,1.6976,0.4097,0.1637,1.0785,0.2741,0.1761,0.2442,0.0000,1.1670,0.5358,46,11,4,7,0
casual_2174,125.0211,56.7034,151.2843,16.9094,14.3891,18,0.0039,329.0462,594.0182,0.2540,0.0046,2.9139,0.2000,0.0889,0.6669,0.2988,0.8674,0.1067,0.0000,0.7944,1.2187,63,6,8,10,0
skilled_0915,138.0206,124.9689,138.0900,13.8226,5.7867,39,0.0226,391.3790,583.7934,0.3822,0.0072,2.5280,0.2223,0.1066,0.2225,0.1607,1.2638,0.2411,0.0000,1.9197,1.2831,143,34,5,13,0
casual_1862,297.3751,39.1749,40.1650,6.8783,21.4363,24,0.0120,313.0292,497.2979,0.6557,0.0059,1.7749,0.3861,0.1822,0.5534,0.1796,1.0082,0.3707,0.0000,1.1980,0.3635,162,60,8,16,0
casual_0270,44.9568,108.6573,90.3420,34.2312,1.2300,26,0.0347,244.4329,542.6752,0.3254,0.0083,1.9899,0.5925,0.1082,0.1500,0.0300,1.8629,0.2140,0.0000,1.4826,1.0581,156,33,7,5,0
casual_1728,38.3411,57.4487,145.0723,6.4305,18.6902,3,0.0037,401.4242,474.0271,0.2359,0.0021,2.0329,0.7340,0.1233,0.5437,0.2430,0.6123,0.2088,0.0000,1.0503,1.1211,14,2,5,5,0
skilled_1075,256.8968,82.0445,67.2367,16.1245,11.1423,11,0.0070,371.1679,620.0000,0.5104,0.0102,2.6530,0.2786,0.1228,0.4737,0.1897,0.6111,0.4268,0.0000,2.6039,0.1000,53,22,17,5,0
casual_2157,104.4994,80.6634,160.7502,14.3050,20.6989,25,0.0299,397.2946,556.9934,0.3322,0.0024,3.2897,0.4276,0.1596,0.8329,0.2461,0.9652,0.1469,0.0000,0.0855,1.2103,105,15,6,15,0
skilled_0931,114.1884,108.8155,91.4319,6.8060,8.1064,49,0.0310,414.0594,584.0183,0.0619,0.0036,1.6831,0.2044,0.0754,0.2928,0.1830,1.5651,0.5381,0.0000,1.8590,1.3524,143,76,5,2,0
casual_0111,84.6381,77.0298,138.8283,18.8778,5.6463,36,0.0198,332.9785,559.5322,0.3335,0.0329,3.1285,0.3743,0.2137,0.6701,0.2473,0.8297,0.2179,0.0000,0.0603,0.4476,175,38,5,17,0
casual_2384,42.7576,116.5456,20.0000,3.8870,19.9859,47,0.0062,348.0752,593.9044,0.5031,0.0054,1.9159,0.3549,0.0400,0.6567,0.2109,0.2435,0.1582,0.0000,1.1030,1.4187,169,26,11,13,0
casual_0220,111.2561,65.3090,89.7820,21.8042,9.0889,12,0.0223,293.3828,544.0648,0.6234,0.0140,1.7735,0.4605,0.1808,0.6816,0.0300,0.5224,0.1235,0.0000,0.4886,1.3372,80,9,2,1,0
casual_0627,52.9012,95.1204,99.6282,19.1091,9.4456,34,0.0027,502.0546,511.6412,0.2256,0.0071,1.8395,0.5557,0.1304,0.8358,0.0759,1.1336,0.3371,0.0000,0.8525,0.2164,130,43,4,16,0
casual_1181,62.1058,41.6979,25.2922,10.1712,15.3234,18,0.0000,348.1062,566.2737,0.1190,0.0019,2.3315,0.2789,0.1538,1.2156,0.1876,1.4213,0.0200,0.0000,1.0926,1.3044,152,3,5,6,0
skilled_0381,100.4002,140.2118,70.4208,1.0000,8.3004,15,0.0025,457.6862,572.7197,0.4442,0.0009,3.0123,0.3780,0.0448,0.5934,0.1812,1.4363,0.3448,0.0000,2.2676,1.0501,68,23,17,11,0
casual_2422,236.6367,100.3823,20.0000,23.8930,18.9035,28,0.0290,385.3840,509.7321,0.3857,0.0013,2.1269,0.2107,0.1784,0.6101,0.2888,1.3796,0.2865,0.0000,0.2153,1.6411,163,46,1,17,0
casual_0790,88.4160,101.8930,30.1564,25.2929,16.1328,8,0.0110,339.4072,542.3338,0.4763,0.0095,2.6618,0.5399,0.1026,0.7708,0.2523,0.8648,0.1581,0.0000,0.7948,0.2297,48,7,4,4,0
esport_0025,224.1276,74.7748,52.2823,3.0675,3.4260,61,0.0240,372.3188,625.0000,0.5733,0.0078,2.4880,0.1721,0.0583,0.4413,0.1437,2.0654,0.7800,0.0000,4.1607,2.0682,188,146,34,3,0
casual_0461,69.1852,90.4325,195.7163,10.2360,1.3812,12,0.0385,513.7907,620.0000,0.4802,0.0024,2.0827,0.6644,0.1592,0.1500,0.4173,1.3721,0.2140,0.0000,1.4870,0.2851,86,18,5,9,0
esport_0152,127.9736,187.2849,34.8467,7.3621,4.5570,36,0.0169,498.5147,562.4391,0.1743,0.0003,2.8646,0.1223,0.0669,0.4504,0.1599,1.3693,0.6122,0.0000,3.7267,2.2622,123,75,25,8,0
casual_0551,70.6817,100.6020,133.1073,14.2284,4.7873,11,0.0129,323.9689,620.0000,0.3645,0.0074,3.0772,0.4528,0.1918,0.3764,0.2491,1.1901,0.2839,0.0000,1.3797,0.9480,86,24,3,8,0
skilled_0129,278.4681,111.1648,148.0483,7.6310,3.4236,39,0.0153,398.3578,588.4361,0.4235,0.0252,1.8829,0.2713,0.0621,0.2756,0.1012,1.2489,0.4150,0.0000,1.5487,0.1953,148,61,13,13,0
casual_1444,82.6835,65.3679,20.0000,9.2126,18.3862,13,0.0193,600.0000,582.0013,0.4997,0.0073,2.5445,0.5690,0.2244,0.2732,0.2663,0.6788,0.1990,0.0000,1.1806,1.0269,77,15,8,16,0
casual_0198,83.0374,46.5612,108.5023,10.6739,9.3879,20,0.0278,311.3904,602.1460,0.3871,0.0117,2.7262,0.4295,0.1019,0.2081,0.3649,1.0272,0.0961,0.0000,0.6636,0.0634,109,10,6,2,0
casual_2589,138.6401,41.7876,99.6342,25.1036,11.0327,28,0.0198,411.5304,523.8952,0.2222,0.0400,2.4076,0.4949,0.1701,0.3571,0.2865,1.3583,0.2243,0.0000,2.0261,0.5808,178,39,1,1,0
casual_0402,240.9494,60.1521,20.0000,2.0000,3.8870,15,0.0055,383.5327,581.5814,0.2792,0.0053,2.1666,0.3895,0.0688,0.7104,0.1162,1.3646,0.1998,0.0000,1.4451,0.5879,102,20,8,7,0
skilled_0959,80.7204,78.2462,81.7714,12.0961,3.9734,74,0.0354,324.3446,601.8233,0.3786,0.0163,2.8574,0.4075,0.1157,0.4330,0.1394,1.4018,0.2138,0.0000,2.4694,2.7476,197,42,16,4,0
skilled_1189,263.2681,141.7890,30.4781,15.7176,2.7455,54,0.0036,550.3081,593.5499,0.5650,0.0125,2.7056,0.3258,0.1304,1.0266,0.2101,0.8396,0.1464,0.0000,3.2020,2.1469,137,20,19,2,0
aimbot_0013,103.0405,111.9389,16.3012,1.8050,0.0000,43,0.0810,592.2063,625.0000,0.5375,0.0159,2.7811,0.0540,0.0069,0.3631,0.0904,1.5817,0.7918,0.0000,5.6753,8.0024,74,58,13,4,1
casual_2095,122.5156,98.8660,110.7430,30.6963,5.2351,10,0.0283,302.4929,566.4029,0.1477,0.0094,2.1681,0.8858,0.1397,1.0753,0.1917,0.8125,0.2746,0.0000,1.2594,0.1088,56,15,7,5,0
casual_2900,133.6670,41.6046,171.5623,17.0945,4.9586,19,0.0024,453.7636,560.5102,0.5323,0.0067,2.5296,0.3749,0.1436,0.8268,0.0726,1.1186,0.1629,0.0000,0.7753,1.1114,114,18,6,7,0
esport_0212,270.4711,62.4171,27.8826,2.1121,4.1764,53,0.0611,365.2300,555.1184,0.6085,0.0033,1.8189,0.1147,0.0275,0.3363,0.1214,2.2257,0.5279,0.0000,1.7674,1.1521,170,89,20,5,0
casual_0650,138.3660,67.8417,120.7833,4.4573,20.2823,19,0.0065,302.4133,524.2696,0.0200,0.0047,2.3470,0.2563,0.0926,0.5031,0.2711,1.1037,0.1849,0.0000,1.9141,1.0036,85,15,4,3,0
casual_0708,148.3643,128.2672,87.9665,14.7574,5.5535,45,0.0068,332.1714,568.5571,0.3158,0.0184,1.8536,0.5314,0.2089,0.7068,0.3531,0.1000,0.1468,0.0000,1.0352,0.7960,164,24,9,15,0
casual_1480,143.8768,43.6790,146.1827,28.7406,7.4601,3,0.0121,396.3887,620.0000,0.2753,0.0003,2.9245,0.5701,0.1259,0.6421,0.2217,0.1000,0.1228,0.0000,1.2453,0.3202,32,3,4,12,0
esport_0164,219.5087,132.9178,60.1779,3.4608,1.4145,19,0.0488,569.1485,602.5072,0.6499,0.0029,2.5096,0.2140,0.0745,0.5434,0.1088,2.5580,0.4133,0.0000,3.6680,4.4620,66,27,31,5,0
skilled_0065,169.8648,43.3537,42.1073,11.2601,6.4017,39,0.0215,370.0317,584.0523,0.5319,0.0095,3.2499,0.3438,0.1398,0.7205,0.2315,1.2700,0.4963,0.0000,1.7661,0.7081,186,92,16,4,0
casual_2395,297.6360,88.4295,61.2502,18.7397,12.2718,29,0.0007,329.4152,620.0000,0.4964,0.0371,1.9460,0.3077,0.2283,0.6819,0.2137,0.6344,0.0291,0.0000,1.0126,1.2488,162,4,2,10,0
casual_1769,253.3587,10.0000,20.0000,8.8388,19.9856,25,0.0099,439.5304,585.8647,0.5885,0.0283,1.8599,0.4958,0.1547,0.8903,0.2464,1.1854,0.2741,0.0000,0.0000,0.1669,143,39,0,6,0
casual_0314,128.9260,22.7546,75.2376,16.5672,17.6973,14,0.0257,435.7736,588.2782,0.3415,0.0018,2.9368,0.9292,0.2717,0.3581,0.1543,0.7978,0.2239,0.0000,0.4416,1.9212,106,23,8,3,0
skilled_0761,258.3637,86.9769,113.6032,1.6805,13.0385,24,0.0000,471.2488,521.2534,0.2779,0.0053,2.7128,0.2939,0.0659,0.5223,0.1819,1.2304,0.2335,0.0000,0.6463,3.2364,76,17,11,11,0
speed_0059,28.4802,72.0896,96.0569,14.1519,14.6134,10,0.0242,745.9813,1556.4974,0.4637,0.4909,2.6612,0.4092,0.1007,0.8420,0.2323,1.1694,0.4958,0.0000,5.4265,1.8084,179,88,16,5,1
casual_0113,186.3893,86.9856,143.8415,25.6863,10.9190,57,0.0082,442.1292,575.9351,0.4278,0.0038,1.8999,0.6507,0.1469,0.9732,0.4000,1.6626,0.1904,0.0000,1.9573,1.0883,158,30,7,2,0
casual_0960,174.8734,33.0279,147.0691,18.6927,12.0105,2,0.0387,308.8091,544.8961,0.4904,0.0232,2.3726,0.7145,0.1207,0.5565,0.1534,0.3524,0.0346,0.0000,2.1525,1.2735,13,0,9,14,0
casual_2910,220.1872,86.7906,140.1111,31.0643,25.7610,24,0.0118,452.5293,480.8171,0.3546,0.0223,1.6565,0.6909,0.0537,0.4665,0.1131,0.4389,0.2478,0.0000,1.2932,0.8112,82,20,9,6,0
skilled_0405,45.0649,66.3740,57.2775,14.9501,5.6778,49,0.0371,365.0932,592.5234,0.4560,0.0181,2.9167,0.4177,0.0427,0.5655,0.1591,1.1332,0.3187,0.0000,1.8836,1.5123,181,57,6,11,0
casual_1623,54.0413,82.5899,88.9803,26.2696,12.1767,52,0.0099,385.2933,509.4480,0.2052,0.0003,1.9575,0.6641,0.0818,0.5591,0.1452,0.9572,0.1726,0.0000,1.0213,0.7063,165,28,3,3,0
skilled_0322,130.9853,96.3232,86.6031,9.8584,7.9627,10,0.0081,481.4994,551.0718,0.2608,0.0415,2.3029,0.2066,0.0991,0.2615,0.1793,2.0196,0.3379,0.0000,1.8582,2.9237,36,12,8,0,0
trigger_0074,118.9870,94.8915,38.4064,7.7372,4.3719,11,0.0315,342.1455,576.5148,0.2446,0.0081,2.5448,0.1405,0.0070,0.3586,0.0010,2.9650,0.6960,0.0000,2.9651,3.5426,23,16,14,3,1
casual_1818,164.7824,78.7613,109.3108,2.0000,11.4214,2,0.0101,237.1526,491.4331,0.4055,0.0049,1.6943,0.4962,0.1881,0.3579,0.2436,0.6519,0.3716,0.0000,0.3378,1.0245,11,4,6,14,0
skilled_0194,112.3741,98.8250,124.8462,9.8466,8.3871,18,0.0127,446.7108,620.0000,0.3320,0.0033,2.3334,0.3233,0.0669,0.1477,0.0557,1.8481,0.1757,0.0000,2.9392,1.4451,56,9,3,0,0
skilled_0007,154.2036,51.8525,116.0711,9.4005,7.1665,20,0.0298,399.8545,620.0000,0.5734,0.0211,2.3810,0.4913,0.1612,0.4464,0.2293,1.4098,0.1218,0.0000,0.7108,2.3959,75,9,14,5,0
skilled_0414,252.3919,126.6529,106.9872,8.8475,8.9600,40,0.0052,476.5613,597.1278,0.8000,0.0081,2.9133,0.1683,0.0955,0.7247,0.0622,1.0083,0.3224,0.0000,2.1912,1.5221,178,57,14,10,0
esport_0278,152.2261,147.4433,59.5237,1.6218,6.8563,9,0.0014,386.8848,547.3276,0.4442,0.0312,2.8221,0.1376,0.0435,0.3673,0.0856,1.6829,0.5400,0.0000,2.5164,2.7511,35,18,34,2,0
casual_1897,104.2584,23.9518,203.4686,13.6983,7.1393,38,0.0180,438.4177,541.7766,0.3963,0.0192,2.5445,0.8712,0.1295,0.6559,0.2767,0.9666,0.0572,0.0000,1.0144,0.2448,173,9,6,6,0
casual_1918,191.8452,62.9584,162.2596,39.5741,14.7460,39,0.0340,375.9080,550.5133,0.5228,0.0093,2.5548,0.5059,0.0730,0.4210,0.2476,0.5235,0.2487,0.0000,1.0781,0.8803,162,40,6,6,0
casual_1270,292.1389,144.2028,103.6795,2.0000,9.9270,22,0.0304,348.3095,560.3381,0.4455,0.0004,1.8820,0.2000,0.1735,0.6991,0.3153,1.0464,0.1217,0.0000,0.8923,0.2718,119,14,5,16,0
skilled_1176,141.6134,100.6364,140.3458,8.6837,6.9233,24,0.0424,494.5620,594.0845,0.3957,0.0090,2.4876,0.4464,0.0344,0.4470,0.1569,1.5338,0.4981,0.0000,0.9090,1.5731,100,49,18,3,0
trigger_0037,52.1493,103.7812,41.3721,6.5897,1.0577,9,0.0135,429.0823,572.0325,0.4110,0.0041,1.9216,0.0607,0.0056,0.5681,0.0036,2.2354,0.5543,0.0000,3.2716,3.7274,31,17,33,2,1
speed_0033,32.9196,55.2539,138.2643,15.1418,7.2841,15,0.0177,792.0224,1316.4746,0.6043,0.7262,2.3911,0.4526,0.2529,0.8140,0.1840,0.8903,0.4325,0.0000,3.5543,4.0844,73,31,12,4,1
skilled_1094,208.6209,95.8540,37.2916,17.1941,6.7443,21,0.0055,437.2063,620.0000,0.3802,0.0120,2.3370,0.3502,0.0713,0.8121,0.2899,1.0701,0.2780,0.0000,2.6646,2.3933,79,21,2,2,0
skilled_0159,257.9725,124.1208,112.0413,18.6436,7.6677,35,0.0138,421.8177,605.6692,0.3615,0.0121,2.3653,0.3811,0.0866,0.6411,0.1561,1.7678,0.4248,0.0000,2.0121,0.3874,109,46,6,10,0
casual_1813,94.0068,96.3624,142.7121,8.1557,19.4443,9,0.0158,335.0498,608.7721,0.5825,0.0088,2.3734,0.7862,0.2367,0.6108,0.2644,0.9626,0.1081,0.0000,0.1290,1.0200,78,8,7,7,0
casual_2426,48.5276,65.3160,104.6363,2.0000,25.0793,33,0.0056,289.4221,574.1898,0.2395,0.0008,3.1469,0.4882,0.1593,0.6594,0.0520,1.3818,0.2359,0.0000,0.3717,0.0500,176,41,5,4,0
skilled_0950,99.4364,111.8447,98.1334,7.5593,7.5978,42,0.0292,439.0446,574.1150,0.4625,0.0000,2.5468,0.3585,0.1093,0.7962,0.1273,1.0126,0.4478,0.0000,1.4245,0.5076,158,70,15,7,0
esport_0178,200.2619,71.6799,53.0158,8.4322,3.4371,40,0.0859,483.4311,588.2177,0.7073,0.0162,2.7795,0.1925,0.0572,0.5138,0.0448,2.4355,0.5015,0.0000,4.1781,0.9826,114,57,20,4,0
casual_2142,237.0564,71.3666,56.5694,2.0000,10.0128,24,0.0099,315.3240,620.0000,0.1619,0.0028,1.3028,0.6661,0.1078,0.3794,0.2234,1.1805,0.1349,0.0000,1.4608,0.9748,167,22,11,6,0
casual_1626,130.3167,26.0056,119.5657,4.0507,10.5778,30,0.0163,345.3220,555.7841,0.5493,0.0027,2.1355,0.7368,0.1980,0.4737,0.3274,0.6895,0.2843,0.0000,0.3221,0.2746,145,41,0,12,0
casual_0789,192.1982,102.7288,70.7408,2.0000,22.3275,8,0.0040,441.4534,620.0000,0.4716,0.0036,1.7705,0.7170,0.0913,0.3371,0.0699,0.5433,0.1722,0.0000,1.3160,0.4701,102,17,0,12,0
skilled_0786,265.7972,109.5104,57.3415,5.1419,6.8451,25,0.0062,395.7549,588.5325,0.1401,0.0041,2.9979,0.2573,0.0744,0.5313,0.0854,1.2472,0.3922,0.0000,4.1234,1.7188,160,62,17,8,0
casual_1864,202.5373,99.6161,55.0780,9.6448,28.0790,7,0.0200,289.2782,547.8742,0.5097,0.0027,2.3791,0.5509,0.0618,0.4098,0.4558,0.5424,0.0554,0.0000,1.3590,1.1011,45,2,9,5,0
casual_2865,63.4414,42.8537,122.8340,15.2492,7.7408,24,0.0068,341.5671,549.1216,0.1049,0.0259,2.2665,0.9447,0.2417,0.1697,0.1670,1.1241,0.1864,0.0000,0.4684,0.8321,98,18,3,11,0
casual_0871,36.2478,104.4021,133.5506,21.1348,7.1078,17,0.0026,339.5284,508.5429,0.3973,0.0002,1.9840,0.5680,0.1547,0.1500,0.1669,0.4512,0.0200,0.0000,1.0827,0.0889,69,1,9,10,0
skilled_0271,49.3401,143.4273,108.0186,8.6131,6.9900,38,0.0333,462.2728,620.0000,0.2382,0.0131,2.1872,0.3006,0.0672,0.5825,0.2489,1.9578,0.3914,0.0000,2.6583,0.2234,175,68,11,3,0
skilled_0833,51.6479,104.3894,115.4433,12.6298,9.1322,25,0.0111,337.6210,524.3842,0.3525,0.0055,2.7757,0.2292,0.1208,0.4787,0.1645,1.3117,0.3405,0.0000,2.2348,2.0394,79,26,16,8,0
casual_0073,93.1637,10.0000,49.8260,22.3555,3.2849,11,0.0199,388.7316,551.4738,0.3667,0.0026,2.5534,0.8269,0.0609,0.3005,0.2567,1.5008,0.1627,0.0000,0.9255,0.0500,56,9,0,2,0
casual_1752,269.7758,45.1864,24.0300,24.2092,12.2226,2,0.0235,408.4015,553.1999,0.3071,0.0028,1.2214,0.8816,0.1488,0.8922,0.0931,1.3382,0.3892,0.0000,1.1778,1.4992,17,6,3,17,0
casual_1421,160.3934,34.0469,110.0353,12.2968,3.3654,18,0.0070,393.6779,564.1822,0.1971,0.0168,2.1520,0.3389,0.1415,0.8725,0.2854,0.4718,0.2559,0.0000,1.2202,0.5981,72,18,9,1,0
skilled_1221,123.4548,58.7612,71.2208,12.5461,8.7364,20,0.0450,447.0290,542.7098,0.8198,0.0104,2.0231,0.2777,0.0906,0.6527,0.0474,1.3810,0.3678,0.0000,2.2958,1.9546,88,32,14,11,0
esport_0443,205.8998,134.4397,38.5439,3.5054,6.7962,67,0.0567,412.3350,591.6088,0.8528,0.0014,2.7951,0.1914,0.0754,0.4746,0.0669,1.5817,0.6037,0.0000,2.4987,3.0687,194,117,7,8,0
esport_0119,196.0936,165.7182,34.7478,4.3345,3.6361,86,0.0385,292.4312,609.8804,0.6671,0.0180,3.2425,0.1393,0.0830,0.5594,0.2408,2.1019,0.7500,0.0000,3.0027,1.0131,182,136,16,2,0
esport_0325,267.6215,132.2367,22.3713,5.1111,2.4243,16,0.0494,488.7382,621.5505,0.6169,0.0111,3.0120,0.1989,0.0361,0.3728,0.2158,1.8398,0.6897,0.0000,2.6198,4.9930,59,40,5,9,0
skilled_0809,47.7196,68.4177,97.5379,9.0677,8.3229,6,0.0170,374.6583,620.0000,0.5357,0.0281,2.8368,0.3920,0.0878,0.2416,0.1189,1.8190,0.2972,0.0000,1.8636,1.6917,28,8,15,5,0
casual_2244,134.1987,118.7732,92.0164,23.6714,11.2025,38,0.0214,503.3194,574.7840,0.4289,0.0146,1.8538,0.6927,0.1737,0.6206,0.3730,0.9451,0.1826,0.0000,2.0044,0.3807,179,32,5,1,0
skilled_0047,110.3138,106.9357,78.5836,13.1629,5.2726,13,0.0146,400.1786,597.0349,0.5529,0.0013,2.8907,0.3272,0.0493,0.4356,0.1731,1.6311,0.3624,0.0000,2.5456,2.4517,56,20,17,11,0
casual_2445,184.3238,61.2226,101.3844,11.1478,27.9138,11,0.0486,412.1749,540.2073,0.0200,0.0000,1.8879,0.3236,0.0446,0.8985,0.1845,0.3694,0.2496,0.0000,1.3040,0.4697,58,14,0,16,0
casual_0494,242.6067,88.3784,43.3154,17.9213,13.9911,14,0.0336,207.1528,523.9198,0.3719,0.0067,2.0105,0.6173,0.1145,0.5376,0.1071,0.6660,0.2449,0.0000,0.0000,1.0508,68,16,3,12,0
skilled_0130,136.5024,98.0662,39.6586,10.5320,3.3894,56,0.0054,452.7827,597.4932,0.2911,0.0004,2.1515,0.3568,0.1093,0.3803,0.1593,1.6375,0.1000,0.0000,3.7294,1.6506,171,17,18,6,0
esport_0071,285.4793,172.0709,75.1566,4.9373,3.5852,14,0.0115,437.1281,625.0000,0.7486,0.0167,2.4176,0.1747,0.0584,0.4811,0.1212,2.2746,0.5294,0.0000,2.6406,0.8291,51,26,34,4,0
esport_0147,280.0888,136.6499,98.1713,12.4271,7.2536,39,0.0227,513.3347,623.1628,0.3168,0.0202,2.7976,0.1713,0.0703,0.4294,0.1381,1.8178,0.6900,0.0000,2.4743,3.7245,93,64,27,5,0
casual_1164,69.6532,98.6199,97.7431,14.7853,5.1324,23,0.0313,194.9192,617.1177,0.1539,0.0011,2.3979,0.7792,0.2716,0.1891,0.2655,0.8559,0.2877,0.0000,0.6217,0.9056,168,48,1,3,0
skilled_0734,117.6761,78.1208,44.3093,9.0216,6.2111,13,0.0302,440.7135,616.7198,0.2564,0.0015,2.2547,0.2840,0.0498,0.3986,0.1435,1.5604,0.3645,0.0000,2.8730,2.5609,69,25,6,1,0
casual_1730,285.1900,45.6869,56.5141,2.0000,12.5612,27,0.0347,317.8399,473.8617,0.5808,0.0111,1.9105,0.6965,0.1323,0.5839,0.3538,0.7278,0.1221,0.0000,0.4874,1.4334,140,17,1,17,0
aimbot_0062,30.2672,156.9725,6.5277,2.9997,1.1567,45,0.0511,403.0738,589.6795,0.3268,0.0082,2.8701,0.0568,0.0141,0.3685,0.0717,1.8843,0.6969,0.0000,3.9447,8.0952,55,38,25,3,1
casual_2402,233.3298,32.8946,95.7726,3.2131,8.3081,3,0.0104,501.7160,614.6705,0.5335,0.0042,1.1909,0.5777,0.1862,0.5467,0.2287,0.8292,0.2852,0.0000,0.0000,0.4736,17,4,3,9,0
skilled_0403,76.9030,30.0000,188.8101,10.1265,8.1010,24,0.0113,444.6103,538.2602,0.3837,0.0097,2.8838,0.2546,0.0391,0.7241,0.1943,1.5878,0.3229,0.0000,2.3012,0.1000,154,49,19,12,0
casual_0618,63.4448,28.5360,45.7215,28.2877,7.9072,47,0.0147,426.5836,609.0530,0.4558,0.0013,3.5000,0.4647,0.1546,0.4488,0.1319,0.6030,0.1819,0.0000,1.1720,0.5545,140,25,7,12,0
casual_1697,244.7127,10.0000,151.4034,22.2878,7.5747,24,0.0181,349.7865,542.3025,0.1475,0.0011,2.3258,0.6347,0.0980,0.6950,0.2018,0.8318,0.3964,0.0000,0.4089,0.3285,168,66,7,10,0
skilled_0593,118.6377,117.8985,49.5278,13.8459,6.4296,6,0.0237,449.6056,556.9402,0.6574,0.0037,3.2470,0.2493,0.0837,0.3293,0.1387,1.2078,0.3514,0.0000,1.8833,1.7420,38,13,11,12,0
casual_1957,51.1022,89.5780,99.7911,14.5697,10.1927,10,0.0263,417.7135,502.7829,0.3912,0.0049,2.4616,0.4484,0.2176,0.2474,0.1871,0.5791,0.3549,0.0000,0.6143,1.2815,63,22,7,1,0
casual_1221,87.3148,46.0165,190.0821,19.9340,16.8285,48,0.0347,250.5166,503.5117,0.3015,0.0062,1.8564,0.7870,0.2197,0.8339,0.1934,0.8203,0.1599,0.0000,1.4884,0.7793,179,28,3,12,0
casual_2073,260.9783,12.1966,104.9547,13.8280,8.0525,10,0.0195,445.8116,505.1704,0.5053,0.0021,1.9268,0.8275,0.0964,0.6978,0.1392,0.8050,0.2201,0.0000,0.2299,1.0634,50,11,7,6,0
skilled_0410,245.2762,76.3070,118.4715,12.3406,6.7709,38,0.0276,399.4797,586.5290,0.4787,0.0013,2.7724,0.2077,0.1163,0.2088,0.0841,1.3526,0.4051,0.0000,2.9554,1.7156,155,62,10,7,0
casual_0869,85.1873,62.2770,93.8410,21.4817,7.9524,13,0.0185,448.0544,523.7809,0.1644,0.0010,2.4669,0.4762,0.2504,0.3927,0.0300,0.5832,0.3033,0.0000,0.0000,0.3743,63,19,0,13,0
casual_2718,33.2780,19.9411,173.4877,22.6857,7.1059,6,0.0094,258.5772,436.7329,0.5220,0.0040,1.9651,0.6869,0.1573,0.6532,0.1936,1.2326,0.2333,0.0000,0.9676,0.0500,57,13,7,12,0
casual_1042,206.9898,80.3635,20.0000,11.1782,19.1342,9,0.0190,309.4577,584.0234,0.4344,0.0400,2.2307,0.6999,0.0963,0.3355,0.0300,1.0208,0.3590,0.0000,1.4913,1.1217,58,20,3,7,0
casual_1361,131.7182,72.6172,57.1327,19.5769,23.2832,25,0.0000,426.3682,564.3489,0.2047,0.0003,2.4979,0.5292,0.0484,0.6301,0.1376,1.6449,0.0728,0.0000,0.7456,0.6621,108,7,3,1,0
casual_0356,236.2593,34.0024,57.1110,17.9739,23.0883,29,0.0295,348.6617,620.0000,0.3645,0.0038,2.6680,0.4567,0.0970,0.1500,0.2172,0.9131,0.1925,0.0000,1.2806,0.8172,135,25,3,1,0
casual_1162,252.2444,10.0000,161.9853,18.7092,15.2334,16,0.0000,370.8792,620.0000,0.5630,0.0022,3.2533,0.5418,0.2050,0.4537,0.2566,2.0823,0.2112,0.0000,0.9241,0.5834,76,16,6,8,0
casual_2765,285.0974,48.5868,160.1264,19.9832,18.2665,8,0.0202,279.5485,620.0000,0.5431,0.0008,2.4764,0.7311,0.1450,0.2955,0.1703,0.6585,0.2541,0.0000,1.8961,0.2929,56,14,0,9,0
skilled_0252,244.4958,94.4624,53.0818,13.5312,11.2630,49,0.0084,424.4493,566.9231,0.4962,0.0022,2.6276,0.3592,0.0728,0.3275,0.1903,0.6767,0.2516,0.0000,2.8522,0.4592,144,36,12,8,0
casual_1438,282.7678,49.3542,130.3115,11.2428,20.8503,32,0.0244,371.3947,545.9134,0.4804,0.0031,2.2468,0.2000,0.2206,0.4724,0.2071,0.9077,0.0293,0.0000,0.2238,1.2968,175,5,4,7,0
skilled_0603,35.0655,105.0669,104.4023,18.5433,6.9450,22,0.0114,370.9011,600.4105,0.2091,0.0018,2.5187,0.4701,0.1215,0.3459,0.2871,1.4931,0.1702,0.0000,2.1996,2.0069,77,13,17,5,0
trigger_0015,198.5289,64.3624,47.3420,9.2643,2.4516,7,0.0252,403.2082,622.0000,0.6271,0.0020,2.8402,0.1232,0.0042,0.5424,0.0089,1.9782,0.6361,0.0000,5.1850,4.4075,23,14,36,6,1
esport_0343,265.4445,96.6525,34.9465,3.7642,5.8341,9,0.0480,515.6517,579.3701,0.3933,0.0109,2.7460,0.2543,0.0794,0.3962,0.0300,1.8106,0.7087,0.0000,4.8666,4.0175,42,29,29,8,0
skilled_0639,112.4353,144.5358,111.8374,2.2775,4.6200,40,0.0376,447.4721,593.5287,0.5812,0.0080,2.3532,0.2349,0.1136,0.5110,0.1388,1.1227,0.1990,0.0000,1.6078,1.2595,144,28,14,8,0
casual_1253,197.2837,83.9834,69.0432,25.9745,12.6417,21,0.0000,480.2079,555.2958,0.4267,0.0012,1.7060,0.3397,0.2390,0.9067,0.0523,1.0424,0.2607,0.0000,0.8727,0.9361,120,31,6,4,0
skilled_0365,130.8804,108.3850,64.0936,7.3549,10.6159,18,0.0137,431.0626,620.0000,0.3185,0.0004,2.8307,0.3821,0.1197,0.6371,0.2581,1.6438,0.3922,0.0000,2.8198,1.2945,56,21,18,8,0
casual_0332,217.5955,83.8300,42.6519,4.1581,14.0108,10,0.0131,459.5578,551.0521,0.1952,0.0038,2.2368,0.4964,0.1906,0.7581,0.2886,0.4147,0.2510,0.0000,1.0661,0.8196,48,12,2,7,0
skilled_0694,162.9743,52.6340,98.1529,6.1560,9.1678,34,0.0081,416.0686,513.3721,0.3554,0.0436,1.6936,0.4173,0.0616,0.4008,0.1644,1.8235,0.3115,0.0000,2.1677,2.4496,199,61,5,5,0
skilled_0568,49.3135,96.5329,111.8672,9.9071,5.2677,12,0.0292,532.4789,616.1370,0.2844,0.0047,2.3899,0.2317,0.0678,0.5107,0.1409,1.6471,0.3116,0.0000,2.1268,1.3999,55,17,14,8,0
casual_2728,136.2334,78.5485,114.6830,11.4266,11.2139,24,0.0330,344.0421,505.4679,0.1087,0.0084,2.6681,0.4775,0.2080,0.4412,0.2711,1.1978,0.2369,0.0000,1.6692,0.5074,69,16,6,17,0
skilled_0667,179.0158,102.7620,140.5914,8.2425,4.3846,14,0.0124,408.3331,592.3324,0.2794,0.0051,2.3318,0.4749,0.1387,0.6164,0.0495,0.4666,0.1519,0.0000,1.0367,0.9285,42,6,6,12,0
casual_1630,159.4426,62.0386,82.3074,25.3305,11.5364,10,0.0183,373.2995,551.4741,0.6292,0.0195,1.6641,0.4897,0.1218,0.7705,0.2337,1.2672,0.1506,0.0000,0.0488,0.9951,46,6,4,10,0
casual_1116,67.2593,72.1355,149.8692,22.6810,16.6463,35,0.0024,392.0075,525.8382,0.2032,0.0073,2.1420,0.5585,0.1917,1.1576,0.2442,0.6335,0.2144,0.0000,1.2722,0.7484,171,36,4,7,0
casual_1849,235.1036,40.2427,90.7620,30.8802,10.4010,1,0.0354,578.6374,560.6023,0.0200,0.0280,2.1234,0.2465,0.2228,0.4506,0.1231,0.3255,0.1229,0.0000,0.7640,0.9135,38,4,0,6,0
skilled_0554,187.5439,132.8822,134.7026,13.0038,12.0212,7,0.0240,394.7874,593.3327,0.3991,0.0120,2.7010,0.3867,0.0929,0.6438,0.2171,1.2558,0.3188,0.0000,0.4852,2.3501,29,9,8,7,0
skilled_0153,267.4073,90.7555,77.7389,21.1924,13.1137,24,0.0240,481.2318,618.8141,0.6331,0.0161,2.7873,0.2360,0.1179,0.3924,0.2159,1.2260,0.4258,0.0000,2.1621,2.3008,112,47,10,9,0
skilled_0265,203.8323,132.2187,79.8265,1.0000,6.5624,41,0.0193,461.7730,578.7164,0.2442,0.0179,2.7187,0.3542,0.1319,0.8216,0.2755,1.3588,0.3251,0.0000,2.4392,0.7069,182,59,19,1,0
casual_1665,259.7692,111.3185,80.2278,21.9874,19.4097,5,0.0131,424.2390,600.1319,0.5644,0.0067,1.7031,0.6601,0.1494,0.5707,0.2087,0.7987,0.0200,0.0000,2.4126,0.6180,17,0,3,2,0
casual_0445,221.6743,36.2246,116.1737,35.8314,17.0923,10,0.0273,241.9857,620.0000,0.1696,0.0062,2.0751,0.8773,0.1560,0.9190,0.1461,0.9235,0.0356,0.0000,2.4237,0.9070,72,2,6,7,0
casual_2245,83.1791,10.0000,90.2257,30.7911,17.6486,47,0.0146,357.6098,545.2118,0.3559,0.0318,2.3782,0.4308,0.1709,0.6255,0.1679,1.1589,0.2133,0.0000,1.2195,0.4799,171,36,2,15,0
casual_0452,221.5861,84.9143,203.7226,24.4678,15.5994,28,0.0301,320.5257,554.1773,0.3647,0.0001,2.7786,0.5121,0.2036,0.7827,0.1519,1.3796,0.2209,0.0000,1.6294,0.2027,116,25,7,12,0
casual_1551,148.4819,72.0683,80.3873,9.2832,19.7650,3,0.0000,309.1607,462.2839,0.2393,0.0245,1.6194,0.3944,0.1886,0.5006,0.2577,1.1981,0.3053,0.0000,0.8329,1.0195,16,4,8,2,0
esport_0184,193.6932,133.8770,61.4524,0.5000,5.5757,30,0.0707,466.6229,605.7191,0.7066,0.0034,2.4097,0.1897,0.0785,0.3813,0.1366,1.6159,0.4970,0.0000,3.9902,3.8159,176,87,18,3,0
casual_2954,169.8272,139.1212,72.5605,10.4130,13.4178,38,0.0296,379.8381,549.4800,0.4754,0.0157,2.4658,0.5210,0.2180,0.9015,0.3191,1.0140,0.1972,0.0000,0.6755,1.2894,123,24,0,9,0
casual_0014,149.7218,84.7864,55.5708,14.6875,12.0151,17,0.0016,303.2438,591.5450,0.3003,0.0053,3.2833,0.6961,0.2027,0.6607,0.2932,0.1000,0.2242,0.0000,0.3834,0.6372,114,25,5,13,0
skilled_0628,221.7160,74.0895,66.1404,15.5259,12.3658,39,0.0459,415.0918,545.0008,0.5893,0.0056,2.2418,0.2697,0.1109,0.5203,0.1563,1.7897,0.3157,0.0000,2.2947,1.4562,167,52,8,1,0
casual_0945,96.2199,24.4362,100.0524,9.9234,21.7903,18,0.0360,239.4190,565.3269,0.5200,0.0003,3.0669,0.2000,0.0954,0.5854,0.1608,1.1850,0.2544,0.0000,1.7495,1.1537,161,40,6,16,0
casual_0247,141.3943,35.4531,101.8222,2.9904,1.0000,35,0.0264,332.1625,611.7208,0.0792,0.0077,2.3356,0.2289,0.0855,0.3812,0.2069,0.9318,0.1138,0.0000,0.0928,0.8189,140,15,3,11,0
esport_0447,196.3339,125.9767,20.1715,4.1523,6.3201,48,0.0361,421.5752,602.6210,0.2675,0.0099,2.3574,0.0956,0.0613,0.4162,0.1921,2.4234,0.6215,0.0000,6.0872,4.0215,125,77,16,8,0
casual_0360,281.4338,89.3884,72.0399,3.2821,11.9238,9,0.0175,257.0885,601.8812,0.3413,0.0002,1.9147,0.3133,0.1864,0.3184,0.0300,1.2921,0.1523,0.0000,0.3557,0.4729,107,16,11,1,0
esport_0406,258.2749,155.6656,46.2150,2.5506,4.1386,13,0.0394,518.7063,624.5514,0.5196,0.0091,3.3457,0.1027,0.0638,0.6208,0.1726,1.2169,0.5086,0.0000,5.3861,2.6146,64,32,5,3,0
casual_1614,255.4840,113.4991,88.7264,24.5723,9.5447,35,0.0043,576.3900,537.6812,0.5008,0.0295,2.4958,0.5888,0.1276,0.5312,0.2151,1.4459,0.1438,0.0000,1.5014,0.1914,159,22,5,15,0
casual_2303,161.2322,39.1097,78.6868,13.0403,6.6169,15,0.0118,400.6536,560.7423,0.0200,0.0014,2.9594,0.3244,0.0766,0.8522,0.2184,1.5200,0.2643,0.0000,0.3593,1.5381,59,15,0,6,0
skilled_1141,212.8533,78.6196,18.5706,9.9759,7.6426,28,0.0214,474.0866,586.0361,0.4593,0.0107,2.6243,0.2659,0.1277,0.3149,0.1175,1.2673,0.2841,0.0000,0.8386,2.3991,139,39,12,0,0
skilled_0168,44.6519,125.8047,70.0624,9.7493,6.1105,34,0.0320,375.5969,558.5802,0.6502,0.0061,2.3855,0.2983,0.0791,0.4782,0.1603,1.1261,0.3209,0.0000,2.4574,1.5018,191,61,15,12,0
casual_2478,130.8136,115.0510,134.5123,21.1690,19.2033,6,0.0324,211.1505,527.9996,0.0200,0.0003,2.8634,0.8404,0.1454,0.6177,0.1900,0.9629,0.2144,0.0000,1.3172,0.8045,41,8,3,2,0
skilled_1214,32.4063,69.1442,130.2504,15.5612,4.6119,30,0.0184,422.7145,529.4279,0.7388,0.0334,3.2856,0.3780,0.1887,0.6304,0.1422,1.5732,0.2550,0.0000,3.5066,0.1000,116,29,16,13,0
skilled_1180,74.7721,112.5313,44.6362,8.1092,8.0810,57,0.0120,386.7143,620.0000,0.1594,0.0031,2.6819,0.2073,0.1063,0.5455,0.1241,0.5526,0.2975,0.0000,3.2028,2.6026,151,44,12,11,0
speed_0034,99.8252,132.4974,98.4871,4.6806,14.7265,9,0.0160,793.1286,1433.9945,0.1206,0.8706,3.5000,0.2661,0.1330,0.4875,0.2298,1.3763,0.0868,0.0000,3.2199,4.0171,37,3,12,8,1
skilled_0163,78.8137,48.4228,98.9810,6.3722,6.3430,36,0.0258,412.8925,551.7341,0.5573,0.0153,3.0788,0.3141,0.1343,0.6404,0.1563,1.4603,0.2682,0.0000,2.1939,1.4111,184,49,3,4,0
casual_0490,219.5406,35.7546,110.2470,24.7406,8.0105,27,0.0196,372.8466,577.1418,0.1212,0.0040,2.5823,0.4900,0.0724,0.6789,0.2513,1.4690,0.1710,0.0000,0.2237,0.4504,135,23,10,12,0
casual_0862,241.3992,64.0069,196.0450,16.2209,14.0366,2,0.0274,366.6913,498.5452,0.6049,0.0012,2.9893,0.4695,0.1546,0.6024,0.1139,1.4635,0.3591,0.0000,0.8284,0.2156,127,45,5,14,0
casual_1740,96.3389,75.3031,69.7180,24.3449,13.8720,32,0.0000,431.5883,604.7341,0.1109,0.0191,2.5459,0.4288,0.2645,0.4305,0.1406,0.2379,0.1191,0.0000,0.3922,0.9442,112,13,7,13,0
skilled_1099,207.0745,108.0385,86.6256,14.5643,6.0284,29,0.0059,461.6210,555.9373,0.2111,0.0139,3.3479,0.2194,0.1178,0.5252,0.1946,0.8735,0.3623,0.0000,0.8598,2.1625,151,54,5,12,0
esport_0135,187.8939,102.6647,60.1275,7.5667,5.8316,34,0.0632,519.3198,564.5402,0.5561,0.0119,2.3965,0.1406,0.0426,0.5100,0.0596,1.6451,0.7119,0.0000,2.1614,4.3845,82,58,26,7,0
casual_2447,139.1546,112.8807,20.0000,10.2900,10.7639,43,0.0000,465.1760,620.0000,0.5577,0.0193,2.7940,0.6738,0.1958,0.4663,0.1338,1.0644,0.1909,0.0000,1.7710,0.7652,169,32,4,7,0
skilled_1230,216.5553,89.2581,50.3518,25.3757,9.4938,11,0.0155,400.8484,552.8366,0.0500,0.0068,2.9030,0.3171,0.0509,0.6827,0.1697,1.5673,0.1000,0.0000,1.6768,2.1543,47,4,11,11,0
casual_0506,114.9017,137.3754,170.9732,19.9339,21.1386,34,0.0253,448.0542,459.3690,0.3263,0.0027,1.7442,0.4529,0.1118,0.8272,0.3266,0.9987,0.0720,0.0000,1.3442,1.0346,168,12,6,14,0
casual_2677,250.8155,102.2466,209.3963,6.3572,10.3257,5,0.0263,316.2603,558.1855,0.0501,0.0150,1.8871,0.4728,0.0982,0.5346,0.0305,1.0727,0.2237,0.0000,0.0558,0.6702,29,6,11,12,0
casual_2995,157.6795,90.6939,85.2682,14.1985,15.0041,2,0.0194,211.7195,564.8557,0.4311,0.0192,1.5483,0.4930,0.1724,0.5351,0.4214,0.8903,0.2407,0.0000,1.0483,0.5875,17,4,2,9,0
casual_1942,141.7612,54.4492,135.6116,14.7647,8.2962,23,0.0085,395.9371,559.3174,0.1894,0.0010,2.9554,0.7087,0.0671,0.9624,0.0765,0.8277,0.2114,0.0000,0.7946,0.1821,133,28,4,12,0
casual_1222,271.5181,50.4105,142.5244,27.3077,15.9725,20,0.0000,383.1505,620.0000,0.6997,0.0055,2.1963,0.4437,0.0809,0.6690,0.1293,1.1461,0.2390,0.0000,1.4305,1.2492,71,16,8,14,0
casual_1113,281.8832,64.2156,128.5725,27.4786,20.9562,3,0.0104,257.3757,613.2482,0.4949,0.0101,2.9106,0.8230,0.1993,0.6222,0.2851,0.9901,0.1912,0.0000,1.8655,0.8198,22,4,7,5,0
casual_1905,150.0658,112.0147,113.6994,21.8068,10.2809,34,0.0378,447.8072,585.4068,0.6806,0.0008,2.7915,0.3967,0.2093,0.5457,0.1371,0.8705,0.3011,0.0000,0.4698,1.1050,161,48,6,14,0
skilled_0423,40.8419,123.8430,59.2140,6.0527,6.4247,51,0.0132,412.0918,587.1031,0.5354,0.0305,3.1680,0.3292,0.0803,0.6643,0.2093,1.2167,0.3262,0.0000,2.7723,1.1727,159,51,2,5,0
casual_1877,116.6295,72.3513,123.5792,20.1590,9.0796,20,0.0128,288.0497,566.3295,0.3684,0.0008,2.8926,0.6441,0.1850,0.5373,0.2221,0.6156,0.2166,0.0000,1.1943,0.0847,159,34,1,4,0
esport_0422,169.2138,85.5366,69.9885,5.8837,3.4464,9,0.0745,318.7270,625.0000,0.6092,0.0156,2.8357,0.0800,0.0512,0.2992,0.0300,1.4904,0.6953,0.0000,4.9360,5.3024,58,40,27,8,0
casual_0433,256.2547,71.0502,185.5711,24.8337,4.2789,2,0.0070,423.4773,496.8809,0.4885,0.0052,1.5111,0.9675,0.1287,0.4806,0.2184,1.2419,0.0938,0.0000,1.3441,1.1184,14,1,6,13,0
casual_2364,209.6078,68.5270,86.6708,10.8664,2.0470,15,0.0203,372.7252,578.5523,0.2354,0.0023,1.5424,0.7416,0.1080,0.5342,0.2064,0.4837,0.3195,0.0000,1.2162,1.0676,167,53,2,15,0
skilled_0154,100.4070,82.7999,85.2126,11.4613,12.3819,27,0.0172,551.4807,581.3776,0.2525,0.0186,2.6564,0.3863,0.1064,0.6612,0.2247,1.7602,0.3883,0.0000,2.8516,2.5674,182,70,3,12,0
casual_2835,203.6552,66.3255,74.7263,10.9345,7.3358,6,0.0213,327.9649,620.0000,0.0200,0.0044,2.4004,0.4973,0.2622,0.7796,0.1130,1.1309,0.2968,0.0000,0.3875,0.4199,40,11,4,17,0
casual_2092,184.4267,10.0000,130.7235,13.8901,7.9542,28,0.0059,308.5269,496.6540,0.3753,0.0132,2.7469,0.4917,0.0802,0.3236,0.3522,0.1958,0.0655,0.0000,0.8509,0.0500,172,11,2,10,0
skilled_0010,136.3689,140.0194,97.9690,13.6969,6.4045,10,0.0094,494.3604,541.4031,0.2099,0.0030,2.0770,0.2479,0.1015,0.5781,0.1595,2.1110,0.4257,0.0000,2.0212,0.2253,53,22,2,7,0
skilled_0162,111.5900,107.0550,80.9457,8.6153,4.1498,58,0.0267,502.6287,585.0726,0.6350,0.0348,2.3042,0.3533,0.0730,0.5934,0.0663,0.4907,0.1861,0.0000,2.5884,2.1056,133,24,9,8,0
casual_2945,142.9349,114.8431,76.6772,15.1060,16.3778,18,0.0191,432.7544,522.1179,0.3934,0.0014,2.0414,0.2923,0.1824,1.0329,0.0950,0.3544,0.0713,0.0000,0.0000,0.1886,84,5,2,11,0
skilled_0916,106.4659,82.0943,88.3771,10.4203,6.1894,21,0.0085,370.9909,586.4452,0.2980,0.0015,2.4706,0.2770,0.1448,0.3232,0.1178,0.9198,0.5244,0.0000,2.5494,0.9662,62,32,10,5,0
casual_2916,95.9122,68.7152,173.5287,11.3644,11.9824,22,0.0226,284.5355,540.6114,0.2814,0.0061,2.1137,0.5534,0.0678,0.5280,0.1513,1.6522,0.2648,0.0000,1.5241,1.1187,152,40,9,1,0
casual_1102,245.3279,75.6582,39.3482,3.4252,26.3754,43,0.0152,453.1175,591.0281,0.4081,0.0175,1.8833,0.5814,0.1799,0.2456,0.3150,0.3881,0.2282,0.0000,2.3050,1.5344,159,36,10,2,0
casual_1448,199.0172,80.9389,60.3473,12.9700,1.0000,32,0.0141,380.1442,573.1699,0.1386,0.0037,1.8235,0.2232,0.1490,0.4540,0.1180,1.0222,0.1025,0.0000,1.0394,0.2662,175,17,10,12,0
casual_1720,36.6017,54.3178,96.7051,15.6472,17.5454,19,0.0180,212.9359,577.8814,0.2457,0.0002,2.8531,0.5639,0.1384,0.9336,0.2960,1.0446,0.2917,0.0000,0.7468,0.3973,104,30,5,11,0
esport_0268,196.2145,227.2729,32.3994,8.3379,5.0370,31,0.0119,586.9592,576.6902,0.4605,0.0034,2.8649,0.0911,0.0857,0.4394,0.1996,2.2580,0.6624,0.0000,3.8799,3.1633,77,51,32,2,0
skilled_0842,263.8698,153.3782,94.4811,13.6718,6.7831,51,0.0057,503.1297,617.6939,0.3938,0.0065,2.5967,0.3732,0.0300,0.3753,0.0904,1.1395,0.3417,0.0000,0.4923,1.4760,195,66,16,12,0
casual_0156,105.9331,103.9293,65.7147,3.8577,2.3774,11,0.0161,433.2922,582.9610,0.3419,0.0400,2.1246,0.4831,0.1252,0.6343,0.3767,0.7729,0.1364,0.0000,0.6964,0.8563,43,5,6,17,0
casual_2978,223.3554,77.1178,22.6384,17.3427,7.2526,26,0.0238,512.3915,510.6188,0.0493,0.0058,1.9884,0.7233,0.0519,0.8406,0.2900,0.1000,0.2474,0.0000,1.5597,0.5480,99,24,3,4,0
casual_1773,268.1873,84.7765,187.8094,2.0000,7.5945,14,0.0119,533.0016,520.7938,0.3986,0.0107,2.3485,0.6849,0.1079,0.7401,0.2813,0.9170,0.1116,0.0000,0.0000,1.1559,73,8,6,6,0
casual_0615,228.1134,43.3697,20.0000,10.6365,9.9813,17,0.0000,394.8456,558.2341,0.4150,0.0004,2.9559,0.2000,0.1401,0.1629,0.1066,0.4319,0.0200,0.0000,2.3959,0.5692,140,2,9,5,0
casual_0643,93.3245,81.8875,129.2803,23.7803,21.4723,27,0.0000,382.2964,609.8809,0.3773,0.0004,2.5631,0.3180,0.1593,0.8839,0.1938,0.7122,0.1270,0.0000,0.4620,0.2074,131,16,1,8,0
casual_1935,57.7554,145.3714,143.6883,24.0175,13.6967,27,0.0085,512.0383,542.7501,0.5063,0.0037,2.9740,0.6291,0.1590,0.4590,0.2239,1.4662,0.1827,0.0000,1.7797,0.8761,168,30,7,16,0
esport_0027,127.1327,189.4779,66.4753,7.2447,3.8793,44,0.0705,387.8442,606.3865,0.6708,0.0142,3.1585,0.2458,0.0555,0.4767,0.1341,2.3876,0.5441,0.0000,4.4673,3.6641,121,65,13,0,0
casual_1068,36.2714,101.3326,55.4696,26.0921,12.7503,1,0.0317,302.3829,558.1771,0.2125,0.0107,2.2015,0.5373,0.2101,0.6815,0.2242,0.8642,0.3301,0.0000,1.3299,0.5991,15,4,3,14,0
esport_0204,123.5821,123.7863,65.3087,6.2377,1.4096,52,0.0387,479.9153,565.1459,0.5478,0.0404,2.7202,0.1842,0.0332,0.2213,0.1248,2.1706,0.3870,0.0000,2.7401,4.4413,116,44,20,5,0
skilled_1154,253.9851,81.1679,59.3031,3.3277,5.1600,6,0.0225,408.8781,617.4553,0.5017,0.0075,2.7012,0.1317,0.0932,0.4320,0.1065,1.4290,0.4002,0.0000,2.3384,0.5010,28,11,18,10,0
skilled_1239,259.3355,125.6557,34.9361,5.5214,5.8014,53,0.0073,404.4722,595.9498,0.5905,0.0008,2.9138,0.2315,0.1397,0.2792,0.1963,1.5095,0.2998,0.0000,1.6000,0.2829,172,51,16,1,0
speed_0018,171.4736,120.4976,50.0591,18.8025,7.6722,17,0.0325,904.3563,1390.7857,0.7687,0.5074,2.6421,0.3346,0.1961,0.5895,0.1795,1.6364,0.3738,0.0000,4.0325,1.9989,108,40,27,5,1
casual_0330,228.4212,126.4169,67.5791,5.2977,11.0088,29,0.0153,459.2079,564.5523,0.3205,0.0100,2.9389,0.7546,0.1339,0.4950,0.2661,0.5119,0.1428,0.0000,0.5516,1.0251,127,18,2,1,0
casual_2057,158.2167,15.3871,106.9917,23.7832,15.8169,7,0.0074,518.4488,570.4453,0.2459,0.0318,2.8272,0.4561,0.2416,0.4328,0.1690,0.9898,0.3418,0.0000,1.9658,0.6010,37,12,3,13,0
casual_2646,226.9408,105.9249,183.6717,17.9611,9.4775,30,0.0392,492.0032,560.3688,0.3883,0.0009,2.1081,0.5933,0.1888,0.7701,0.1869,0.8547,0.3563,0.0000,0.4813,0.5000,150,53,4,12,0
casual_2191,182.2428,52.1340,168.0359,18.4788,14.6971,2,0.0156,553.7570,597.1061,0.5813,0.0063,2.5828,0.5979,0.1264,0.7610,0.1856,1.6566,0.1475,0.0000,1.2229,0.8996,14,2,6,12,0
casual_0622,296.0958,61.1547,103.2234,23.2971,18.7356,28,0.0183,247.7232,620.0000,0.3204,0.0103,2.7077,0.6536,0.0400,0.5174,0.2050,0.4343,0.2476,0.0000,0.7983,1.2976,131,32,11,4,0
casual_1595,213.9590,45.3544,129.7318,18.9027,15.2098,19,0.0000,399.1242,603.1710,0.4667,0.0007,2.5508,0.3717,0.1114,1.1566,0.2841,0.3994,0.1657,0.0000,1.0277,1.4554,89,14,0,14,0
casual_2915,71.8460,89.9398,119.5427,20.4458,9.8527,20,0.0050,292.4105,556.1479,0.6168,0.0124,2.8104,0.6050,0.2176,0.5531,0.1676,1.2855,0.2565,0.0000,0.8583,1.1686,111,28,8,16,0
aimbot_0071,154.2427,170.3829,23.0702,3.4822,0.7311,102,0.0619,407.7966,528.9674,0.3884,0.0067,2.8055,0.0171,0.0090,0.6769,0.0644,1.1039,0.8365,0.0000,5.5541,3.5834,125,104,26,2,1
skilled_0898,279.0450,142.0294,161.9944,11.6392,1.0000,35,0.0179,509.2178,605.4704,0.3766,0.0269,2.0407,0.2642,0.1379,0.3982,0.2767,1.3077,0.2502,0.0000,2.6395,0.8202,130,32,19,7,0
casual_1919,287.3501,141.2995,205.9105,17.3351,14.2351,34,0.0230,417.5529,620.0000,0.5848,0.0086,2.5192,0.4488,0.1369,0.5822,0.1557,1.2543,0.0938,0.0000,0.8496,1.3853,105,9,0,1,0
skilled_1173,257.2842,111.5261,82.7647,10.7941,11.6562,32,0.0266,453.8029,598.1846,0.5459,0.0057,2.2986,0.3141,0.0748,0.5335,0.2051,1.6205,0.4419,0.0000,2.0163,0.8652,89,39,7,11,0
esport_0227,108.4743,117.2927,15.3987,1.4409,2.2076,60,0.0837,441.1042,625.0000,0.3536,0.0040,2.2371,0.1411,0.0402,0.4296,0.1248,1.3158,0.4499,0.0000,6.6948,3.9312,142,63,25,3,0
casual_0755,91.6283,161.9270,174.6651,15.2901,17.5493,31,0.0000,487.7813,535.2600,0.4714,0.0100,2.7114,0.4451,0.1644,0.5164,0.3006,0.5581,0.1275,0.0000,1.4713,0.0617,162,20,9,13,0
casual_0518,33.9644,94.6467,115.7791,15.4122,7.1311,2,0.0352,475.4169,538.6575,0.4830,0.0090,1.8806,0.3228,0.1795,0.4692,0.0565,0.1000,0.3786,0.0000,1.1042,0.3932,19,7,3,14,0
skilled_0803,44.3401,75.6957,53.0699,9.9378,7.1185,27,0.0419,486.9650,548.7751,0.3654,0.0017,1.8619,0.3556,0.1155,0.2787,0.1494,1.4278,0.4599,0.0000,3.2769,0.7642,146,67,18,12,0
casual_0032,117.9728,14.0018,161.0678,27.0380,14.0178,2,0.0000,412.7257,483.9067,0.5235,0.0299,1.8502,0.8767,0.2744,0.1500,0.3036,1.0936,0.1351,0.0000,1.5621,0.6361,14,1,4,10,0
casual_2937,53.1893,76.2031,172.3157,22.1558,1.0000,44,0.0162,476.0781,572.0197,0.4343,0.0127,2.5189,0.3186,0.2725,0.8758,0.1975,1.7975,0.1523,0.0000,0.5592,0.5631,160,24,7,10,0
casual_1157,30.1401,149.6789,47.6909,6.5022,15.1602,28,0.0272,374.6955,573.1645,0.2196,0.0075,1.9383,0.2043,0.2360,0.8710,0.2746,0.6549,0.2279,0.0000,1.2577,1.7207,151,34,7,13,0
casual_0744,167.2052,91.3794,80.1102,24.5483,1.9449,24,0.0260,314.9204,620.0000,0.4185,0.0205,2.5199,0.5664,0.1028,0.4153,0.0936,1.3234,0.0234,0.0000,1.2446,0.5558,143,3,3,4,0
casual_1497,200.3877,68.1395,64.0282,27.4047,1.0000,13,0.0000,542.0455,521.0855,0.1718,0.0151,1.7900,0.7781,0.1556,0.9320,0.0552,0.8870,0.2933,0.0000,0.0000,0.8022,98,28,5,11,0
skilled_0459,91.7011,114.3376,105.8297,17.5800,14.5927,23,0.0144,282.7264,582.2994,0.5890,0.0192,2.9512,0.3159,0.0732,0.3189,0.1733,1.3993,0.1191,0.0000,2.6862,3.0402,89,10,5,5,0
skilled_0755,136.1633,58.7236,96.7004,4.4019,6.4256,52,0.0240,518.5794,570.5086,0.4793,0.0003,2.4497,0.4637,0.0956,0.4876,0.1804,1.8098,0.4853,0.0000,3.0041,0.5213,148,71,15,1,0
casual_2591,271.1452,64.3868,177.5536,27.7649,11.3481,9,0.0192,407.3110,556.6077,0.1645,0.0096,1.6676,0.5401,0.1315,0.6802,0.1649,0.6747,0.1109,0.0000,0.7840,1.3489,44,4,3,10,0
casual_0783,192.9246,96.9202,78.1213,2.0281,6.6092,3,0.0248,534.7429,544.0673,0.8039,0.0102,3.1262,0.5668,0.2884,0.5863,0.3416,0.6486,0.1802,0.0000,1.3026,1.2286,13,2,11,7,0
skilled_0493,95.0050,102.0215,74.4210,15.9132,11.5691,61,0.0182,363.5640,601.7225,0.2454,0.0060,2.2691,0.2360,0.0882,0.5942,0.0388,1.2114,0.2524,0.0000,3.3758,2.9503,198,49,18,13,0
casual_2949,266.3295,68.2158,49.2217,28.3643,16.9193,15,0.0099,426.7010,532.3365,0.2691,0.0037,2.3634,0.5608,0.2008,0.8846,0.3523,0.5570,0.1295,0.0000,0.4032,0.1491,76,9,0,1,0
casual_0229,58.5923,89.4179,103.6287,29.1003,8.4981,5,0.0309,243.7543,620.0000,0.3467,0.0022,3.1523,0.8513,0.1422,0.2602,0.1063,1.6566,0.2716,0.0000,1.7966,1.0615,35,9,7,12,0
casual_0857,267.1587,53.3091,137.2204,21.9782,9.2838,4,0.0000,382.4052,606.3767,0.4880,0.0139,2.1471,0.6608,0.1774,0.9467,0.3558,1.4349,0.2427,0.0000,0.9263,1.6533,35,8,3,10,0
casual_2266,232.9103,62.3129,102.5693,18.8740,14.9256,48,0.0035,422.5560,536.5730,0.2284,0.0041,2.4705,0.5050,0.0590,0.6438,0.2082,0.6821,0.1206,0.0000,0.2225,0.7277,179,21,9,5,0
esport_0024,251.1504,96.4709,60.7009,11.0239,3.2715,63,0.0379,425.3813,608.5329,0.6753,0.0251,3.5000,0.2846,0.0946,0.2973,0.1337,2.1283,0.5029,0.0000,2.9692,2.5382,188,94,18,3,0
casual_0408,58.7333,96.7440,57.8072,19.4781,3.6314,35,0.0104,265.6350,592.4687,0.4413,0.0002,1.6809,0.5190,0.1711,0.7274,0.2183,1.4252,0.1721,0.0000,0.9816,0.5608,153,26,7,2,0
casual_0170,108.5478,106.8426,187.1157,19.4302,13.0110,65,0.0341,297.4434,573.4690,0.5954,0.0158,2.1496,0.5004,0.0400,0.8326,0.1643,0.8393,0.0842,0.0000,1.0138,1.2720,179,15,10,15,0
casual_0540,297.0659,89.2652,49.8155,28.2080,16.6486,8,0.0028,294.4524,593.1165,0.0200,0.0091,1.9678,0.9016,0.1600,0.7930,0.1821,0.9125,0.0590,0.0000,0.0000,0.7495,63,3,8,1,0
casual_2210,299.9366,107.7646,148.9965,33.2619,11.0534,14,0.0261,286.1357,528.7646,0.1892,0.0131,1.9061,0.3449,0.0400,0.5795,0.1742,1.4134,0.0912,0.0000,2.0748,0.4507,124,11,8,17,0
casual_2304,147.7568,81.7546,111.5969,9.0370,10.0261,41,0.0083,521.0321,534.0311,0.4628,0.0153,2.5861,0.3535,0.1803,0.7745,0.1768,0.3720,0.3039,0.0000,0.8794,0.2462,128,38,3,17,0
casual_2567,56.9870,52.7442,101.7575,18.6812,6.4597,12,0.0087,529.6335,620.0000,0.3629,0.0146,3.0235,0.2079,0.1267,0.4267,0.2557,1.0173,0.1704,0.0000,0.2386,1.8820,52,8,11,8,0
casual_0613,295.8361,126.1919,98.4786,27.2354,7.0603,14,0.0136,345.6068,620.0000,0.6732,0.0168,2.5087,0.9718,0.1396,0.5587,0.2005,1.0771,0.2224,0.0000,2.0163,1.1963,99,22,8,9,0
casual_2101,65.3030,105.4864,142.1392,11.3193,15.2526,16,0.0130,552.9257,606.1945,0.0284,0.0032,2.1336,0.2000,0.1450,0.8190,0.3237,0.5744,0.2595,0.0000,1.6741,0.6107,102,26,7,5,0
casual_1808,140.4395,66.0815,128.3952,16.3579,16.0289,22,0.0315,372.3348,508.2498,0.1126,0.0002,1.7035,0.5146,0.2420,0.4749,0.0798,0.2185,0.2066,0.0000,0.9479,0.9353,111,22,7,12,0
skilled_0438,212.5699,80.7817,86.5736,12.4575,9.5777,29,0.0371,556.4498,611.2383,0.3105,0.0166,2.6358,0.2588,0.0733,0.4122,0.1759,1.2387,0.1891,0.0000,3.4539,1.2061,95,17,19,3,0
casual_1161,206.1096,89.3184,116.5194,24.9934,20.1548,10,0.0150,331.3765,579.0767,0.3874,0.0041,1.9083,0.3471,0.0400,0.3599,0.1975,0.4765,0.1967,0.0000,2.2399,0.0500,71,13,5,17,0
skilled_1225,145.5295,96.0715,89.2940,7.5843,9.8481,8,0.0262,321.3589,591.2960,0.5611,0.0017,2.4878,0.3903,0.0663,0.5387,0.0493,1.0314,0.3195,0.0000,3.1779,0.8161,31,9,7,4,0
skilled_0119,181.7493,69.8849,90.6566,10.7544,9.5420,15,0.0089,407.0281,592.4141,0.3170,0.0052,2.6058,0.3407,0.1612,0.6732,0.2410,0.6843,0.4624,0.0000,2.3666,2.2301,36,16,16,6,0
skilled_0652,62.2337,127.2571,77.1620,8.1906,7.9733,24,0.0422,482.7123,574.5490,0.3586,0.0153,3.5000,0.3831,0.0845,0.6251,0.2889,1.7227,0.3012,0.0000,1.4919,0.4991,126,37,13,7,0
casual_1610,98.3194,36.1622,70.6488,22.6439,15.9360,6,0.0154,373.1856,543.7523,0.4702,0.0076,2.7360,0.4989,0.2132,0.4020,0.1958,0.9752,0.1898,0.0000,1.0931,1.6418,41,7,7,11,0
casual_1932,239.6951,73.0279,97.5714,8.0069,5.1124,22,0.0051,560.3425,564.0771,0.2896,0.0136,2.8273,0.4076,0.1879,0.5879,0.0626,1.0522,0.1707,0.0000,0.0000,0.7359,71,12,5,8,0
skilled_0027,31.3948,88.5218,68.7187,4.8123,5.9031,29,0.0109,428.6137,594.8981,0.5377,0.0007,2.5200,0.3616,0.0760,0.8054,0.1449,0.8096,0.2598,0.0000,2.8666,1.5630,95,24,18,7,0
casual_0564,205.2702,107.7760,143.3990,34.6598,9.8532,28,0.0196,295.5941,569.0881,0.4410,0.0075,2.0298,0.5052,0.0981,0.7021,0.1877,1.0578,0.2077,0.0000,1.0100,0.4819,119,24,10,1,0
skilled_0571,174.0528,117.3821,20.8285,10.5943,7.1805,38,0.0185,393.6176,567.4655,0.4552,0.0158,2.0822,0.2678,0.0923,0.2878,0.1268,0.4804,0.3257,0.0000,2.7975,1.9541,134,43,2,7,0
skilled_1247,30.2941,110.6719,47.2439,1.0000,7.9931,17,0.0196,461.4684,597.5488,0.3200,0.0003,2.2764,0.4445,0.1318,0.4951,0.1792,1.6621,0.2018,0.0000,3.2699,1.4809,58,11,11,3,0
casual_2388,231.9792,16.5695,92.8230,6.8078,16.2431,9,0.0000,376.9799,575.8728,0.4549,0.0138,2.3024,0.4565,0.1087,1.1298,0.0913,0.8854,0.1932,0.0000,0.7717,1.4091,50,9,8,2,0
casual_1471,80.7340,67.1186,240.2231,14.3382,10.4496,20,0.0230,304.3405,536.0158,0.2377,0.0075,2.0345,0.9058,0.1572,0.7074,0.2692,0.1829,0.2570,0.0000,0.5450,0.8804,75,19,4,7,0
casual_2630,52.2556,23.6603,110.6183,7.3809,9.8219,5,0.0332,359.9350,620.0000,0.5518,0.0295,2.7512,0.2496,0.1541,0.4103,0.3015,0.4375,0.2145,0.0000,0.7526,0.8181,38,8,9,15,0
casual_1835,55.7006,17.5661,112.2762,24.0193,18.1301,25,0.0192,503.1559,522.5968,0.0964,0.0020,2.1222,0.2000,0.1102,0.7161,0.3467,0.5471,0.4741,0.0000,1.1774,1.1712,92,43,5,1,0
trigger_0003,185.3635,85.2877,25.7203,7.1574,1.7369,83,0.0193,344.0628,558.1305,0.3006,0.0081,2.4878,0.1582,0.0099,0.4124,0.0015,1.8858,0.6744,0.0000,4.6210,5.4373,166,111,27,5,1
skilled_0475,200.7975,101.0598,73.3763,8.5805,4.5725,28,0.0026,471.3144,618.0815,0.3021,0.0008,2.7402,0.2730,0.1340,0.5101,0.0200,1.3522,0.2876,0.0000,2.3974,0.8922,92,26,12,5,0
casual_1533,220.3576,69.5790,79.9884,24.2792,8.5351,21,0.0031,450.8234,609.6860,0.6903,0.0097,1.8300,0.5454,0.1724,0.2987,0.1053,1.6795,0.1974,0.0000,1.1948,1.2107,149,29,6,13,0
esport_0077,138.6436,127.2436,51.7182,2.1627,3.5106,37,0.0341,427.9764,598.2796,0.7261,0.0301,2.6793,0.1832,0.0624,0.5375,0.0989,1.0265,0.7338,0.0000,5.8319,6.2128,103,75,34,3,0
casual_2484,250.2473,103.5479,91.0900,10.4622,8.5370,6,0.0000,422.2997,563.4895,0.4425,0.0088,1.5918,0.2000,0.1345,0.5676,0.2530,0.7364,0.3752,0.0000,0.7560,0.7490,34,12,6,4,0
skilled_1207,112.4417,104.5727,85.2225,11.4089,5.8794,23,0.0217,493.6023,620.0000,0.2225,0.0180,2.5040,0.3526,0.1414,0.1000,0.2251,1.2305,0.2067,0.0000,1.3361,2.6537,149,30,14,5,0
casual_1172,99.5120,97.1513,93.1277,2.0000,21.7608,25,0.0342,321.9218,512.8623,0.4514,0.0042,2.7716,0.4727,0.2385,0.9953,0.2341,1.0709,0.2361,0.0000,0.9782,1.4044,137,32,7,13,0
casual_1427,50.9077,82.3362,71.8137,2.0000,25.3320,12,0.0144,449.4548,474.2350,0.7494,0.0065,2.2898,0.2493,0.0554,0.6935,0.2380,0.6828,0.2559,0.0000,0.1412,1.0941,78,19,8,2,0
casual_0325,206.1986,39.3202,44.2805,3.4937,23.3268,31,0.0059,318.2650,620.0000,0.5875,0.0028,2.7554,0.2896,0.2243,0.4976,0.2677,0.5951,0.1812,0.0000,1.4925,0.3042,147,26,4,16,0
casual_1051,64.9280,41.7929,45.6074,26.5906,12.3523,33,0.0206,445.2768,620.0000,0.3959,0.0092,2.2523,0.4586,0.0400,0.2892,0.2545,0.1928,0.1143,0.0000,1.9409,0.7618,126,14,6,12,0
skilled_0319,76.9667,135.4483,37.7791,10.1021,2.4032,6,0.0276,432.9052,610.5886,0.3945,0.0173,1.9413,0.4901,0.1329,0.8805,0.0916,1.4955,0.4559,0.0000,1.7581,1.7104,24,10,12,7,0
esport_0471,65.2125,131.8148,42.1877,2.7094,5.8265,46,0.0633,462.0670,613.8149,0.5029,0.0007,2.5334,0.0909,0.0898,0.4509,0.1389,1.9866,0.4553,0.0000,4.2611,3.0300,198,90,27,6,0
skilled_0864,68.4750,106.7688,95.7703,3.7845,6.1477,13,0.0269,488.9469,620.0000,0.4870,0.0002,2.6982,0.2164,0.0671,0.7974,0.0602,0.3871,0.3588,0.0000,3.1534,2.1704,70,25,3,5,0
casual_2603,233.4343,38.7001,116.2759,18.8765,17.0839,30,0.0010,362.6451,546.2598,0.2660,0.0144,2.5328,0.4630,0.2281,0.5277,0.2281,1.3317,0.1603,0.0000,0.0000,0.9504,134,21,3,5,0
casual_1738,173.4490,54.3856,161.6921,13.7739,15.2208,24,0.0107,600.0000,553.5019,0.2034,0.0022,2.9764,0.2000,0.1455,0.8930,0.2291,0.6787,0.2006,0.0000,1.4894,1.2815,111,22,6,6,0
casual_1196,89.6154,35.7964,73.0915,30.4249,11.8977,14,0.0000,427.2007,582.9579,0.3054,0.0024,1.1569,0.5734,0.2435,0.4421,0.1464,0.9013,0.1146,0.0000,1.8605,1.2165,77,8,6,13,0
casual_0620,239.8826,10.3565,93.6962,13.8089,24.1822,6,0.0227,360.9530,620.0000,0.4637,0.0084,2.1949,0.6689,0.0883,0.3938,0.2226,0.5489,0.2786,0.0000,1.8129,0.7788,27,7,8,11,0
casual_1374,293.0926,143.2084,20.0000,14.1324,10.6485,9,0.0304,290.4474,620.0000,0.4486,0.0030,1.5124,0.7432,0.2495,0.4521,0.2454,0.3697,0.2548,0.0000,0.9741,2.1321,71,18,4,5,0
casual_2879,30.2673,90.0338,121.1048,20.9111,2.8857,2,0.0166,475.3826,602.6217,0.2977,0.0111,2.4299,0.3792,0.1771,1.1385,0.3731,1.0613,0.0988,0.0000,0.6181,0.7809,10,0,7,9,0
casual_1189,206.4558,35.0005,20.0000,10.7834,1.0000,15,0.0205,574.7585,509.1139,0.3646,0.0010,2.6745,0.7070,0.1100,0.9426,0.1998,0.6194,0.2477,0.0000,0.8491,1.2008,101,25,7,11,0
casual_0328,200.8878,31.7736,123.8560,18.3755,12.1466,22,0.0082,382.2065,522.1139,0.1833,0.0101,2.2419,0.3171,0.2083,0.7932,0.0892,0.9675,0.0935,0.0000,2.2530,0.8112,107,10,4,14,0
casual_0648,212.8676,141.9091,77.6601,8.2721,18.8904,39,0.0321,419.3556,596.7409,0.2962,0.0087,2.0420,0.3684,0.1189,0.6599,0.3053,1.1293,0.2993,0.0000,1.1275,1.2738,159,47,11,5,0
casual_0897,84.5638,36.1378,88.1697,14.8762,1.0000,28,0.0138,360.8216,617.5720,0.0200,0.0193,2.6710,0.5064,0.1748,0.5103,0.3018,1.1616,0.1768,0.0000,0.1007,0.0500,151,26,0,15,0
skilled_0882,65.3388,140.5215,42.1714,7.8424,7.2797,47,0.0202,450.6745,612.7452,0.2507,0.0187,2.9496,0.2047,0.1132,0.8866,0.1052,1.3457,0.3288,0.0000,2.1382,2.6609,173,56,17,13,0
casual_1123,77.6162,100.3036,230.5551,10.5280,13.3535,12,0.0000,434.0584,577.7723,0.1223,0.0095,2.5773,0.7473,0.1197,0.3695,0.4033,0.5676,0.2052,0.0000,0.0978,0.8369,120,24,5,12,0
casual_1891,235.0221,96.5328,46.8946,22.6838,1.0000,10,0.0135,186.9033,505.7561,0.2274,0.0009,2.2817,0.3042,0.2016,0.8664,0.1601,0.9766,0.2395,0.0000,1.2374,1.2512,68,16,4,12,0
esport_0393,231.9738,107.5219,43.8720,4.4718,5.8116,60,0.0393,334.4549,594.0731,0.7511,0.0218,1.8062,0.1561,0.0529,0.2577,0.0334,1.5463,0.4043,0.0000,2.0883,2.6850,164,66,17,1,0
aimbot_0041,127.0944,166.6787,18.4036,1.6073,1.5075,111,0.0059,550.7164,593.0052,0.2174,0.0014,2.6775,0.0407,0.0054,0.3776,0.0561,0.9665,0.8142,0.0000,5.9215,8.5734,146,118,28,2,1
esport_0279,123.6906,109.5408,31.6529,0.5000,5.8742,62,0.0655,427.8247,625.0000,0.4414,0.0013,2.8688,0.1829,0.0250,0.4870,0.0893,2.0067,0.4585,0.0000,5.9267,2.4591,171,78,6,2,0
skilled_1234,104.4431,113.0710,92.2846,8.1426,5.9939,12,0.0306,467.4353,522.8620,0.4717,0.0219,2.5413,0.3135,0.1470,0.5544,0.3043,1.6629,0.3116,0.0000,1.5645,0.6428,36,11,14,0,0
casual_1593,138.7775,61.7337,77.0061,13.0714,11.5205,6,0.0100,222.6439,562.9947,0.3567,0.0125,2.2432,0.4093,0.0738,0.6365,0.2170,1.2649,0.2680,0.0000,1.3771,1.1365,36,9,0,8,0
skilled_0312,240.9816,147.2508,88.6854,1.0000,5.1868,20,0.0283,429.6098,620.0000,0.2749,0.0001,3.0465,0.3754,0.0770,0.5125,0.1606,1.6153,0.5390,0.0000,2.8497,2.6251,137,73,11,9,0
casual_2547,76.6904,93.4715,88.6832,26.2001,20.0755,36,0.0000,272.9858,612.6315,0.5109,0.0115,2.3878,0.2917,0.1078,0.6621,0.0747,0.5712,0.2162,0.0000,0.8401,0.6176,133,28,10,16,0
casual_1545,135.8562,96.5357,20.0000,13.1294,7.0189,3,0.0466,154.3416,538.5060,0.1082,0.0060,2.7372,0.4750,0.1363,0.6631,0.1411,1.3193,0.3317,0.0000,1.7171,0.9434,24,7,1,16,0
esport_0086,76.7445,126.0234,62.1085,4.4741,3.1846,38,0.0518,454.4132,622.5012,0.5077,0.0176,2.8394,0.1948,0.0634,0.4434,0.1524,1.9775,0.7800,0.0000,2.0538,3.7391,112,87,22,9,0
casual_1023,173.4817,43.4046,83.1081,23.7276,18.7905,35,0.0225,421.0435,584.0215,0.1184,0.0236,2.0337,0.5286,0.1699,0.6348,0.2126,0.5150,0.1872,0.0000,1.9504,0.7195,151,28,4,14,0
casual_1971,291.7538,143.7184,62.8540,24.3786,3.9843,43,0.0000,396.6647,588.7535,0.4217,0.0117,2.1861,0.4130,0.2031,0.9132,0.0456,1.1532,0.4088,0.0000,0.9206,0.8373,170,69,3,7,0
trigger_0063,108.0864,67.1323,24.9241,10.1353,2.8296,65,0.0277,326.7222,606.4362,0.5679,0.0264,2.5423,0.0400,0.0060,0.5236,0.0019,1.7696,0.5248,0.0000,6.2202,5.2122,134,70,11,0,1
casual_1714,111.3565,43.2216,168.7236,12.3704,18.6793,7,0.0303,408.9411,601.6058,0.2828,0.0051,1.8403,0.6541,0.0650,0.7855,0.3154,1.0459,0.3011,0.0000,0.4820,0.6889,40,12,2,5,0
casual_1717,193.7180,36.9380,20.0000,2.0000,20.2806,19,0.0183,400.1808,590.1969,0.2547,0.0027,2.5683,0.5899,0.1580,0.2788,0.2534,1.0057,0.1709,0.0000,0.7680,1.7912,91,15,4,14,0
casual_1477,298.6000,119.9918,140.4892,13.1790,17.7906,10,0.0417,468.9679,489.5493,0.3590,0.0018,2.8130,0.2330,0.1668,0.6599,0.3254,1.1135,0.2832,0.0000,1.3781,1.0422,43,12,0,2,0
casual_0809,297.7791,10.2060,61.0913,7.1894,20.4112,25,0.0229,375.5889,492.1083,0.2896,0.0051,2.6874,0.4450,0.1076,0.3989,0.2727,0.3854,0.3307,0.0000,1.7328,1.2065,178,58,10,16,0
casual_2850,132.6636,51.8770,20.0000,20.0308,7.5085,16,0.0200,373.1737,549.8273,0.2177,0.0015,1.2221,0.7929,0.1730,0.3652,0.1930,1.3171,0.0200,0.0000,1.5839,0.0753,81,1,2,10,0
casual_0978,173.6092,154.7857,70.3548,11.7207,10.5176,3,0.0233,357.3512,554.5032,0.1473,0.0079,2.9701,0.4600,0.3063,0.4282,0.0300,0.1000,0.4000,0.0000,1.3196,0.0500,15,5,3,8,0
esport_0437,101.0165,137.9908,54.4749,3.8472,0.5000,38,0.0351,492.4695,600.3223,0.5243,0.0119,2.6454,0.2455,0.0213,0.5457,0.1252,2.2046,0.4237,0.0000,3.9832,3.4900,130,55,22,7,0
speed_0045,198.1477,101.4350,34.0753,12.7421,7.0281,28,0.0293,969.4130,1125.4211,0.4419,0.4317,2.7019,0.3755,0.0300,0.2439,0.1841,1.3584,0.2148,0.0000,0.8503,2.0499,104,22,18,0,1
casual_1684,61.8179,34.9042,141.6066,9.6899,8.9922,17,0.0096,351.0411,565.3326,0.3776,0.0158,2.8972,0.6042,0.2380,0.4228,0.1790,0.7893,0.3256,0.0000,1.2453,0.9470,106,34,1,11,0
esport_0410,239.4602,179.3403,75.1743,5.8120,8.6306,25,0.0272,416.2336,604.1294,0.5372,0.0058,2.9187,0.1970,0.0526,0.4011,0.0458,2.2150,0.3624,0.0000,4.7633,2.0697,71,25,22,5,0
casual_1514,271.5657,70.6765,162.3713,11.4830,14.5952,19,0.0229,445.9760,525.3815,0.5774,0.0105,1.5676,0.7217,0.0536,0.8774,0.2280,1.7999,0.1046,0.0000,2.0635,1.1847,118,12,9,4,0
casual_2404,247.5586,101.2331,95.1912,28.7879,18.6922,38,0.0231,446.3821,592.3955,0.1814,0.0032,1.8875,0.2649,0.1210,0.7654,0.1892,0.7668,0.1960,0.0000,0.5591,0.8136,154,30,9,11,0
casual_2021,59.3401,109.3086,80.2478,12.2301,15.8803,38,0.0281,505.6443,572.1065,0.4133,0.0059,1.5712,0.5034,0.1305,0.4554,0.1955,0.1816,0.2033,0.0000,0.5730,0.7611,144,29,4,2,0
esport_0303,209.8405,84.5073,49.4084,1.3087,2.9151,35,0.0251,375.6693,602.4857,0.5872,0.0039,2.8121,0.2208,0.0469,0.1250,0.0938,1.9299,0.7800,0.0000,4.5891,1.6466,88,68,8,8,0
casual_1767,49.9956,97.7496,74.4544,12.2646,3.4493,33,0.0099,361.7735,446.0545,0.2881,0.0160,2.7249,0.5664,0.1744,0.1500,0.2985,1.4932,0.2363,0.0000,1.8352,0.0500,141,33,10,17,0
casual_0174,74.4441,74.6129,222.2989,5.6956,12.0598,18,0.0253,527.6429,513.2587,0.3792,0.0184,3.5000,0.4547,0.2232,0.6640,0.3367,1.1497,0.1159,0.0000,1.8137,0.1113,104,12,2,9,0
casual_1554,93.7193,33.2353,148.1178,28.1274,19.3447,9,0.0264,501.1997,522.6692,0.6563,0.0152,2.4116,0.4620,0.1422,0.9474,0.3330,0.1000,0.1747,0.0000,0.9258,0.1821,37,6,8,6,0
skilled_1215,69.3659,81.7649,83.3551,9.5523,6.3758,43,0.0260,448.4282,534.6288,0.3813,0.0183,2.3439,0.1200,0.1231,0.4685,0.1667,0.8870,0.2683,0.0000,1.8312,1.0710,143,38,8,0,0
casual_1482,190.0983,39.6602,33.9214,3.1724,7.3411,21,0.0234,384.2348,488.6507,0.0200,0.0022,2.3466,0.4522,0.1361,0.4229,0.3073,1.0791,0.2079,0.0000,0.7385,1.1396,117,24,2,12,0
esport_0211,146.3013,189.7171,58.4795,3.3975,2.9816,65,0.0442,415.3119,615.9856,0.5977,0.0012,2.7644,0.1348,0.0771,0.4050,0.0890,2.0167,0.5229,0.0000,4.0696,3.2688,165,86,30,9,0
casual_0217,63.4135,79.4670,67.9184,18.8623,8.6589,9,0.0167,311.7079,615.7858,0.2050,0.0036,2.2123,0.5783,0.2850,0.9353,0.1911,1.1790,0.1196,0.0000,0.3244,0.6554,54,6,10,11,0
skilled_0914,196.0601,102.8214,81.0997,3.8951,7.0461,16,0.0028,471.8973,601.6915,0.4177,0.0076,1.9199,0.1200,0.0956,0.8347,0.1152,0.8162,0.2521,0.0000,2.7703,2.2116,60,15,8,1,0
skilled_0720,261.3667,86.5974,133.1103,11.2172,8.7284,52,0.0267,338.3781,590.6262,0.2999,0.0155,2.1680,0.3633,0.1074,0.2851,0.0861,1.0076,0.3118,0.0000,2.6504,2.2378,182,56,5,3,0
casual_0690,106.8260,106.8226,119.6249,22.2456,1.8563,32,0.0033,423.6497,604.5904,0.5731,0.0009,2.0281,0.3757,0.1413,0.5328,0.0826,0.3308,0.3353,0.0000,1.7024,1.0519,159,53,8,17,0
casual_2577,261.9209,84.0828,41.3576,20.7708,11.6280,7,0.0268,319.0572,581.9584,0.3318,0.0064,2.2735,0.5255,0.1554,0.4548,0.1873,1.2322,0.2793,0.0000,1.1487,0.3351,65,18,1,13,0
casual_2233,286.4599,10.0000,98.4231,5.8699,17.5030,38,0.0290,440.3553,539.3701,0.3115,0.0038,2.8340,0.2880,0.2134,1.0287,0.2093,0.9186,0.4057,0.0000,1.3899,0.9234,150,60,10,12,0
casual_2238,129.4529,66.7785,64.0227,12.8961,14.8322,20,0.0098,429.1367,552.9366,0.0200,0.0087,1.7574,0.3573,0.2837,0.6782,0.0349,0.3745,0.1831,0.0000,2.0426,0.2044,97,17,2,6,0
casual_1106,61.2401,63.9183,35.3532,18.8429,25.5670,8,0.0273,309.3221,620.0000,0.5698,0.0124,2.8532,0.7984,0.2382,0.5194,0.2072,0.4445,0.2823,0.0000,0.6459,1.7328,38,10,6,1,0
casual_1789,50.9911,68.2204,127.4669,21.7450,19.5739,15,0.0062,338.6353,564.7821,0.5447,0.0034,2.0077,0.7040,0.0809,0.4870,0.1789,0.8697,0.0200,0.0000,0.4853,0.8418,176,3,7,16,0
skilled_0188,40.3200,94.6178,56.0351,8.0598,7.3552,49,0.0161,449.8682,588.5255,0.5337,0.0026,2.8219,0.1200,0.0823,0.6700,0.1290,1.6076,0.3454,0.0000,2.5832,2.0335,120,41,18,12,0
casual_2436,188.6309,132.3664,51.1556,7.2867,5.4038,11,0.0000,346.1021,468.0591,0.2660,0.0104,2.7047,0.4920,0.1043,0.3116,0.1107,0.5987,0.2876,0.0000,0.0000,0.1218,57,16,10,1,0
casual_0611,206.6077,60.6761,78.3272,12.9772,22.0696,2,0.0136,332.5213,568.0849,0.2899,0.0021,1.7737,0.5491,0.2017,0.4329,0.2285,0.9800,0.3030,0.0000,2.2605,0.6638,51,15,1,16,0
skilled_0660,152.2738,101.2791,48.3346,9.4992,10.3267,31,0.0155,300.3910,620.0000,0.3732,0.0078,2.5512,0.2910,0.1028,0.6116,0.0762,1.0760,0.4029,0.0000,2.2002,2.2887,118,47,12,7,0
skilled_0711,191.2184,78.5969,78.5967,9.3785,6.0344,49,0.0174,393.7392,584.9081,0.3647,0.0004,2.3359,0.3943,0.0710,0.7121,0.1960,1.7349,0.3789,0.0000,3.1438,0.7718,156,59,3,2,0
casual_0576,275.5791,33.7182,119.8992,27.9589,12.8760,11,0.0119,393.4532,607.5926,0.3326,0.0197,2.3192,0.5203,0.1156,0.2065,0.1575,1.2019,0.2459,0.0000,1.1056,1.2934,91,22,9,13,0
casual_2063,54.4895,57.9860,202.0247,32.7854,13.4423,6,0.0201,306.9093,492.3925,0.5197,0.0057,1.8601,0.6117,0.1769,0.4419,0.3135,1.0467,0.3022,0.0000,0.3829,0.9133,39,11,6,13,0
esport_0185,225.9564,178.5538,60.2117,4.2266,1.8601,71,0.0904,373.0711,601.1103,0.2767,0.0040,3.5000,0.1953,0.0835,0.2539,0.1535,1.5143,0.3799,0.0000,3.0194,3.6794,173,65,9,9,0
casual_1180,232.9025,89.1493,109.3041,11.4862,2.7356,13,0.0242,443.5974,485.9047,0.2693,0.0036,2.5928,0.5717,0.2254,0.1564,0.1658,1.3668,0.1483,0.0000,0.8069,0.3698,65,9,3,6,0
casual_0888,73.9753,113.1193,49.7224,6.1079,11.3115,3,0.0005,330.3267,514.0948,0.4563,0.0163,2.5237,0.6001,0.1072,0.4951,0.4293,1.3207,0.4505,0.0000,1.4247,0.7697,17,7,8,17,0
skilled_0128,247.0013,120.6184,59.3309,13.9826,10.8928,10,0.0285,488.6843,585.0841,0.4508,0.0018,2.3280,0.3681,0.0825,0.8809,0.1818,1.6413,0.3542,0.0000,0.8139,1.6527,89,31,18,3,0
casual_1732,232.4206,100.9990,153.7420,18.2064,14.3938,12,0.0204,368.1014,596.1525,0.6217,0.0045,2.3467,0.3016,0.0400,0.6490,0.3762,0.7135,0.3414,0.0000,1.1761,0.3321,58,19,5,5,0
casual_2663,96.4149,63.4122,101.1204,7.1047,21.7831,5,0.0058,317.2174,619.7976,0.3553,0.0000,3.2176,0.5711,0.1811,0.7525,0.3046,0.7678,0.0621,0.0000,0.4393,0.8745,25,1,8,12,0
casual_0817,174.7741,60.1290,134.8002,15.6516,8.5147,20,0.0249,329.6548,620.0000,0.7272,0.0157,2.5626,0.4963,0.0861,0.6437,0.2860,0.5183,0.2315,0.0000,0.4501,1.1689,104,24,10,16,0
skilled_0277,231.2165,113.6238,91.6088,7.1099,6.4048,23,0.0278,483.7827,620.0000,0.3215,0.0149,2.1746,0.1280,0.0504,0.5396,0.0415,0.8531,0.5055,0.0000,2.5688,1.3561,139,70,8,5,0
casual_1859,100.9753,95.6569,91.9689,18.6489,15.1915,4,0.0182,380.5573,619.2772,0.3728,0.0128,1.8200,0.4645,0.1003,1.1396,0.3066,0.5053,0.1829,0.0000,1.4185,0.5167,80,14,10,5,0
casual_0208,62.8948,176.1117,117.7688,26.6772,12.7211,28,0.0151,411.2900,558.8235,0.3959,0.0013,2.5348,0.8132,0.2116,0.7577,0.3151,0.8294,0.0739,0.0000,0.9955,1.4676,112,8,0,10,0
casual_0293,56.7605,37.9898,98.4988,7.0646,11.1636,4,0.0046,318.3898,583.1543,0.6449,0.0004,3.0866,0.9022,0.0940,0.8015,0.0893,0.5267,0.0200,0.0000,0.9232,0.5288,29,0,0,14,0
casual_1119,268.9092,83.9686,126.1164,7.3729,5.4188,9,0.0344,462.8132,620.0000,0.2105,0.0162,2.9171,0.4545,0.0568,0.3908,0.0300,0.1320,0.1536,0.0000,1.1341,0.5565,46,7,0,6,0
casual_2213,160.2415,125.4841,98.0509,5.5907,12.9622,16,0.0127,335.8157,529.4973,0.7972,0.0052,3.3321,0.6302,0.1177,0.6109,0.1885,0.3230,0.0339,0.0000,1.0739,1.3623,118,4,8,7,0
casual_1609,146.7792,10.0000,79.8705,17.0013,2.1842,21,0.0113,445.5953,556.9777,0.4333,0.0076,2.1248,0.5526,0.1914,0.4444,0.1764,1.0108,0.2450,0.0000,1.0659,1.1906,114,27,10,7,0
casual_1264,185.7525,12.6214,90.5929,12.7083,7.4233,36,0.0000,428.2432,481.9560,0.2654,0.0015,3.4202,0.9061,0.1545,1.0355,0.0300,0.9514,0.0200,0.0000,1.1927,1.4098,151,3,6,10,0
casual_0990,198.1314,93.3042,152.2915,23.1243,18.3434,11,0.0000,437.1253,620.0000,0.2765,0.0006,2.4301,0.2829,0.1725,0.5749,0.1902,0.5531,0.2297,0.0000,1.6925,0.4494,111,25,8,8,0
skilled_1197,220.9767,61.2649,87.7898,16.4318,2.1909,36,0.0014,454.1831,610.9844,0.4353,0.0234,2.2376,0.2943,0.0653,0.6476,0.2169,1.8533,0.1673,0.0000,2.9225,1.4888,107,17,12,8,0
casual_1616,31.1626,41.3324,123.5534,6.3530,10.5487,29,0.0194,247.5344,506.0232,0.1999,0.0034,2.1378,0.2539,0.1580,0.6099,0.1915,1.0721,0.2180,0.0000,0.6257,1.0535,102,22,9,15,0
casual_0353,184.5562,22.4393,161.6402,17.6054,7.6372,9,0.0293,308.5338,521.3044,0.2938,0.0120,1.7569,0.7324,0.3218,0.8105,0.2140,1.8643,0.1750,0.0000,0.8667,1.6597,84,14,2,9,0
esport_0307,107.2229,116.8156,55.7645,7.4658,4.7832,10,0.0367,411.1950,601.1780,0.5988,0.0224,1.9949,0.1562,0.0576,0.5880,0.1206,1.0174,0.5394,0.0000,2.0728,2.5886,58,31,8,1,0
casual_2022,33.7199,142.2758,20.0000,32.3560,12.0558,9,0.0043,424.5257,530.0449,0.3571,0.0061,1.8369,0.3122,0.1288,0.3518,0.3965,0.7131,0.2949,0.0000,0.5555,0.8315,68,20,9,15,0
skilled_0690,243.2902,85.8097,89.1268,8.8599,5.7791,36,0.0119,444.2940,572.2255,0.4603,0.0222,3.2248,0.1569,0.0706,0.3869,0.0308,1.0284,0.3934,0.0000,1.5936,2.6903,125,49,8,10,0
casual_2555,217.0483,35.4944,66.5409,26.9790,8.7294,16,0.0007,486.5381,560.3300,0.0572,0.0031,2.5329,0.2853,0.2083,0.6156,0.1559,1.1965,0.1203,0.0000,0.3294,1.1427,120,14,5,4,0
skilled_0048,260.9868,56.1403,50.2303,16.4522,5.0588,74,0.0132,459.3234,540.3742,0.4999,0.0083,1.9300,0.3394,0.0817,0.7560,0.1527,1.7369,0.3968,0.0000,1.9530,1.2387,188,74,14,1,0
casual_1228,282.5963,23.5224,111.0593,11.5384,15.4352,31,0.0178,448.9292,542.9461,0.5237,0.0009,1.1646,0.6973,0.1685,0.8261,0.2284,1.1340,0.2296,0.0000,1.9676,1.2515,131,30,11,2,0
casual_0259,190.4971,73.0189,33.6826,6.2902,7.0510,28,0.0152,349.2810,535.7987,0.4124,0.0110,2.7051,0.7934,0.0654,0.7161,0.1489,1.4722,0.1529,0.0000,1.9339,0.3713,108,16,5,12,0
casual_1519,83.3701,22.9517,138.1667,20.4325,18.9294,16,0.0000,373.8586,569.5745,0.4019,0.0035,2.1987,0.5468,0.0747,0.9857,0.1828,0.6517,0.0200,0.0000,1.6389,1.1839,74,1,1,3,0
casual_1777,150.7960,84.9257,71.8112,19.6231,4.0105,32,0.0182,202.2289,620.0000,0.5369,0.0222,2.7703,0.5604,0.1359,0.5052,0.3581,0.7873,0.0825,0.0000,0.0000,1.0787,120,9,7,5,0
esport_0489,109.7027,120.8844,44.9914,3.3081,1.4693,31,0.0253,425.8237,607.1488,0.4506,0.0077,2.3536,0.1961,0.0835,0.2694,0.0951,2.2324,0.5054,0.0000,4.9928,4.1703,98,49,8,2,0
casual_1770,186.6649,79.3926,84.9043,26.9499,6.1039,22,0.0287,266.9813,620.0000,0.6151,0.0172,2.1829,0.5414,0.2125,0.1500,0.2575,0.3294,0.1720,0.0000,0.6774,0.9070,109,18,7,4,0
esport_0103,281.8117,168.6473,46.7174,2.9554,4.7695,68,0.0357,500.4499,625.0000,0.3362,0.0007,2.3505,0.2345,0.0919,0.4871,0.0965,2.3993,0.5601,0.0000,3.7756,3.0597,132,73,15,9,0
casual_0052,242.4696,54.3525,128.4156,29.5539,10.4350,39,0.0076,310.2774,618.2080,0.4037,0.0058,2.0066,0.3121,0.1154,0.6980,0.2539,1.1408,0.2665,0.0000,2.3713,1.0713,173,46,5,13,0
skilled_0473,257.2747,98.8015,60.5305,3.8474,2.4256,30,0.0266,462.9356,527.8955,0.5663,0.0209,2.8043,0.3591,0.0595,0.5427,0.1546,1.9090,0.3076,0.0000,3.1396,2.2610,122,37,18,11,0
esport_0433,138.3847,111.2200,51.2760,5.2243,3.2205,69,0.0606,399.3537,593.2617,0.5512,0.0079,3.2471,0.1433,0.0808,0.3944,0.0472,2.0448,0.5399,0.0000,3.3569,3.6258,196,105,24,5,0
esport_0161,156.7273,177.9066,56.9121,8.4692,2.0433,47,0.0579,435.8907,608.1001,0.6542,0.0260,2.9104,0.2054,0.0821,0.7042,0.1097,2.2305,0.6329,0.0000,5.1338,3.6436,124,78,5,8,0
casual_2409,281.6250,74.2434,38.7408,5.6506,11.1598,15,0.0077,409.6482,528.2147,0.4333,0.0092,2.2559,0.6764,0.2466,1.1437,0.3549,1.2636,0.1899,0.0000,1.2059,1.2407,77,14,9,1,0
casual_2787,175.5754,75.3305,25.0725,7.0965,13.2641,14,0.0019,418.2180,579.6108,0.3373,0.0047,1.8371,0.4197,0.0959,0.4575,0.2462,0.9591,0.0390,0.0000,0.9072,0.9637,62,2,11,1,0
casual_2344,225.4112,53.5194,84.2841,25.1443,13.6718,30,0.0130,326.1009,607.2847,0.4990,0.0003,2.6859,0.8112,0.2352,0.5970,0.1983,0.1914,0.2197,0.0000,0.4119,1.2201,128,28,7,11,0
casual_1033,274.9133,35.1829,172.2172,22.7045,17.1328,19,0.0119,408.7205,606.7470,0.1471,0.0163,2.6104,0.6266,0.1280,1.0191,0.2048,1.1911,0.2424,0.0000,1.9919,0.6179,89,21,9,15,0
casual_1097,250.3351,27.1494,90.9775,20.8854,17.1223,8,0.0279,290.6525,514.1580,0.4362,0.0048,2.1667,0.3886,0.1103,0.7004,0.2619,0.8191,0.2352,0.0000,1.2089,0.8370,55,12,11,9,0
casual_0543,297.3868,10.0000,97.6141,6.2697,6.2707,17,0.0000,461.0712,608.7059,0.0482,0.0067,1.8840,0.5564,0.1942,1.0020,0.1506,0.8220,0.0750,0.0000,0.9017,0.2857,139,10,5,4,0
casual_1046,83.4087,97.1330,20.8522,8.6465,5.4945,19,0.0138,393.4372,586.3215,0.1488,0.0212,2.7833,0.4465,0.1702,0.3245,0.3291,0.7816,0.2107,0.0000,0.3380,0.7652,150,31,6,15,0
casual_1894,115.4176,61.4057,90.4794,10.3527,17.8564,24,0.0008,195.5727,550.2982,0.5301,0.0021,2.3837,0.5727,0.2123,0.4058,0.1751,0.1000,0.2443,0.0000,1.0459,0.6810,175,42,2,2,0
esport_0126,170.4750,172.4994,25.9551,8.8168,6.2362,18,0.0169,376.8123,619.6462,0.3211,0.0099,2.7938,0.2027,0.0420,0.2928,0.1926,2.1144,0.7387,0.0000,2.8906,6.3125,46,33,32,2,0
casual_0030,231.0858,44.2304,96.6329,4.0321,9.8998,27,0.0048,338.0764,594.6703,0.2894,0.0075,2.7904,0.2425,0.1640,0.8005,0.2429,1.0714,0.0829,0.0000,2.9467,0.6475,145,12,2,4,0
casual_0725,41.0914,38.2572,153.5816,14.9644,6.3061,5,0.0186,275.7185,568.1335,0.1764,0.0037,2.4261,0.4163,0.1564,0.2677,0.0920,0.4581,0.2669,0.0000,1.3827,0.4954,28,7,0,17,0
trigger_0036,107.3551,96.4378,60.5021,7.2251,1.6798,38,0.0126,436.3419,517.0254,0.1778,0.0010,2.7259,0.0634,0.0062,0.4642,0.0046,1.8517,0.5691,0.0000,3.9546,6.3036,58,33,24,5,1
esport_0468,122.7720,106.4516,76.0927,6.0432,6.4830,23,0.0355,432.8876,592.1162,0.5754,0.0043,3.2029,0.2049,0.0482,0.4975,0.0975,1.3134,0.5853,0.0000,3.5401,2.2711,62,36,5,9,0
skilled_0903,77.5016,109.5497,65.7348,13.4750,4.3385,31,0.0217,333.4144,541.5346,0.3495,0.0032,2.2558,0.2239,0.1007,0.1734,0.1007,1.0412,0.3822,0.0000,1.3882,0.6883,125,47,16,6,0
casual_1426,54.2334,138.4142,133.5742,32.6056,10.5213,15,0.0176,370.2981,618.2860,0.5059,0.0068,2.1879,0.5874,0.0849,0.4948,0.0372,1.3019,0.2832,0.0000,0.6740,0.6888,69,19,7,12,0
casual_2497,87.1701,17.2382,103.9702,2.0000,16.8690,33,0.0114,387.4238,559.2777,0.6565,0.0012,3.5000,0.7730,0.1504,0.6102,0.1085,1.1965,0.3213,0.0000,0.6570,0.3107,162,52,0,15,0
casual_0436,63.7294,74.3644,180.5450,29.5105,16.4676,56,0.0121,477.7136,502.8842,0.4355,0.0159,3.0475,0.3166,0.0497,0.6087,0.1439,1.7836,0.0716,0.0000,0.7205,1.0328,138,9,5,15,0
casual_2470,150.4875,70.1735,131.5955,15.0648,14.3526,11,0.0115,451.9147,541.8575,0.2499,0.0051,3.0409,0.3659,0.1171,0.5144,0.1901,0.9521,0.0444,0.0000,1.1920,0.9973,56,2,5,17,0
casual_0912,273.4433,10.0000,131.6158,24.7241,10.9423,28,0.0000,521.3679,592.8930,0.2847,0.0090,1.9220,0.2486,0.1192,0.8143,0.2268,1.1166,0.0837,0.0000,0.0000,1.4835,162,13,7,6,0
skilled_1222,193.5764,59.7946,91.4192,2.4095,9.0403,37,0.0186,344.4975,551.0258,0.3318,0.0096,2.4542,0.2118,0.0961,0.6954,0.2092,1.2071,0.5369,0.0000,2.6886,0.2808,137,73,18,12,0
esport_0102,227.1311,109.1787,23.3114,10.6970,5.3318,44,0.0795,502.3220,588.2990,0.4439,0.0021,2.8817,0.1587,0.0815,0.5884,0.1010,1.4601,0.5286,0.0000,3.6949,4.3726,103,54,32,9,0
esport_0262,240.3259,145.8769,22.9729,8.3791,4.1294,25,0.0311,556.2984,584.6932,0.5817,0.0133,2.8997,0.0968,0.0632,0.2258,0.0837,2.0178,0.4036,0.0000,4.4908,1.6252,60,24,17,0,0
esport_0193,129.7831,95.0926,37.1162,6.0616,2.9706,19,0.0248,490.2738,605.2368,0.1000,0.0088,2.6648,0.2074,0.0344,0.3300,0.1620,1.6770,0.5234,0.0000,5.5331,5.3206,71,37,23,5,0
casual_2287,236.3368,102.3976,37.3085,15.0841,2.4030,8,0.0014,451.1505,573.9080,0.3737,0.0240,3.2856,0.2989,0.1748,0.2721,0.2230,0.9621,0.1467,0.0000,1.0726,0.2911,43,6,10,10,0
esport_0347,297.6167,118.3524,57.3215,1.1578,4.4019,49,0.0364,442.5547,601.0530,0.6731,0.0003,2.8921,0.0961,0.0630,0.5265,0.0787,2.5115,0.4399,0.0000,6.5032,4.3749,127,55,20,0,0
casual_1238,77.5573,91.2469,95.9557,17.4634,13.7399,32,0.0257,373.6976,531.4633,0.2747,0.0075,2.1203,0.4581,0.1453,0.1500,0.2132,1.1581,0.3915,0.0000,0.8296,1.4152,102,39,8,17,0
casual_0903,160.0027,90.2354,117.3755,12.1311,8.7747,19,0.0161,414.3229,519.8573,0.5413,0.0112,2.9945,0.4036,0.2054,0.8042,0.2108,0.5753,0.2196,0.0000,0.8665,0.2042,126,27,6,12,0
skilled_0620,128.1171,107.1183,47.8313,7.7229,9.1695,60,0.0212,480.1273,620.0000,0.6295,0.0030,2.6575,0.2893,0.0833,0.2874,0.0365,1.6185,0.4287,0.0000,3.3719,2.7775,197,84,11,11,0
skilled_0231,63.5051,64.8455,56.9591,11.8809,6.1210,11,0.0158,390.7238,547.2585,0.1226,0.0281,2.1967,0.3600,0.2077,0.5301,0.2351,1.7060,0.3374,0.0000,2.9007,2.1622,35,11,11,9,0
casual_2859,153.6323,54.5116,150.6428,15.1744,19.4444,8,0.0070,404.7989,542.3418,0.5541,0.0193,2.8622,0.3419,0.1200,0.6962,0.0995,1.4708,0.0200,0.0000,1.3994,1.0058,146,2,6,6,0
casual_0507,256.0932,139.3791,130.4341,17.1028,3.5455,21,0.0000,316.0513,574.0835,0.7146,0.0031,2.3528,0.4475,0.2614,0.9665,0.2244,1.7261,0.2071,0.0000,0.0000,0.8098,132,27,3,15,0
skilled_0221,176.5341,128.1766,73.4810,7.2489,8.3069,18,0.0098,339.7766,620.0000,0.5393,0.0195,2.0320,0.3817,0.0621,0.5136,0.1513,1.3251,0.1000,0.0000,2.1879,1.1971,122,12,14,4,0
casual_0183,115.3008,46.6637,34.3186,6.1153,1.7192,35,0.0196,572.8508,561.6866,0.5349,0.0217,3.1707,0.6167,0.1230,1.0066,0.2281,0.7476,0.1802,0.0000,1.2745,1.2017,113,20,6,16,0
casual_1564,243.6919,10.0000,110.9939,16.4397,9.7581,11,0.0163,387.4749,552.9103,0.0830,0.0114,1.7899,0.6767,0.1107,0.5800,0.3592,1.2285,0.3804,0.0000,0.4647,0.5972,45,17,11,6,0
casual_2704,221.5808,110.2794,133.0746,2.0000,16.9091,6,0.0212,322.9506,564.1646,0.0579,0.0013,2.6366,0.5527,0.0986,0.2683,0.1920,1.0247,0.2558,0.0000,1.5601,0.8457,60,15,3,11,0
casual_0321,159.8458,57.0370,110.9720,9.6736,6.7584,36,0.0154,357.7701,478.0641,0.3582,0.0093,2.2972,0.3529,0.1410,0.8993,0.3545,0.3359,0.1022,0.0000,1.5482,0.0500,131,13,2,8,0
skilled_0563,50.3174,83.1107,127.4630,6.3841,8.8837,43,0.0250,434.1017,613.2458,0.5458,0.0077,2.5175,0.1776,0.1102,0.2282,0.1541,0.9973,0.3171,0.0000,2.2704,1.6330,126,39,19,5,0
casual_1538,250.0697,43.7423,118.8202,22.6906,9.3542,29,0.0000,300.1848,582.1360,0.3336,0.0250,3.2675,0.6707,0.1148,0.8787,0.2814,0.6966,0.1663,0.0000,1.4284,0.1975,171,28,1,1,0
casual_1837,146.6253,77.0002,161.4614,23.7792,17.9419,18,0.0226,411.7963,559.3892,0.0811,0.0108,1.9246,0.6817,0.2578,0.8991,0.1279,1.0970,0.0671,0.0000,0.0000,0.6445,138,9,3,12,0
casual_2380,258.8699,63.7954,59.6517,19.5866,10.8230,14,0.0317,291.7031,562.7658,0.6866,0.0100,1.5752,0.5444,0.3124,0.2827,0.3376,1.1354,0.2533,0.0000,0.0000,0.4837,54,13,0,14,0
casual_1912,274.0541,100.3862,149.7515,7.8427,17.6043,29,0.0341,355.3299,553.5859,0.2943,0.0013,2.1063,0.6325,0.0459,0.6284,0.1261,0.6420,0.1596,0.0000,1.9155,1.1187,163,26,6,15,0
casual_1840,38.6803,92.8882,152.9407,17.6935,18.5864,5,0.0175,381.3864,561.1200,0.5827,0.0125,3.1592,0.6292,0.0908,0.6808,0.2272,1.5927,0.1187,0.0000,0.9878,1.0102,29,3,6,12,0
casual_2115,280.4705,69.8950,155.0429,27.9885,1.0000,8,0.0171,471.0835,503.1717,0.5944,0.0034,2.4614,0.4093,0.1059,0.4025,0.2470,0.9669,0.1541,0.0000,1.1259,0.9452,39,6,11,1,0
esport_0187,243.7560,115.5571,33.5426,4.3763,2.5994,46,0.0550,610.8153,611.7299,0.6460,0.0116,2.8653,0.1161,0.0765,0.6349,0.1370,2.7772,0.4142,0.0000,3.1282,2.7081,114,47,32,0,0
casual_1146,232.1816,52.1508,116.8272,19.2160,13.0090,10,0.0130,289.2588,505.0205,0.1694,0.0006,1.7622,0.4647,0.1123,0.8911,0.1663,0.2857,0.2362,0.0000,0.5309,0.9876,37,8,2,3,0
casual_2486,238.5766,27.6229,121.1652,32.2053,6.2029,28,0.0162,273.0326,574.8652,0.1903,0.0050,2.7778,0.6572,0.1551,0.8935,0.3605,0.7046,0.2794,0.0000,2.0498,0.4502,115,32,7,16,0
casual_0044,254.7101,65.6234,71.7746,19.8667,16.5227,24,0.0056,410.4269,591.8106,0.5501,0.0011,1.9423,0.2000,0.1391,0.7602,0.0982,0.6489,0.1696,0.0000,2.3173,1.2329,98,16,8,8,0
casual_2154,192.6508,44.3118,130.7134,11.4478,9.5003,26,0.0292,380.6565,572.1344,0.3923,0.0112,1.9935,0.4809,0.0700,0.8609,0.3347,1.1509,0.1421,0.0000,0.0000,0.6561,134,19,5,10,0
casual_1526,126.5743,77.4240,97.3777,30.0269,5.8678,2,0.0065,489.9625,620.0000,0.6008,0.0040,2.5743,0.4540,0.1691,1.0885,0.1583,0.8302,0.0965,0.0000,0.5243,0.9914,17,1,1,5,0
speed_0005,55.0045,107.9435,111.8928,12.5151,1.0000,17,0.0000,832.5455,1685.2179,0.4711,0.6115,2.9856,0.4431,0.0523,0.3412,0.2404,0.7711,0.4570,0.0000,3.8481,4.0526,118,53,18,0,1
casual_1378,201.2433,71.3258,181.4599,12.1136,11.9012,9,0.0028,502.8028,479.8882,0.5033,0.0000,1.9815,0.6288,0.0813,0.6603,0.3987,0.8466,0.0200,0.0000,0.4273,0.7166,51,1,8,15,0
casual_1765,49.2522,107.7693,75.3209,24.7528,13.7264,5,0.0000,482.2452,539.7028,0.5761,0.0187,2.3614,0.9779,0.1999,1.1414,0.3604,0.5733,0.2038,0.0000,1.3327,0.9575,35,7,6,16,0
skilled_0012,140.4922,73.8848,45.7005,9.1961,4.9036,15,0.0171,481.4542,563.9365,0.2808,0.0038,2.0711,0.3406,0.1373,0.2801,0.1077,0.2257,0.4773,0.0000,2.0514,3.2661,56,26,8,10,0
casual_0413,272.1990,78.9822,117.7311,11.0895,12.9523,2,0.0043,432.1059,584.3706,0.1851,0.0179,2.1830,0.5753,0.0400,0.6243,0.3052,0.6752,0.1556,0.0000,0.4775,1.1063,12,1,0,16,0
esport_0034,103.6584,118.9395,67.9764,0.5000,4.9356,55,0.0157,472.0154,608.5404,0.7377,0.0168,1.9836,0.1510,0.0200,0.4239,0.1430,1.7776,0.5648,0.0000,2.9758,0.9470,173,97,14,3,0
casual_1407,55.4572,10.0000,38.5028,25.6245,9.0649,42,0.0283,295.7408,507.1874,0.2217,0.0004,2.2976,0.4880,0.1013,0.9032,0.2307,0.3335,0.1578,0.0000,1.1825,0.5974,151,23,9,9,0
casual_1658,137.7827,124.1064,157.3053,22.4522,12.2225,7,0.0147,455.3647,615.7503,0.1031,0.0182,1.7971,0.3303,0.2123,0.8401,0.2402,1.0571,0.3887,0.0000,0.9908,0.1022,58,22,0,4,0
casual_0801,115.6314,72.4848,129.7874,16.7963,18.5060,3,0.0255,223.2936,510.4547,0.0849,0.0039,3.0994,0.4566,0.1651,0.6151,0.1011,0.7208,0.2313,0.0000,0.4376,1.0521,15,3,2,3,0
casual_1288,151.7826,88.9880,96.7227,18.0673,20.8306,15,0.0095,378.2984,559.8034,0.3175,0.0017,1.4088,0.3862,0.0835,0.5447,0.0763,0.8714,0.3187,0.0000,0.5399,0.6031,63,20,2,16,0
casual_2182,256.2969,90.4920,76.5839,20.3137,14.4132,14,0.0000,373.4392,498.3797,0.4122,0.0068,1.7189,0.6440,0.2058,1.0306,0.3458,0.4899,0.1158,0.0000,1.3554,1.4843,58,6,9,4,0
casual_2588,151.7943,92.4106,54.1038,14.2934,5.8338,37,0.0137,472.0621,594.7198,0.5958,0.0189,2.4397,0.8495,0.0400,0.7591,0.0901,0.1111,0.2516,0.0000,1.3255,0.8423,172,43,5,1,0
casual_2615,163.4501,81.8123,104.8131,11.3256,12.9132,54,0.0219,320.5916,574.7001,0.0509,0.0002,1.9863,0.7092,0.1596,0.7432,0.3154,0.3215,0.1977,0.0000,1.2582,0.1369,170,33,5,2,0
casual_2318,163.9980,119.9214,91.6602,28.3706,20.7649,10,0.0117,354.9842,604.3293,0.5070,0.0147,1.1208,0.7088,0.1054,0.2327,0.3465,1.1259,0.0200,0.0000,0.9807,0.3213,42,0,3,1,0
casual_0256,250.4736,22.3282,88.4932,25.8876,4.3454,26,0.0122,144.0469,492.9381,0.4792,0.0068,2.0786,0.7868,0.1317,0.9345,0.2077,0.6968,0.2438,0.0000,0.7025,1.0185,86,20,1,17,0
esport_0291,244.2465,117.3182,33.1408,6.2624,1.1806,59,0.0701,540.4072,621.0010,0.3316,0.0009,2.9699,0.0800,0.0336,0.3526,0.0675,1.5459,0.7443,0.0000,4.9177,0.8849,168,125,8,0,0
casual_1729,137.0378,89.8440,68.9302,26.6040,23.1255,25,0.0000,280.0126,535.1164,0.3471,0.0095,1.9756,0.8657,0.2242,1.0185,0.4547,1.0689,0.1725,0.0000,1.8265,1.1686,108,18,10,14,0
casual_1151,267.3486,105.9166,143.4034,12.9182,2.9165,20,0.0248,343.0484,602.7652,0.3432,0.0065,1.9017,0.4364,0.1924,0.6382,0.0565,0.5178,0.0481,0.0000,1.1906,0.0845,117,5,6,10,0
skilled_1144,241.4023,51.9387,114.7416,2.5220,2.4163,59,0.0372,431.8597,609.5952,0.3038,0.0036,2.8541,0.2979,0.1615,0.5274,0.2797,1.4298,0.4543,0.0000,2.5838,2.1296,169,76,8,12,0
casual_0647,168.9499,92.5756,20.0000,8.6021,10.8202,29,0.0110,268.2322,437.3588,0.4678,0.0036,2.2378,0.7696,0.2075,0.7737,0.2612,0.9714,0.1338,0.0000,0.7494,0.6763,156,20,0,16,0
casual_2908,279.1734,60.2143,48.1880,27.6663,12.1242,31,0.0000,583.9358,528.2891,0.4934,0.0020,2.2436,0.7984,0.1712,0.8068,0.1898,0.6708,0.2029,0.0000,0.5256,0.9980,133,26,2,6,0
casual_1702,125.0537,28.0209,97.8227,11.3223,23.5713,29,0.0091,380.8408,601.1784,0.2168,0.0024,2.0979,0.6155,0.1816,0.7195,0.2165,0.9800,0.1879,0.0000,1.2625,0.9000,116,21,1,11,0
casual_1881,201.9010,76.1187,68.5328,37.0839,18.7003,7,0.0239,462.3622,525.9002,0.2539,0.0114,1.7243,0.5625,0.1495,0.8506,0.1921,0.9607,0.2907,0.0000,0.1460,0.6655,31,9,7,7,0
skilled_0768,62.4872,37.6251,131.7640,4.2672,9.0829,50,0.0405,474.9471,574.2987,0.3586,0.0110,2.6613,0.2414,0.0681,0.5640,0.1633,1.0796,0.2180,0.0000,3.3416,1.5650,168,36,8,2,0
casual_1315,213.7131,48.0438,145.3229,5.6565,11.1985,13,0.0008,301.5911,620.0000,0.4048,0.0036,2.6788,0.6112,0.1436,0.8192,0.2588,0.2572,0.3465,0.0000,0.6540,1.3535,74,25,11,7,0
casual_2269,264.7277,37.2493,124.8644,8.9086,10.2684,3,0.0079,358.9796,573.0550,0.3034,0.0007,2.3720,0.3322,0.1031,0.4716,0.3180,0.9294,0.3271,0.0000,2.8174,1.0215,17,5,11,12,0
casual_1966,227.0408,54.4012,201.9387,11.0328,13.8228,40,0.0243,600.0000,620.0000,0.2449,0.0073,2.1125,0.4065,0.1881,0.7464,0.0928,1.4714,0.2437,0.0000,2.0513,1.3349,160,38,9,9,0
casual_2465,228.1845,10.0000,42.8142,9.6279,6.2102,22,0.0313,407.0035,513.5583,0.1879,0.0001,2.2640,0.2845,0.1629,0.1500,0.0858,0.9475,0.2750,0.0000,0.0000,0.6465,160,44,10,3,0
skilled_0855,225.0630,116.5020,60.5619,10.4543,6.6690,8,0.0293,373.2603,585.0230,0.2436,0.0082,2.8177,0.3009,0.0658,0.5421,0.0647,0.7996,0.3222,0.0000,2.1059,1.6899,28,9,17,12,0
casual_1350,244.5827,53.7689,102.1384,14.2667,14.6664,13,0.0027,377.0617,576.5858,0.1996,0.0004,2.8066,0.8066,0.1312,0.3620,0.1839,0.8879,0.3238,0.0000,0.4604,0.3129,115,37,6,6,0
skilled_0296,184.2264,108.0898,100.2629,13.4353,1.4849,7,0.0306,444.6657,588.9311,0.3635,0.0379,2.6997,0.3847,0.0748,0.5107,0.2373,1.4889,0.3884,0.0000,1.6046,2.3269,22,8,16,12,0
casual_0112,112.6083,56.9270,97.0127,16.3227,11.6582,2,0.0281,512.2805,603.0502,0.4230,0.0156,2.6806,0.6267,0.1295,0.3616,0.3272,0.6833,0.2798,0.0000,0.2834,0.5596,13,3,8,8,0
skilled_0133,34.9548,101.2209,75.7740,3.8973,13.2040,49,0.0278,497.2211,610.6603,0.3168,0.0042,2.1753,0.2712,0.0300,0.5928,0.0958,0.9584,0.4235,0.0000,2.3148,2.3033,164,69,11,9,0
casual_0263,68.8454,24.4377,142.4203,5.4711,15.3025,35,0.0159,444.8069,490.9335,0.5566,0.0006,2.0854,0.6567,0.1849,0.7486,0.3530,1.2396,0.3027,0.0000,1.0315,0.8832,144,43,6,14,0
casual_1393,46.1526,106.5773,133.6494,29.7442,16.0341,19,0.0049,352.1477,522.9281,0.2815,0.0036,2.9099,0.4859,0.1303,0.7407,0.1457,0.7454,0.0787,0.0000,0.7872,0.9753,89,7,10,15,0
casual_1878,177.7664,56.4661,53.3165,12.9902,10.2662,24,0.0000,455.5028,560.1511,0.3111,0.0007,1.6427,0.5831,0.1705,0.5997,0.1318,1.0607,0.2357,0.0000,1.0672,1.3852,177,41,7,14,0
casual_1186,137.5968,44.3248,29.5315,21.7438,4.3189,4,0.0000,462.6674,506.8227,0.5001,0.0067,2.2461,0.6483,0.1564,0.8715,0.4514,1.1026,0.0707,0.0000,0.8339,0.2834,74,5,6,15,0
skilled_0071,178.4047,99.0874,75.5868,3.6312,9.2496,43,0.0343,392.8009,566.7723,0.4134,0.0173,2.7048,0.1709,0.0553,0.7816,0.0777,1.6660,0.3264,0.0000,2.5780,1.0127,162,52,2,6,0
casual_0056,153.9073,118.4302,75.2087,8.1264,10.1925,19,0.0136,464.2056,527.9717,0.0200,0.0044,2.2708,0.8815,0.0491,0.7119,0.1326,0.7200,0.1848,0.0000,0.7830,0.6507,70,12,10,11,0
casual_1309,285.2904,33.2993,121.0100,16.9315,7.6190,40,0.0283,243.8684,530.8247,0.6015,0.0063,2.0850,0.8315,0.0400,0.8242,0.3394,1.0335,0.0200,0.0000,1.7875,0.4514,160,3,2,8,0
casual_0695,172.9764,112.9429,73.2765,28.8224,17.1460,12,0.0236,508.6666,571.9715,0.0203,0.0016,2.1337,0.7087,0.0910,0.2751,0.2641,2.1540,0.1017,0.0000,1.1510,0.7435,42,4,9,1,0
casual_2952,69.9457,124.3748,189.7282,27.7697,18.2707,8,0.0144,480.0670,588.6903,0.3732,0.0063,2.2278,0.6601,0.1735,0.8404,0.2522,0.9242,0.2848,0.0000,0.4105,0.5468,82,23,10,3,0
casual_1726,124.0345,36.9273,111.5386,20.7199,4.4196,5,0.0343,361.7806,527.6485,0.0200,0.0028,2.5783,0.4538,0.1228,0.6250,0.1959,1.1522,0.0968,0.0000,0.1995,0.4817,21,2,11,13,0
casual_2091,260.2081,55.0794,53.4850,25.7068,17.9809,9,0.0044,415.0218,599.5212,0.2175,0.0070,1.2526,0.6057,0.2031,0.8396,0.1807,1.4461,0.2222,0.0000,0.7909,0.5606,47,10,6,9,0
skilled_0869,160.2097,98.8706,112.8343,7.2762,1.0000,20,0.0306,471.8970,600.8132,0.2403,0.0051,1.9331,0.4794,0.0300,0.1029,0.1520,1.3793,0.3329,0.0000,1.1848,2.1517,80,26,19,9,0
casual_0319,286.1916,20.8192,150.3650,23.6680,16.9352,6,0.0160,473.4090,532.1766,0.6672,0.0088,2.4257,0.7945,0.1050,0.1864,0.4713,0.7165,0.2142,0.0000,1.0122,0.2556,55,11,9,13,0
esport_0070,178.9463,182.9969,47.0932,3.0959,2.2016,19,0.0628,461.0647,605.1708,0.3277,0.0047,3.2617,0.1473,0.0573,0.4911,0.0409,1.9910,0.5391,0.0000,1.5000,2.4539,52,28,9,4,0
casual_0682,34.7706,100.1615,129.1373,35.5093,11.5411,1,0.0133,493.4646,620.0000,0.5501,0.0010,2.5532,0.7595,0.1877,0.8871,0.3442,1.3759,0.1475,0.0000,1.2149,0.0500,11,1,10,16,0
skilled_0841,270.9122,142.0930,41.7860,1.1925,11.9485,49,0.0146,525.9353,620.0000,0.6775,0.0170,2.8992,0.4416,0.0781,0.3167,0.1943,1.4809,0.4406,0.0000,1.8987,0.7550,154,67,4,13,0
skilled_0213,174.1581,138.2942,103.6677,7.9807,2.9682,31,0.0218,377.5020,605.5383,0.5475,0.0092,2.7715,0.3611,0.1377,0.6490,0.1901,1.2439,0.2710,0.0000,2.4555,1.8700,119,32,10,5,0
casual_2002,287.3033,46.6105,63.3303,2.2750,21.3118,11,0.0198,323.2490,585.2595,0.2521,0.0008,2.8145,0.3297,0.0942,0.9338,0.2294,0.9890,0.3403,0.0000,1.4430,0.3215,78,26,5,14,0
aimbot_0032,113.5632,151.7937,19.1581,3.9690,1.6464,104,0.0041,437.5805,625.0000,0.2985,0.0089,2.9032,0.0783,0.0092,0.2496,0.0829,1.8382,0.7372,0.0000,4.6133,6.2469,121,89,38,1,1
skilled_1150,270.5730,106.7530,16.4604,10.2091,4.9748,6,0.0073,375.8728,584.2494,0.5569,0.0011,2.0688,0.2539,0.1292,0.8166,0.1246,1.8008,0.3558,0.0000,3.3091,1.4503,23,8,3,10,0
casual_0286,43.2986,105.0642,65.3293,13.4667,5.6293,2,0.0363,511.1913,571.6329,0.4200,0.0369,2.6083,0.5758,0.1343,0.5419,0.2229,0.9224,0.2904,0.0000,1.5709,1.4781,10,2,9,5,0
casual_1888,259.6406,46.4689,149.7883,35.9727,23.5496,2,0.0124,418.4675,593.9646,0.6710,0.0056,2.0887,0.5266,0.1058,0.7148,0.0300,0.8874,0.2953,0.0000,1.0953,0.3435,30,8,5,16,0
casual_2337,129.7843,100.5374,124.0463,24.0630,18.3700,16,0.0068,472.9531,593.8984,0.3376,0.0016,2.5440,0.6318,0.1793,0.6835,0.3170,0.8294,0.1733,0.0000,1.3575,1.3131,76,13,1,13,0
casual_2520,74.0658,33.9639,125.2407,9.0218,7.9566,17,0.0000,408.5460,579.3621,0.4759,0.0152,3.2635,0.2575,0.1072,0.7571,0.2874,0.8140,0.1161,0.0000,1.3725,1.2221,76,8,6,10,0
casual_2277,88.3927,83.2913,100.0265,20.6990,13.0917,42,0.0145,263.4930,553.1563,0.3449,0.0144,2.0549,0.4079,0.1407,1.1048,0.3083,0.4376,0.1549,0.0000,1.1140,1.0742,163,25,7,5,0
casual_2127,118.5394,33.3050,79.5946,8.3226,12.2920,27,0.0221,389.2196,524.3939,0.5405,0.0071,1.0418,0.5163,0.0997,0.1512,0.3226,1.6968,0.2223,0.0000,1.1214,0.1001,147,32,9,14,0
skilled_0499,274.0044,96.0582,74.3804,16.6100,7.4863,52,0.0369,610.0000,578.5217,0.4343,0.0098,2.8585,0.3412,0.0531,0.6553,0.2593,1.1147,0.2851,0.0000,0.9788,2.8987,198,56,16,12,0
skilled_1211,148.8112,69.3176,86.7165,6.9611,3.9629,20,0.0115,409.0666,615.7037,0.3248,0.0014,1.9373,0.4657,0.1889,0.2133,0.2144,1.4172,0.4102,0.0000,2.4012,1.4026,109,44,2,0,0
casual_2083,78.9568,37.3121,129.3959,18.2712,16.9893,12,0.0000,284.5068,603.4535,0.2170,0.0036,2.3545,0.4317,0.0709,0.5750,0.1199,0.6963,0.2747,0.0000,0.5299,0.8088,57,15,9,15,0
casual_0736,85.8955,74.7906,54.4546,27.8947,10.5055,29,0.0234,285.1275,509.0288,0.4342,0.0065,2.4855,0.3030,0.0770,0.5250,0.2153,0.5635,0.1708,0.0000,1.0793,0.6623,114,19,11,6,0
aimbot_0051,70.6921,122.9593,6.3063,2.8689,1.2055,105,0.0672,417.8818,625.0000,0.4872,0.0113,3.0797,0.0321,0.0168,0.5327,0.0640,1.8049,0.8509,0.0000,7.3303,3.5816,151,128,27,3,1
casual_0336,55.6759,41.3526,89.8676,17.6512,12.5941,32,0.0100,542.9318,542.9531,0.5346,0.0036,2.9247,0.8433,0.1272,0.3660,0.2459,1.2446,0.2388,0.0000,1.4901,0.1519,156,37,3,15,0
casual_2596,53.9583,68.6891,127.8078,18.9827,15.5363,11,0.0148,355.5640,542.6790,0.5265,0.0103,1.9762,0.4900,0.1477,0.5635,0.3073,1.0483,0.0947,0.0000,1.1519,0.7282,82,7,6,15,0
casual_2771,245.8684,35.1773,69.8929,22.7181,10.5221,24,0.0176,374.6666,581.2226,0.4436,0.0040,2.2975,0.4575,0.0400,0.6501,0.1216,1.4320,0.2083,0.0000,0.9311,0.5134,109,22,2,12,0
skilled_0704,203.6468,105.8171,61.4173,13.2486,8.3910,50,0.0344,426.2775,600.2773,0.4333,0.0037,2.7665,0.2109,0.1183,0.4090,0.1582,1.4893,0.4602,0.0000,2.0304,1.8784,146,67,19,7,0
esport_0154,202.4512,123.5011,35.5297,0.5000,5.7188,58,0.0544,426.6186,624.3240,0.4533,0.0150,2.9858,0.1845,0.0623,0.3895,0.0749,1.6063,0.5239,0.0000,3.1818,4.3294,151,79,24,4,0
casual_1071,194.7614,120.0426,61.9483,25.4624,17.3123,18,0.0184,408.3173,538.5926,0.6007,0.0069,2.1527,0.5207,0.2167,0.8257,0.3019,1.2291,0.1220,0.0000,0.9233,0.6573,82,10,1,10,0
casual_2290,292.4589,83.7222,188.8160,2.0000,20.3623,5,0.0000,600.0000,604.5165,0.4183,0.0021,2.2123,0.7433,0.2552,0.6203,0.3130,1.1824,0.2081,0.0000,1.5307,1.4726,28,5,5,8,0
casual_1672,235.1911,76.6374,137.3338,25.7797,10.8778,3,0.0120,443.6776,534.7778,0.5249,0.0043,2.7101,0.2928,0.0400,0.4752,0.0732,0.8451,0.2520,0.0000,1.7744,0.9115,21,5,10,9,0
skilled_1083,263.6805,104.8742,136.6890,5.4799,13.2636,52,0.0177,477.8704,607.9580,0.4966,0.0155,2.1103,0.2510,0.1502,0.5259,0.0637,1.2387,0.4143,0.0000,1.5782,1.6199,183,75,17,10,0
esport_0000,78.5478,80.0345,68.5828,6.3450,1.9437,47,0.0297,515.9316,580.2511,0.9304,0.0247,3.1783,0.0912,0.0200,0.4788,0.0964,1.6719,0.6055,0.0000,2.9970,2.7003,180,108,20,5,0
skilled_1113,113.1365,87.8885,77.5749,10.4302,7.2725,35,0.0227,554.6103,601.8372,0.3630,0.0204,2.6933,0.2584,0.1398,0.6166,0.1764,1.1764,0.3430,0.0000,3.3140,2.5106,179,61,8,2,0
esport_0158,171.2902,126.7923,97.8396,6.2761,4.4041,26,0.0517,423.5854,625.0000,0.5086,0.0197,2.4985,0.1311,0.0648,0.2633,0.1349,1.7383,0.5922,0.0000,5.7443,3.1420,92,54,33,0,0
skilled_0366,177.2911,43.5725,18.4274,9.3598,7.5307,11,0.0172,429.7921,594.0783,0.3384,0.0031,3.0607,0.4311,0.1201,0.5018,0.1396,1.0725,0.3824,0.0000,2.2343,1.3797,33,12,7,0,0
casual_1488,272.1240,96.7870,92.5383,12.2790,4.1278,16,0.0051,413.0087,544.7588,0.3683,0.0140,3.1796,0.4243,0.0922,0.6722,0.1984,0.3025,0.2154,0.0000,0.7938,0.8566,120,25,1,5,0
casual_0498,127.3775,119.1215,109.8552,9.2653,10.9345,14,0.0191,306.8579,576.9018,0.3890,0.0206,1.0596,0.5691,0.1321,0.9242,0.1988,1.1921,0.1908,0.0000,2.7401,0.8616,83,15,9,1,0
esport_0132,93.5544,133.5290,59.8238,4.7589,3.4584,37,0.0540,440.0363,574.4705,0.8339,0.0310,2.5924,0.1577,0.0726,0.4167,0.1009,2.5423,0.7337,0.0000,3.3693,4.0185,90,66,17,1,0
skilled_0479,38.7942,101.8722,61.2669,11.0440,7.8700,28,0.0098,386.1654,576.3493,0.0500,0.0002,2.5456,0.2824,0.0949,0.5006,0.0927,1.8015,0.3810,0.0000,3.0501,1.5928,125,47,5,1,0
casual_2581,255.7739,55.7443,146.3335,17.1082,7.6448,5,0.0192,438.2815,564.4757,0.5321,0.0081,2.3427,0.5470,0.0447,0.7862,0.1608,1.2398,0.2069,0.0000,1.6555,0.7853,28,5,7,3,0
skilled_0123,136.4801,85.8237,108.6906,12.1813,4.0269,19,0.0000,462.0267,604.3196,0.4509,0.0163,2.4350,0.3753,0.0619,0.4332,0.0200,1.5435,0.4494,0.0000,1.7030,1.4617,62,27,17,2,0
casual_2921,32.0204,40.5489,196.6907,11.8256,11.9411,8,0.0151,370.3992,528.2418,0.7316,0.0064,2.0369,0.8010,0.1682,1.2550,0.1349,0.8745,0.2609,0.0000,2.2512,1.1431,56,14,8,7,0
esport_0127,151.6826,162.7688,33.6138,3.3998,4.9449,43,0.0365,444.1404,600.8702,0.6414,0.0033,2.0296,0.1147,0.0493,0.2318,0.1270,1.3408,0.6410,0.0000,3.7395,4.6723,138,88,16,4,0
casual_2644,108.5836,53.3928,101.5865,14.3029,8.4339,18,0.0289,350.6114,555.5580,0.3939,0.0096,1.5140,0.2316,0.0400,0.6385,0.1711,0.4066,0.2517,0.0000,0.2198,0.5255,144,36,0,17,0
esport_0036,223.7041,164.1632,59.9816,0.5000,5.0794,65,0.0257,414.3671,602.3283,0.4573,0.0027,2.2006,0.1781,0.0852,0.3082,0.1367,2.0932,0.4772,0.0000,3.5657,1.7901,134,63,24,6,0
skilled_1040,239.3613,57.0998,115.0243,1.0000,10.5303,24,0.0023,509.8957,615.0002,0.5383,0.0323,2.3633,0.3385,0.1200,0.5436,0.1094,1.4186,0.1493,0.0000,2.6244,1.6238,119,17,19,13,0
casual_2034,57.0776,31.1767,131.2604,8.9279,8.5806,8,0.0000,396.7244,506.0434,0.1354,0.0154,2.4247,0.4175,0.1024,0.3628,0.0300,0.8934,0.1660,0.0000,1.2890,0.9517,47,7,0,9,0
casual_1022,297.7881,10.0000,97.9331,33.6017,5.4190,13,0.0015,416.0118,620.0000,0.2146,0.0003,2.4320,0.5025,0.0526,0.5626,0.1673,1.0418,0.1402,0.0000,0.7719,0.8632,48,6,9,11,0
casual_2282,121.5364,45.0102,120.4176,4.1935,10.6040,9,0.0063,488.1552,451.6317,0.1982,0.0104,2.8515,0.2354,0.1281,0.4346,0.1100,1.2935,0.2489,0.0000,0.7006,0.8902,56,13,6,6,0
speed_0036,154.7586,119.0604,135.2354,19.6659,10.5415,3,0.0106,620.3541,1029.0347,0.7216,0.2000,3.5000,0.4765,0.0300,0.7620,0.1145,1.5647,0.3502,0.0000,4.7428,4.7104,20,7,17,1,1
skilled_1219,144.7011,91.6510,45.7875,3.7639,5.1846,17,0.0198,494.5788,620.0000,0.4747,0.0117,2.5610,0.2927,0.1306,0.7857,0.0815,0.8454,0.3599,0.0000,2.2993,3.2521,101,36,3,9,0
skilled_0063,143.7395,89.8246,56.4567,4.8190,7.0464,39,0.0246,375.1455,572.8286,0.2395,0.0058,2.2237,0.1866,0.0683,0.4884,0.1715,1.9102,0.4001,0.0000,2.1643,1.7050,132,52,3,6,0
esport_0115,166.0212,163.1287,45.8593,5.0430,3.3042,48,0.0269,500.9688,572.5753,0.3920,0.0035,2.8935,0.1980,0.0383,0.3895,0.1687,2.4612,0.5237,0.0000,7.0497,4.2153,140,73,12,4,0
casual_0665,223.7626,10.0000,49.5988,13.7518,10.6934,39,0.0134,291.1853,587.7472,0.3880,0.0141,2.7462,0.3275,0.1552,0.5419,0.1782,1.2042,0.3061,0.0000,0.7168,1.1245,136,41,7,5,0
skilled_0932,179.4885,114.3851,115.7053,10.1690,1.1399,56,0.0546,411.0140,620.0000,0.4882,0.0211,2.6028,0.2785,0.1010,0.4236,0.1998,1.4069,0.4560,0.0000,3.5656,1.7261,186,84,17,10,0
casual_2638,252.1927,57.9740,122.7530,22.0501,14.3674,14,0.0055,404.2285,559.2314,0.8067,0.0004,2.7549,0.4341,0.2487,0.2912,0.3424,0.3324,0.2057,0.0000,0.8893,0.9078,168,34,8,12,0
skilled_0176,78.7499,113.7501,76.2355,6.3145,7.4029,32,0.0135,526.9400,597.1943,0.2377,0.0138,2.4992,0.3398,0.1438,0.1359,0.1347,0.7814,0.4358,0.0000,2.9666,0.9687,86,37,3,11,0
esport_0015,262.7772,106.7541,34.1558,5.0676,1.6861,34,0.0319,464.6160,580.9939,0.6559,0.0046,2.7895,0.2143,0.0929,0.4980,0.1456,2.3680,0.5687,0.0000,3.9400,4.4558,80,45,29,0,0
skilled_0121,209.2379,100.5548,21.6634,5.8102,8.7373,43,0.0327,390.1027,612.6665,0.2667,0.0001,2.7261,0.4888,0.1423,0.3771,0.1944,1.3552,0.2880,0.0000,3.4194,2.8212,178,51,2,7,0
casual_1017,258.4220,44.5552,185.4950,16.5107,9.3162,12,0.0140,437.2594,557.1746,0.4311,0.0348,1.7368,0.3954,0.1858,0.8536,0.2606,1.2917,0.1770,0.0000,1.1953,1.0499,69,12,4,1,0
casual_0557,162.3533,27.5671,150.5262,24.5612,24.8000,5,0.0086,325.5098,620.0000,0.8340,0.0029,2.3530,0.6166,0.1314,0.5739,0.3395,0.5783,0.2458,0.0000,0.7958,0.6403,41,10,10,5,0
casual_2399,179.9190,80.6310,211.8974,26.0099,11.5775,8,0.0233,457.6767,620.0000,0.4097,0.0035,2.2502,0.2467,0.0930,0.6815,0.1884,1.3021,0.2266,0.0000,0.9058,1.2452,67,15,6,1,0
casual_1207,161.2719,64.8860,31.0010,26.4401,4.4133,4,0.0118,403.8848,543.8797,0.5522,0.0028,2.1161,0.9090,0.1240,0.6418,0.2166,0.6550,0.3192,0.0000,1.5982,0.6369,23,7,9,14,0
casual_2005,268.9751,94.4886,129.6610,22.4257,20.7077,23,0.0201,600.0000,481.6307,0.4185,0.0037,2.7460,0.6117,0.2100,0.5196,0.4843,0.9631,0.3770,0.0000,2.1863,0.3721,163,61,11,16,0
casual_2656,136.4950,35.2614,20.0000,55.3612,22.7683,34,0.0245,474.3967,448.4133,0.5641,0.0038,2.9868,0.7027,0.0675,0.7192,0.2397,0.6470,0.1225,0.0000,1.7883,1.3016,177,21,10,3,0
casual_2135,173.5924,46.3053,131.7031,36.9283,1.7630,24,0.0086,248.9408,568.3839,0.5168,0.0008,2.9404,0.4631,0.1803,1.2161,0.0657,0.6192,0.2809,0.0000,1.1294,0.8868,138,38,3,11,0
casual_1510,65.4119,34.2908,44.3199,6.4104,18.8878,20,0.0065,495.7476,571.0012,0.3021,0.0043,2.1768,0.6326,0.1835,0.1500,0.1607,1.3323,0.2159,0.0000,0.9139,0.8381,171,36,11,12,0
casual_1736,269.1404,42.4549,207.1374,27.9362,5.7054,38,0.0196,202.1693,550.7418,0.3694,0.0091,2.0581,0.9019,0.2198,0.6515,0.2319,1.0281,0.0960,0.0000,0.6834,0.4899,160,15,0,9,0
casual_0245,264.2895,91.9488,20.0000,14.7131,19.9457,13,0.0000,408.1096,620.0000,0.2522,0.0060,2.5007,0.6486,0.2094,0.5679,0.2056,0.8536,0.0579,0.0000,0.6666,0.6517,61,3,7,13,0
casual_1163,75.3602,89.2621,34.5538,27.5608,9.2396,22,0.0103,245.9844,499.7393,0.6059,0.0005,2.4176,0.4559,0.1875,0.6997,0.1703,1.3372,0.2844,0.0000,1.5624,0.7457,109,31,1,10,0
skilled_0362,194.1813,111.7751,47.1993,6.5937,7.5321,35,0.0341,430.9816,603.6335,0.2976,0.0238,2.8021,0.3157,0.1491,0.7195,0.0821,0.9420,0.3471,0.0000,1.3104,2.5443,103,35,15,11,0
casual_0266,106.8744,55.3606,106.8350,8.4762,2.9566,21,0.0063,376.7627,575.8233,0.0200,0.0161,2.2800,0.5087,0.1703,0.6117,0.1489,1.0574,0.2597,0.0000,1.9064,0.5821,161,41,0,13,0
casual_2366,101.0957,83.9065,78.0138,28.1936,13.8647,9,0.0000,535.2183,620.0000,0.3398,0.0078,1.6546,0.5953,0.1692,0.8204,0.2940,0.6340,0.2829,0.0000,0.8342,0.9150,37,10,11,10,0
casual_1114,294.8217,50.1834,136.3065,2.0000,10.5374,16,0.0048,260.1998,561.4492,0.0200,0.0041,1.9563,0.5481,0.1809,0.8086,0.1173,0.6710,0.2482,0.0000,0.8122,0.1665,76,18,9,3,0
casual_0063,236.5497,27.6482,111.1946,3.2238,11.2266,21,0.0149,410.6738,558.4634,0.1721,0.0044,2.4132,0.2923,0.1411,0.3794,0.1891,1.2198,0.1579,0.0000,0.5912,1.2467,113,17,4,3,0
casual_2592,206.1932,20.6516,83.7886,27.7456,9.2507,9,0.0217,194.5854,518.5697,0.7754,0.0000,1.7083,0.2886,0.1786,0.8077,0.1435,0.1000,0.0947,0.0000,1.0047,0.5298,107,10,4,6,0
casual_2788,282.4386,97.9045,214.4750,14.3550,17.1819,15,0.0054,528.7338,604.6524,0.4801,0.0074,2.4698,0.7131,0.2909,0.8359,0.1792,0.5291,0.1516,0.0000,2.0219,1.7921,88,13,8,16,0
casual_2757,218.5757,133.3944,52.6375,31.0356,4.6674,25,0.0240,306.5805,557.9714,0.2079,0.0243,3.0974,0.3727,0.1243,0.4694,0.2316,1.0195,0.2378,0.0000,1.4463,0.4259,90,21,10,9,0
skilled_0011,99.0258,117.0755,118.1793,9.3274,8.1827,17,0.0233,395.0627,605.5948,0.3193,0.0004,2.4126,0.3694,0.0841,0.4408,0.1374,0.3579,0.3451,0.0000,1.1719,2.8433,63,21,9,6,0
skilled_0076,156.3927,120.1742,62.2165,9.5442,5.0456,25,0.0373,424.1024,550.9283,0.5241,0.0049,3.5000,0.3961,0.1113,0.4971,0.0580,1.6135,0.2960,0.0000,2.9177,2.9708,82,24,2,7,0
casual_2998,294.3957,45.7770,29.0943,11.8238,21.7763,4,0.0209,347.8859,465.3008,0.5947,0.0039,1.6797,0.6307,0.2046,0.2164,0.3985,0.4621,0.2872,0.0000,0.0594,0.8208,27,7,0,4,0
casual_2815,180.8421,44.2397,98.5019,19.7359,21.2951,16,0.0111,444.3489,518.0279,0.1621,0.0257,2.3023,0.7706,0.1969,0.6133,0.3476,0.9099,0.1622,0.0000,0.3960,0.4756,91,14,4,13,0
casual_2259,145.8567,81.4660,128.0819,7.6382,17.9071,31,0.0091,430.4265,611.7061,0.8312,0.0205,3.5000,0.2770,0.0669,0.8725,0.1940,1.4695,0.1324,0.0000,0.0000,0.7687,140,18,1,3,0
trigger_0033,161.1766,109.9678,49.3197,2.0946,0.8765,98,0.0322,411.4003,563.3280,0.4292,0.0059,2.4562,0.0400,0.0039,0.4891,0.0050,2.0554,0.6240,0.0000,2.8745,1.6957,157,97,34,2,1
skilled_0204,94.1465,88.3704,37.6898,4.7699,6.1460,15,0.0315,456.1990,594.7927,0.3329,0.0113,1.9504,0.3107,0.0602,0.6468,0.3530,2.1575,0.4962,0.0000,2.9585,0.1000,67,33,4,4,0
casual_1237,144.1382,107.1532,92.9055,17.3937,18.0597,15,0.0135,302.9416,620.0000,0.3414,0.0031,2.3149,0.8582,0.1720,0.7907,0.2403,0.6685,0.2293,0.0000,1.8843,0.2097,74,16,9,8,0
casual_0103,291.6776,74.8689,84.8537,5.0673,10.7767,26,0.0234,369.8924,583.5435,0.0200,0.0047,2.7288,0.7547,0.1113,0.5918,0.1653,1.3385,0.1001,0.0000,0.7488,0.1627,159,15,5,7,0
casual_2643,262.9901,84.1834,20.0000,23.0982,13.9377,2,0.0000,415.9068,533.1912,0.3580,0.0063,2.1708,0.5488,0.1395,0.2219,0.1947,1.2434,0.0756,0.0000,0.5996,0.0500,18,1,5,13,0
casual_0272,44.4131,58.0004,20.0000,15.4257,19.7287,57,0.0080,326.6929,590.0183,0.2654,0.0024,2.7232,0.8330,0.1790,0.3974,0.2117,1.9500,0.1636,0.0000,0.7336,0.9624,140,22,7,7,0
casual_0508,163.4182,71.6280,108.3826,5.1026,14.9122,34,0.0028,308.8939,450.1205,0.4518,0.0030,2.4310,0.9294,0.1551,0.7489,0.2104,1.5378,0.1781,0.0000,1.5432,1.6328,168,29,4,1,0
casual_2226,220.4236,10.0000,90.0810,26.3896,12.1278,21,0.0290,305.8226,533.0608,0.4740,0.0019,1.7956,0.6160,0.1033,0.6598,0.3566,1.1605,0.3854,0.0000,0.2291,0.7673,155,59,7,14,0
trigger_0008,115.6123,136.9538,15.4496,3.6898,3.2123,59,0.0232,425.7698,601.8041,0.3651,0.0152,2.4922,0.1129,0.0110,0.3822,0.0029,1.8829,0.5921,0.0000,4.4304,3.5811,96,56,37,5,1
casual_2441,73.3051,72.6527,91.5904,14.7584,14.7707,51,0.0243,523.6150,588.5706,0.1332,0.0152,1.8718,0.6836,0.2237,0.1500,0.2086,1.0413,0.3669,0.0000,1.3233,0.2182,151,55,6,7,0
casual_0865,274.0728,99.3720,21.7236,23.2368,2.7252,42,0.0213,423.0183,539.0075,0.2242,0.0154,2.1189,0.8263,0.2341,0.8780,0.2408,0.8962,0.3777,0.0000,0.9129,0.7617,167,63,11,6,0
skilled_0326,224.2247,99.9996,70.3692,11.0513,11.2631,18,0.0046,581.6684,597.1605,0.5474,0.0075,2.6883,0.2550,0.1117,0.3714,0.1982,0.6473,0.2547,0.0000,0.9007,1.7108,57,14,11,6,0
casual_0908,98.1578,66.9225,60.4806,15.7304,14.9440,23,0.0323,455.9557,563.6129,0.1072,0.0044,2.7354,0.7962,0.1796,0.3957,0.1847,1.0020,0.1793,0.0000,0.6603,1.2500,162,29,5,17,0
casual_2114,33.8137,33.2746,51.1596,19.9559,7.7721,4,0.0385,441.0171,606.2844,0.4200,0.0002,2.3713,0.5743,0.0763,0.8577,0.0745,1.4038,0.4058,0.0000,1.0030,0.2923,21,8,0,13,0
skilled_0896,132.7636,63.8860,32.1942,7.4517,5.4539,64,0.0110,403.4055,573.1881,0.4706,0.0050,2.1001,0.3183,0.0486,0.5646,0.1306,2.0866,0.4733,0.0000,1.8499,1.7205,140,66,5,10,0
casual_1627,80.9858,92.5452,120.6954,12.8717,8.5600,47,0.0496,304.1364,573.1265,0.2637,0.0001,1.8335,0.6925,0.2141,0.4746,0.2515,0.7756,0.1957,0.0000,1.6193,1.0249,170,33,1,8,0
casual_2873,97.3780,36.3452,62.5302,19.8933,4.8587,22,0.0079,489.7661,542.0833,0.5102,0.0010,2.7975,0.7030,0.0400,0.7211,0.3069,1.0594,0.3185,0.0000,1.2305,0.5015,131,41,1,12,0
casual_1522,268.3629,156.4219,116.9240,13.3884,10.8701,21,0.0025,356.5367,556.4259,0.5161,0.0023,2.1707,0.6549,0.1218,0.8298,0.1910,0.5896,0.1145,0.0000,0.5756,1.2693,133,15,11,4,0
casual_0835,183.0732,102.4641,188.4213,21.7169,13.6691,36,0.0000,393.3064,602.9560,0.4315,0.0081,2.0049,0.4783,0.1489,0.5278,0.2073,1.0836,0.1483,0.0000,1.0065,0.6823,124,18,8,10,0
casual_0358,162.8814,79.7070,174.3075,19.7984,16.7446,5,0.0103,226.9028,550.2513,0.7854,0.0071,2.5745,0.6495,0.1274,0.6918,0.0300,0.8539,0.3208,0.0000,1.2296,0.0974,36,11,6,6,0
casual_0138,241.3385,77.2713,33.3927,2.0000,1.0000,42,0.0000,393.2097,594.2695,0.1928,0.0039,2.5529,0.5219,0.1412,0.7283,0.0810,1.1394,0.1099,0.0000,1.1262,1.3070,167,18,8,11,0
casual_0299,203.4705,32.3649,95.0077,35.7691,18.5524,35,0.0116,257.0740,572.2254,0.3022,0.0035,1.6381,0.6618,0.1586,0.6364,0.1656,0.7674,0.0200,0.0000,0.0000,0.1278,144,2,4,14,0
casual_1556,281.1009,58.7916,91.7172,14.3024,11.0613,13,0.0034,408.2716,570.5721,0.4187,0.0068,1.8006,0.5416,0.2280,0.2238,0.0996,0.6101,0.2031,0.0000,0.4123,0.7532,64,13,10,13,0
casual_1003,71.1282,111.9905,63.7092,17.5886,15.4357,27,0.0306,465.2095,618.2482,0.7814,0.0082,2.0679,0.6293,0.0400,0.5342,0.1819,1.0246,0.1654,0.0000,0.8171,0.9003,112,18,9,12,0
casual_0382,240.6814,100.2103,197.4213,19.6705,12.0966,18,0.0142,497.4468,599.4190,0.1991,0.0060,2.7497,0.8362,0.3073,0.9094,0.1778,0.9400,0.1202,0.0000,0.6369,0.0500,110,13,4,6,0
casual_0941,258.5492,25.2452,39.3841,25.4297,5.1080,20,0.0125,571.8853,565.1807,0.3344,0.0027,2.4189,0.5676,0.1264,0.6955,0.3090,1.5274,0.1147,0.0000,0.7725,1.0458,108,12,7,6,0
esport_0196,260.4000,92.7851,29.1703,0.9405,4.0218,34,0.0000,477.2587,624.8537,0.2519,0.0024,3.2188,0.2042,0.0551,0.4503,0.1943,1.4762,0.4977,0.0000,3.6024,4.4693,109,54,7,5,0
speed_0004,79.9595,70.1003,35.9152,14.6688,7.1210,15,0.0245,686.5161,1401.4498,0.6867,0.4005,2.7727,0.2790,0.1507,0.2666,0.1922,1.4655,0.3007,0.0000,3.8954,3.3915,121,36,18,5,1
casual_0761,70.6226,114.8977,75.0904,12.7058,8.5175,26,0.0165,447.3590,554.6151,0.0200,0.0025,1.9464,0.3364,0.1851,0.5540,0.1182,0.1000,0.4033,0.0000,0.0000,0.3045,140,56,1,4,0
casual_1705,296.3898,53.4849,79.4889,25.6298,5.7505,19,0.0000,420.0448,534.4057,0.2015,0.0165,2.7867,0.7648,0.0907,0.7658,0.3351,0.2636,0.1261,0.0000,0.9578,0.6286,156,19,6,9,0
casual_1873,295.9626,139.1941,36.9703,15.6714,7.8363,7,0.0344,446.6304,620.0000,0.5441,0.0059,1.8288,0.7022,0.1555,0.1500,0.1709,0.8753,0.0566,0.0000,1.5785,1.4112,36,2,0,17,0
casual_2550,176.6935,119.5931,156.9986,10.8744,6.5752,12,0.0138,504.0893,620.0000,0.1678,0.0132,2.8577,0.2146,0.1367,0.3647,0.2972,1.1082,0.3805,0.0000,1.5794,1.4380,78,29,2,8,0
casual_2086,125.9088,100.9194,61.3581,28.5463,12.0105,21,0.0147,354.5883,579.2287,0.0826,0.0051,1.6406,0.3270,0.1321,0.4555,0.2379,1.7136,0.0680,0.0000,0.6220,0.4305,99,6,10,17,0
casual_2197,168.3056,37.2191,59.1738,3.0802,8.4417,3,0.0183,273.8041,597.5079,0.2807,0.0115,2.7909,0.5837,0.1794,0.3753,0.2987,0.9086,0.2747,0.0000,0.5074,1.0064,29,7,8,6,0
casual_0898,80.1569,145.0206,110.2828,25.6039,15.9500,13,0.0176,393.4381,593.0429,0.3230,0.0168,2.1824,0.6600,0.1452,0.7068,0.1651,0.4192,0.2522,0.0000,0.8875,1.1776,83,20,1,12,0
skilled_0999,71.6636,72.2335,121.1207,19.6047,7.7841,11,0.0228,536.7888,620.0000,0.3621,0.0323,2.4893,0.3694,0.1466,0.6053,0.1372,1.5925,0.3446,0.0000,2.9342,0.5898,23,7,4,3,0
skilled_0615,79.9296,93.2888,39.9543,9.6329,3.6654,29,0.0448,399.9221,584.5200,0.5773,0.0048,3.2126,0.6260,0.0928,0.6603,0.2048,1.0858,0.1000,0.0000,1.7411,2.0274,105,10,17,10,0
casual_1402,291.5631,40.0755,166.8024,12.8433,1.0000,22,0.0019,470.0006,484.1805,0.2852,0.0069,2.1043,0.2029,0.1861,0.3992,0.2541,1.1983,0.3396,0.0000,0.5141,1.3702,127,43,2,10,0
skilled_0873,52.6118,109.1860,88.8692,8.1563,4.4660,71,0.0147,284.3855,594.1042,0.3799,0.0054,2.2468,0.5727,0.1248,0.5230,0.2900,1.1182,0.3447,0.0000,1.9699,2.5018,191,65,3,6,0
skilled_0785,184.2828,121.5579,64.5893,15.8990,5.4248,46,0.0199,366.1994,587.3043,0.3803,0.0007,2.8533,0.3542,0.0300,0.2968,0.1755,0.9566,0.3796,0.0000,1.9605,1.3443,177,67,5,11,0
esport_0136,146.0365,94.3215,69.3659,5.5165,4.0596,40,0.0289,440.2271,598.5001,0.5795,0.0164,2.5133,0.2265,0.0356,0.2564,0.0495,2.0247,0.7692,0.0000,4.1573,0.9193,109,83,16,0,0
casual_2955,120.8229,101.4018,187.9208,18.6528,6.3665,24,0.0229,220.8176,593.8844,0.7475,0.0047,2.7229,0.5069,0.1314,0.8925,0.1284,0.9393,0.1259,0.0000,1.2850,0.9889,146,18,4,5,0
casual_1512,199.2427,32.2792,154.4569,24.8917,17.4904,16,0.0095,258.7002,579.0792,0.0200,0.0027,2.5383,0.6962,0.0470,0.8491,0.1131,1.1280,0.2572,0.0000,1.3223,1.6006,94,24,8,10,0
casual_1188,67.0470,95.6424,108.2978,14.6997,14.4800,3,0.0300,353.3866,581.6340,0.2013,0.0004,2.0425,0.7278,0.2196,0.8725,0.2381,0.6599,0.1105,0.0000,0.7542,0.9664,18,1,6,9,0
casual_2989,194.8100,164.8691,144.7012,20.4093,14.1366,8,0.0257,223.5519,522.4439,0.1427,0.0122,2.6244,0.4076,0.1080,0.1500,0.3587,1.2767,0.1356,0.0000,0.8189,0.6287,40,5,9,17,0
casual_2080,135.7962,128.6051,38.6747,12.8027,14.1096,19,0.0243,600.0000,550.1232,0.4495,0.0000,2.2664,0.6499,0.1700,0.5414,0.2521,1.5574,0.3250,0.0000,0.0186,1.8776,76,24,4,14,0
trigger_0058,82.7228,155.4312,57.7863,7.6198,2.3715,11,0.0302,382.4068,575.2790,0.4435,0.0085,2.6217,0.0800,0.0034,0.4844,0.0069,1.8431,0.4810,0.0000,3.3483,4.8840,23,11,23,5,1
skilled_0437,265.5618,104.9574,33.5605,9.6761,4.3486,34,0.0139,503.7606,599.3502,0.1676,0.0166,2.4923,0.4470,0.0900,0.5159,0.1258,1.2428,0.2825,0.0000,3.2793,1.6809,134,37,13,8,0
casual_0108,56.0256,65.8340,96.9058,29.0990,15.4327,5,0.0000,525.2980,533.0322,0.4343,0.0019,2.9357,0.7349,0.1583,1.0158,0.3189,1.1504,0.1442,0.0000,0.5821,0.7244,42,6,9,4,0
esport_0448,131.7800,138.3769,76.3356,3.1343,2.9258,23,0.0362,566.8143,613.3696,0.6104,0.0185,2.3306,0.1717,0.0961,0.4492,0.0801,2.6825,0.5940,0.0000,4.1906,4.5453,55,32,7,8,0
casual_2827,89.3982,154.3935,170.9035,26.7316,18.9992,12,0.0229,438.4952,540.4514,0.0200,0.0015,3.5000,0.4898,0.1991,0.3226,0.5153,0.7900,0.1881,0.0000,0.9879,0.2583,73,13,2,17,0
esport_0497,178.1845,111.7426,75.5092,7.0658,3.3033,37,0.0420,484.7967,595.0872,0.7482,0.0030,2.6360,0.2097,0.0651,0.5479,0.1095,1.2151,0.5647,0.0000,3.9741,2.1115,107,60,32,3,0
casual_0058,67.7452,126.9590,146.1124,2.0000,5.2443,3,0.0141,285.5088,486.2487,0.4516,0.0043,2.1674,0.7063,0.0551,0.3042,0.0836,0.8474,0.1857,0.0000,0.5383,1.3721,12,2,10,5,0
casual_0076,109.2703,95.8871,120.5486,2.8398,18.8989,21,0.0055,415.7168,512.7992,0.4879,0.0005,2.6946,0.5682,0.1752,0.5399,0.2672,1.6306,0.1850,0.0000,0.8858,1.3223,113,20,10,10,0
casual_0796,35.1392,78.6452,20.0000,39.0240,8.5077,25,0.0163,500.4637,487.1624,0.4045,0.0104,2.1430,0.8410,0.2645,1.0076,0.1979,0.3042,0.2713,0.0000,1.5524,1.1624,112,30,0,8,0
casual_0368,120.0822,142.1630,64.1250,9.5126,25.1520,8,0.0230,370.2922,513.8444,0.3973,0.0047,2.3824,0.6922,0.2381,1.1008,0.2810,0.8899,0.1518,0.0000,0.9379,1.1429,83,12,11,14,0
speed_0055,90.4286,71.0090,88.0838,14.3879,3.9878,8,0.0339,653.0071,903.8863,0.7525,0.5649,2.7266,0.6650,0.1115,0.6349,0.2372,1.6176,0.3419,0.0000,3.6831,2.7338,49,16,25,5,1
casual_0785,127.6147,85.9354,20.0000,22.1377,17.9838,4,0.0188,447.6756,567.7625,0.4370,0.0110,1.5704,0.5107,0.1627,0.7658,0.2366,0.9048,0.3257,0.0000,0.6113,1.5065,22,7,0,6,0
casual_2088,223.5230,108.2737,26.7247,18.2391,14.9025,12,0.0381,392.8820,526.0396,0.3898,0.0119,2.6717,0.6704,0.2008,0.5066,0.2369,1.0355,0.2878,0.0000,1.1657,0.3307,93,26,8,15,0
casual_2314,125.0725,106.9087,43.1589,6.9025,14.5633,18,0.0168,425.1731,608.8714,0.3791,0.0093,2.5126,0.5257,0.1959,0.8177,0.1326,0.9953,0.2149,0.0000,1.6827,0.5058,88,18,4,4,0
skilled_0384,118.6991,65.4118,67.5929,2.9195,6.8017,18,0.0270,478.1098,620.0000,0.6545,0.0019,3.3848,0.2050,0.0578,0.5510,0.0200,1.1945,0.1975,0.0000,2.9618,1.6460,74,14,12,2,0
skilled_0605,171.7083,79.4031,81.6145,3.8481,9.4000,26,0.0303,374.4634,613.2466,0.4305,0.0098,3.2422,0.2582,0.0300,0.3474,0.0428,1.1826,0.1805,0.0000,2.1661,0.1025,79,14,2,10,0
skilled_1111,90.4060,68.6277,65.1343,14.0535,10.5644,47,0.0140,441.3046,559.8058,0.3334,0.0126,2.1310,0.2446,0.1152,0.4977,0.0200,1.7364,0.4447,0.0000,2.4398,2.7352,124,55,5,7,0
casual_1902,259.1739,44.3048,40.6401,15.9000,9.6851,1,0.0209,360.8236,564.1731,0.0222,0.0020,1.6928,0.2102,0.1956,0.6846,0.2149,1.7001,0.1650,0.0000,1.2259,0.6661,10,1,6,7,0
casual_1703,202.3204,10.0000,189.8047,8.9235,15.9863,11,0.0118,600.0000,619.2127,0.2272,0.0213,1.6100,0.5706,0.2634,0.9370,0.3614,0.4583,0.2025,0.0000,1.1275,0.6220,51,10,1,16,0
casual_0121,205.4586,54.2089,95.1809,22.0682,1.0000,13,0.0097,505.7677,548.7202,0.4336,0.0046,3.1656,0.5233,0.1390,0.3217,0.1511,1.3059,0.2020,0.0000,1.0242,0.3026,97,19,4,13,0
casual_1844,75.1885,24.2906,46.0704,5.9826,15.8241,13,0.0309,290.2618,566.2139,0.1987,0.0074,2.2263,0.4895,0.1193,0.7671,0.3007,0.3777,0.3466,0.0000,0.0000,1.1361,74,25,11,7,0
casual_2369,170.7897,104.5900,128.3204,21.5714,16.7537,4,0.0126,389.6839,576.2859,0.3315,0.0086,2.2631,0.8090,0.2190,0.5338,0.1976,1.4110,0.3157,0.0000,0.2987,0.4216,22,6,2,17,0
skilled_0728,182.7866,88.4190,29.2829,13.8120,8.2807,34,0.0205,409.9161,539.9855,0.4284,0.0095,2.6451,0.2529,0.0771,0.5981,0.1678,1.2034,0.2968,0.0000,1.6325,2.1553,127,37,14,1,0
casual_0910,236.4970,134.7662,97.0166,22.8576,2.3008,33,0.0366,382.7087,557.5034,0.4425,0.0007,2.2677,0.5733,0.1504,0.6163,0.2995,0.2055,0.0232,0.0000,0.6658,0.8078,175,4,2,17,0
casual_0124,41.2358,53.3920,47.4036,11.3810,10.9060,24,0.0231,483.0805,556.0561,0.7266,0.0028,2.3992,0.7136,0.1344,0.6194,0.1985,0.7676,0.1726,0.0000,1.3958,0.3617,88,15,10,6,0
casual_2572,232.7724,36.9116,102.4900,17.6512,17.9698,20,0.0154,404.5759,618.4522,0.1311,0.0141,3.0787,0.8123,0.1958,0.6456,0.2256,0.3679,0.2428,0.0000,1.6564,0.0753,122,29,11,11,0
casual_1586,123.0530,10.0000,24.8529,27.4143,21.3512,13,0.0302,341.2264,564.9980,0.6997,0.0014,2.3514,0.2000,0.2412,0.2112,0.2321,0.6228,0.1177,0.0000,1.2091,0.7057,63,7,9,6,0
casual_1257,251.3484,105.1122,73.5537,14.5280,4.3731,25,0.0070,559.3910,465.0807,0.2923,0.0005,3.0168,0.3647,0.0400,0.9097,0.2734,1.2655,0.2970,0.0000,0.8867,0.3619,167,49,1,15,0
skilled_0441,35.5182,111.2468,41.5597,14.6318,7.0774,21,0.0226,502.8498,615.9616,0.4629,0.0054,2.6585,0.2118,0.0675,0.3326,0.1899,1.0942,0.1906,0.0000,3.0278,1.6929,61,11,17,0,0
skilled_0480,127.9803,81.1342,103.3045,5.2001,9.9651,11,0.0455,486.2460,586.8843,0.6670,0.0032,2.3767,0.3921,0.0994,0.4272,0.2183,0.8524,0.3826,0.0000,2.0219,2.7199,35,13,2,5,0
skilled_1108,273.7989,92.6827,83.6971,5.7708,6.9631,4,0.0072,397.1340,604.9903,0.4719,0.0046,2.8071,0.2759,0.0761,0.5060,0.0822,0.9531,0.3855,0.0000,1.9962,0.9917,23,8,9,11,0
casual_1178,89.1811,89.5480,149.5133,8.2980,17.2010,15,0.0188,277.0529,501.5592,0.5131,0.0379,2.4746,0.7774,0.1907,0.8838,0.2863,0.8431,0.3654,0.0000,1.0901,0.5011,69,25,11,11,0
skilled_0463,265.4786,68.0132,73.2018,14.1328,5.3593,17,0.0214,492.8917,587.6086,0.2560,0.0064,2.7131,0.3237,0.1310,0.7472,0.2141,1.6586,0.1629,0.0000,2.5139,1.1079,74,12,13,3,0
skilled_0469,54.3976,67.2949,114.2670,24.4616,11.0102,63,0.0216,448.1963,574.2624,0.2374,0.0163,2.6149,0.1725,0.0464,0.4686,0.1776,1.0231,0.3132,0.0000,2.0621,0.7598,191,59,15,5,0
skilled_0467,118.9237,106.2247,82.6136,4.2827,10.1257,12,0.0285,393.3877,569.5762,0.5378,0.0152,2.2013,0.3779,0.1466,0.5480,0.1021,1.5416,0.3544,0.0000,2.9634,1.8567,43,15,3,9,0
casual_2103,282.9650,94.9567,93.4363,18.1561,3.3039,29,0.0361,405.5080,482.2569,0.3759,0.0067,2.6371,0.5738,0.0835,0.3193,0.4662,1.0583,0.1360,0.0000,1.1667,1.1040,159,21,0,13,0
casual_0442,228.3477,48.7113,107.1651,21.5757,17.4403,19,0.0221,289.8972,536.0541,0.3585,0.0021,1.9820,0.2000,0.2229,0.8206,0.2923,0.5649,0.1356,0.0000,3.0974,0.7438,66,8,10,14,0
casual_2227,48.1320,68.1366,71.2767,16.8443,10.7100,24,0.0192,369.2825,567.5886,0.4190,0.0028,2.9465,0.4061,0.1460,1.0724,0.2817,0.5871,0.1826,0.0000,1.6127,0.7448,149,27,5,10,0
esport_0166,134.0617,133.2104,49.6540,1.3746,2.9874,47,0.0613,388.4594,618.2050,0.9256,0.0068,2.1470,0.1531,0.0833,0.5114,0.1701,1.6363,0.6624,0.0000,5.7476,4.5241,164,108,30,2,0
casual_0925,98.3790,55.7139,211.9751,11.0941,8.1524,8,0.0292,492.2610,540.4539,0.4201,0.0018,3.0827,0.5328,0.1098,0.5293,0.2132,0.9932,0.0200,0.0000,0.4498,0.7501,56,1,2,17,0
skilled_1020,277.0291,118.8209,99.8967,1.0000,2.2227,68,0.0094,499.4422,570.7457,0.3818,0.0045,2.9060,0.3384,0.0541,0.7916,0.1890,1.5161,0.3048,0.0000,2.5850,0.1000,193,58,14,2,0
casual_2145,280.8954,99.6748,130.8567,21.0903,1.0000,36,0.0272,262.5028,504.6355,0.4546,0.0016,2.5194,0.7327,0.0985,0.5410,0.4097,0.9169,0.0200,0.0000,1.3208,0.9245,136,2,5,13,0
aimbot_0020,113.5439,129.9616,12.8980,2.1581,1.1167,25,0.1131,320.1774,562.6119,0.6372,0.0106,2.7372,0.0299,0.0147,0.4316,0.0362,1.5593,0.7324,0.0000,6.2184,7.3255,33,24,22,1,1
casual_1411,293.4923,50.3885,127.8120,16.3736,4.4468,12,0.0064,409.6337,487.5506,0.3629,0.0006,2.0307,0.3083,0.2672,0.9870,0.2830,1.0485,0.0200,0.0000,0.8407,0.9442,49,0,3,2,0
skilled_0466,50.7774,123.8918,44.8411,13.6092,7.6697,22,0.0258,385.6599,583.6256,0.3515,0.0038,2.0740,0.3593,0.1299,0.4310,0.1410,1.4110,0.3432,0.0000,1.6557,2.4160,149,51,15,0,0
casual_2072,105.4616,14.3273,20.0000,10.0694,13.5352,17,0.0165,473.3094,524.7949,0.1456,0.0235,1.3145,0.5848,0.1461,0.1500,0.2050,0.3097,0.1307,0.0000,0.4440,1.2140,92,12,11,7,0
casual_1509,231.2050,68.6994,126.2445,2.4719,12.1374,12,0.0145,413.7496,570.2260,0.4942,0.0039,1.9277,0.2959,0.2265,0.5015,0.3597,1.4445,0.1859,0.0000,1.3196,0.8396,43,7,3,16,0
casual_1227,158.5448,23.3924,95.4964,9.8629,7.7685,34,0.0160,351.8655,525.4015,0.0200,0.0165,2.9959,0.8294,0.0732,0.7444,0.2825,1.1003,0.3178,0.0000,1.4827,0.6440,177,56,6,13,0
skilled_1072,87.7903,114.8706,114.4524,8.6159,6.0310,16,0.0181,489.3671,620.0000,0.3121,0.0048,2.6223,0.1200,0.0678,0.5292,0.0614,1.9021,0.2982,0.0000,1.2498,3.5692,41,12,5,10,0
casual_2585,150.2193,98.4234,104.8064,21.7617,4.8336,10,0.0122,282.5316,568.3629,0.6709,0.0141,2.6593,0.7542,0.2402,0.7007,0.1768,0.7481,0.4522,0.0000,0.2389,0.0500,37,16,8,6,0
esport_0200,215.0624,115.8437,18.1192,3.5756,0.6405,16,0.0300,392.6919,625.0000,0.4906,0.0116,2.7602,0.2589,0.0381,0.4519,0.1326,1.2355,0.6314,0.0000,3.1706,3.4778,40,25,24,6,0
casual_2951,239.7059,97.3881,124.6642,29.5289,1.0000,10,0.0000,454.9967,549.0561,0.8335,0.0160,2.7364,0.2000,0.2080,0.7902,0.2393,1.3160,0.1754,0.0000,0.6874,0.1980,81,14,3,12,0
skilled_0885,36.0084,167.2333,53.1010,22.4473,8.8736,41,0.0401,399.4535,615.1804,0.4514,0.0042,2.2851,0.2867,0.0541,0.2662,0.1098,1.4688,0.3150,0.0000,3.1096,1.8101,190,59,13,5,0
casual_0324,259.1113,127.5506,100.6173,25.2694,14.0939,9,0.0296,362.8510,531.2026,0.2518,0.0195,2.1248,0.7521,0.1248,0.4560,0.2726,0.5609,0.1914,0.0000,1.5769,1.4795,30,5,8,16,0
skilled_0977,78.3367,109.0053,131.3521,10.6095,14.7779,46,0.0366,402.2329,603.0455,0.5999,0.0277,2.4685,0.1200,0.0556,0.2163,0.0723,1.5645,0.2531,0.0000,3.9411,2.7136,153,38,4,1,0
skilled_0576,86.0417,161.7238,97.6075,24.2270,6.0550,31,0.0344,391.0252,612.8103,0.4222,0.0061,3.2327,0.2907,0.1462,0.3824,0.2545,0.8510,0.2649,0.0000,1.8902,2.3692,147,38,16,4,0
casual_2211,152.9451,11.1368,35.6441,13.2223,12.7531,20,0.0099,311.7201,559.4423,0.1464,0.0072,2.0245,0.7093,0.0872,0.5467,0.1230,0.3205,0.1607,0.0000,0.9463,1.0213,66,10,5,13,0
skilled_0298,120.6491,59.5441,89.4395,13.8264,12.1479,26,0.0287,363.0827,575.3623,0.4909,0.0055,3.0402,0.2540,0.0649,0.2605,0.1311,1.0774,0.4645,0.0000,2.3546,2.0476,105,48,12,8,0
skilled_0035,81.6798,90.6764,105.8517,3.2228,6.6455,41,0.0330,408.7752,618.8253,0.2317,0.0133,2.4974,0.2253,0.1295,0.3976,0.2192,1.7229,0.4659,0.0000,0.4283,2.3525,168,78,9,4,0
casual_1498,123.8719,12.0620,167.5592,18.0070,14.7289,22,0.0411,474.4029,538.7952,0.5959,0.0114,2.3028,0.4710,0.1458,0.4791,0.1246,1.4828,0.0459,0.0000,1.6844,0.5977,129,5,1,17,0
casual_1502,130.1463,99.6756,20.0000,11.9598,1.5567,53,0.0287,301.7603,585.3151,0.6315,0.0297,1.3477,0.8396,0.1069,0.6666,0.3163,1.6820,0.2270,0.0000,1.9394,0.1579,146,33,4,12,0
casual_1006,278.9002,121.8159,95.4518,4.9032,2.6787,9,0.0098,324.0998,555.9406,0.4523,0.0099,1.6553,0.7166,0.1837,0.6719,0.2860,0.8331,0.2547,0.0000,1.9998,1.4552,46,11,6,3,0
skilled_1179,211.7734,91.2754,79.7287,3.6255,1.0000,14,0.0118,407.6054,566.6953,0.0500,0.0152,2.2819,0.4090,0.0948,0.6140,0.0998,1.3465,0.4213,0.0000,2.3664,1.1799,57,24,12,1,0
skilled_0013,276.0519,109.7139,91.1822,6.0793,5.2267,50,0.0197,473.6747,560.6889,0.4067,0.0091,2.4793,0.3201,0.1188,0.1820,0.1155,1.2002,0.2650,0.0000,2.3547,0.8656,191,50,12,13,0
skilled_0516,189.2249,97.9893,71.3618,9.0834,7.8104,34,0.0080,389.9665,601.7334,0.3635,0.0210,2.9778,0.3802,0.1472,0.4677,0.2442,1.5481,0.5956,0.0000,2.6745,1.2005,90,53,18,9,0
casual_1467,91.7343,68.3031,109.2073,3.8664,1.3705,22,0.0246,348.3552,518.4290,0.5027,0.0098,2.2446,0.4395,0.1455,0.5221,0.1074,1.1359,0.2802,0.0000,1.4379,1.0045,136,38,0,17,0
casual_1225,270.3713,106.8348,106.8619,16.9685,12.5089,4,0.0305,413.5253,617.9777,0.2599,0.0063,1.6296,0.4791,0.1498,0.5929,0.2891,0.1140,0.1112,0.0000,0.7878,0.2020,27,3,8,1,0
skilled_0167,67.6715,92.6949,86.7394,13.3064,8.4021,29,0.0324,448.6227,572.1811,0.5527,0.0070,3.0946,0.4154,0.0744,0.5631,0.0902,0.9726,0.1669,0.0000,2.3578,1.4720,115,19,15,12,0
casual_2267,167.0728,78.8321,118.4043,14.2016,7.3272,10,0.0093,493.2624,529.2039,0.4790,0.0064,2.1661,0.5159,0.1600,0.5554,0.1070,1.1504,0.1593,0.0000,0.3543,0.5666,60,9,10,15,0
skilled_0808,277.1289,76.5038,74.3907,12.9838,6.1411,47,0.0274,366.6127,583.9052,0.6044,0.0146,1.9002,0.2961,0.0300,0.9393,0.0611,1.2605,0.3395,0.0000,1.7960,1.0148,155,52,4,7,0
casual_1216,114.9824,10.0000,121.7460,22.0522,22.3230,9,0.0000,509.8286,550.9719,0.3377,0.0190,2.7491,0.6422,0.2311,0.7099,0.2166,0.2203,0.2742,0.0000,1.0480,0.2074,45,12,1,1,0
skilled_0976,166.1369,69.3993,57.8253,9.0903,4.1056,55,0.0302,565.4772,592.4433,0.6264,0.0114,3.0458,0.3857,0.0805,0.3447,0.2371,0.8068,0.4765,0.0000,2.7432,0.7020,195,92,12,7,0
esport_0334,251.1253,50.0000,54.4277,6.1099,7.1371,30,0.0000,459.7020,624.3531,0.6425,0.0592,3.0527,0.1820,0.0938,0.5946,0.1930,1.3174,0.7142,0.0000,4.3297,5.1123,104,74,7,2,0
casual_0420,207.1926,41.7999,71.0190,19.3127,13.8423,40,0.0084,370.5517,520.2258,0.2719,0.0400,1.3771,0.5430,0.0638,0.5676,0.1336,1.7788,0.1381,0.0000,1.0061,1.0259,175,24,3,5,0
skilled_0422,53.2156,92.1197,78.2329,4.1396,5.3119,38,0.0157,488.5171,569.7167,0.5487,0.0056,2.7851,0.2476,0.0423,0.3890,0.1919,1.5507,0.4330,0.0000,2.1174,0.1000,134,58,16,3,0
casual_0006,235.5077,43.7246,130.5531,7.4339,21.3635,45,0.0000,562.0758,557.3361,0.3570,0.0065,2.6931,0.4462,0.1491,0.1826,0.1841,1.3455,0.1351,0.0000,1.5733,0.2351,160,21,5,2,0
casual_0932,139.3108,31.7606,124.0587,19.0563,8.0610,28,0.0349,503.7266,585.0753,0.0368,0.0117,2.9394,0.5833,0.1743,0.5130,0.2159,0.8948,0.3055,0.0000,0.0000,0.0500,104,31,5,14,0
casual_1691,276.5515,134.3826,58.4057,4.8053,17.1013,12,0.0057,442.9724,620.0000,0.3231,0.0044,2.1598,0.3172,0.1256,0.3289,0.1431,1.7973,0.2654,0.0000,1.3252,0.9131,69,18,3,13,0
casual_0439,200.1032,18.2977,77.4781,15.6560,15.2059,15,0.0130,339.5936,555.4781,0.1992,0.0089,1.7076,0.6994,0.2379,0.8832,0.3067,1.2118,0.2764,0.0000,1.2272,0.5304,93,25,3,12,0
casual_1313,31.2471,77.5370,34.3781,18.2748,13.3614,22,0.0108,486.6486,537.3601,0.2821,0.0006,1.3692,0.5612,0.1537,0.5887,0.1815,1.2259,0.2600,0.0000,0.0477,1.1660,147,38,5,13,0
casual_0678,66.2791,43.2077,45.9150,23.9735,7.7486,48,0.0309,236.0687,539.7997,0.1113,0.0156,3.5000,0.6751,0.0623,1.1464,0.1987,0.9108,0.1434,0.0000,0.3263,0.4109,153,21,5,12,0
casual_1943,77.7001,102.7939,79.4333,13.3797,20.0291,3,0.0197,500.1826,497.3069,0.4404,0.0039,1.9030,0.4193,0.2590,0.7658,0.3152,0.5114,0.1366,0.0000,1.6601,0.5269,20,2,5,5,0
esport_0360,229.0139,125.3768,67.0346,1.8394,7.5491,23,0.0600,464.9880,620.1066,0.4111,0.0021,3.2358,0.1796,0.0756,0.4293,0.1073,1.9335,0.4375,0.0000,2.8719,3.9304,97,42,26,7,0
skilled_0303,57.8054,68.1081,46.5481,13.1725,4.1339,38,0.0126,460.7301,573.1422,0.3906,0.0407,2.2107,0.2465,0.1710,0.6584,0.1919,1.5459,0.4602,0.0000,1.2723,2.4391,116,53,12,8,0
casual_2268,225.3265,53.2584,20.0000,14.1370,7.9337,23,0.0101,403.3781,543.3812,0.3636,0.0001,2.7517,0.6733,0.1387,0.8492,0.0455,1.4840,0.1543,0.0000,2.2121,0.9661,98,15,11,14,0
esport_0383,265.1115,111.5610,92.6563,3.3467,3.0835,18,0.0520,483.1013,601.1678,0.9014,0.0070,2.5041,0.0934,0.0558,0.3769,0.1830,1.4024,0.6337,0.0000,4.7595,2.5459,52,32,15,8,0
skilled_1080,81.2357,111.9474,80.5614,5.4219,8.9417,20,0.0161,289.5011,620.0000,0.3459,0.0028,2.4525,0.2490,0.0826,0.6561,0.1601,0.8643,0.1164,0.0000,1.8350,2.1678,83,9,18,6,0
casual_2518,178.1258,39.5379,74.5238,10.2305,8.1229,3,0.0090,214.0692,474.8516,0.4878,0.0185,1.7444,0.5859,0.1689,0.7139,0.2163,0.9571,0.2370,0.0000,0.6131,0.1053,13,3,3,17,0
casual_2439,234.1526,67.7029,106.3684,6.1747,13.9510,27,0.0152,312.3889,549.0849,0.3506,0.0008,2.3271,0.6342,0.0999,0.4140,0.1990,1.2364,0.2517,0.0000,1.2162,0.7660,126,31,11,11,0
skilled_1037,205.8744,82.7643,71.4564,14.7380,1.0000,11,0.0250,464.4249,598.4698,0.4747,0.0304,3.2424,0.3515,0.0608,0.6338,0.1412,1.6978,0.2407,0.0000,2.2625,1.6703,30,7,19,3,0
casual_1893,35.7121,54.1583,133.6581,27.5325,6.8534,35,0.0140,360.2754,573.2678,0.3413,0.0025,3.0327,0.5020,0.1936,0.9412,0.2308,0.5798,0.2029,0.0000,0.8815,1.0864,179,36,1,13,0
skilled_1244,57.2324,80.6352,75.5288,9.6192,4.7474,26,0.0000,359.7430,620.0000,0.3019,0.0060,3.0059,0.3463,0.0300,0.5092,0.0973,1.4790,0.3590,0.0000,2.0805,1.2261,82,29,19,7,0
aimbot_0079,148.3292,185.8890,7.2155,0.0000,1.8879,45,0.1235,409.6246,601.5201,0.4171,0.0149,2.2445,0.0703,0.0094,0.3186,0.0736,2.1367,0.7556,0.0000,6.8172,5.6437,64,48,26,5,1
casual_2640,223.4881,91.7419,49.4211,40.9847,4.4118,46,0.0121,339.7556,491.6648,0.3136,0.0005,2.3931,0.3687,0.1965,0.8204,0.1831,0.6938,0.1871,0.0000,1.8942,1.2202,166,31,1,12,0
casual_0194,71.3868,84.4512,124.5527,17.7047,12.8522,12,0.0096,285.7777,492.7542,0.3077,0.0142,2.7993,0.4826,0.0400,0.6221,0.1127,1.0761,0.2451,0.0000,0.9252,0.4719,136,33,2,12,0
casual_1474,170.2784,78.5672,70.8725,19.2828,14.2587,19,0.0046,507.6772,541.2375,0.3992,0.0345,2.5367,0.7257,0.1528,0.3186,0.1902,0.9826,0.2281,0.0000,1.4886,1.0600,145,33,8,10,0
esport_0366,116.5296,154.1611,90.7441,4.3038,2.6203,27,0.0536,420.2694,567.8701,0.4513,0.0149,2.6722,0.1817,0.0397,0.1584,0.0344,1.9279,0.6609,0.0000,2.8813,2.4562,66,43,15,3,0
casual_1211,253.1851,119.7010,89.4519,18.9699,6.3873,24,0.0378,434.7590,613.6281,0.5247,0.0005,1.7796,0.5958,0.1641,0.7362,0.2998,0.8720,0.1935,0.0000,0.1528,0.7761,114,22,1,14,0
casual_2438,148.0246,80.7488,76.4211,9.5926,24.6711,5,0.0000,258.8771,614.3481,0.4727,0.0058,2.4429,0.6328,0.2164,0.9827,0.2750,1.2616,0.1613,0.0000,1.5320,0.1654,25,4,9,4,0
casual_1657,258.6012,99.6981,52.1508,2.0836,12.2165,4,0.0019,420.8480,570.9642,0.6478,0.0159,2.4846,0.2947,0.1269,0.6841,0.2790,1.3299,0.2068,0.0000,0.0000,1.3812,15,3,8,15,0
casual_2700,215.9631,102.8300,152.3926,19.5928,14.5877,5,0.0178,323.4752,570.8629,0.1885,0.0028,1.7953,0.6225,0.1718,0.2718,0.2896,1.2027,0.1315,0.0000,0.1633,1.6006,39,5,8,2,0
skilled_0082,264.8719,85.8957,42.6064,15.2133,2.5622,39,0.0183,404.2458,541.3335,0.2848,0.0067,1.7360,0.1804,0.0300,0.2212,0.2239,1.4781,0.3928,0.0000,2.7853,0.8710,137,53,8,12,0
casual_2705,156.4694,82.7360,112.5370,24.4413,15.9641,23,0.0116,234.4901,552.4623,0.4858,0.0021,2.9840,0.5057,0.1158,0.2111,0.3155,0.8806,0.1151,0.0000,1.3104,0.1584,97,11,5,4,0
skilled_1226,271.9177,83.4075,95.4690,16.0226,4.9261,19,0.0241,390.9492,620.0000,0.5484,0.0155,2.5301,0.3784,0.0359,0.1000,0.1978,1.4435,0.3305,0.0000,1.7036,1.1410,62,20,19,13,0
casual_2842,148.3244,81.1094,20.0000,7.7624,18.6001,9,0.0000,339.8653,471.5907,0.4230,0.0380,2.6633,0.9297,0.1325,0.8705,0.1400,1.2281,0.3658,0.0000,1.1987,0.4056,55,20,7,8,0
casual_2302,157.3429,61.6461,85.1927,15.2758,15.2237,6,0.0052,311.1570,595.8187,0.2737,0.0036,2.4969,0.4001,0.1864,0.7640,0.1922,0.9838,0.1092,0.0000,1.6488,0.3753,25,2,5,6,0
casual_1130,299.8439,48.0057,87.3405,21.7801,9.0980,8,0.0167,370.3229,596.2936,0.4190,0.0028,2.5429,0.8732,0.1234,0.6213,0.3524,1.2582,0.0636,0.0000,0.3348,1.3412,95,6,9,11,0
casual_1461,175.9287,29.3335,32.8823,22.8334,12.2204,11,0.0025,370.1381,573.2779,0.3653,0.0056,2.3246,0.4749,0.1787,0.7044,0.1971,0.4031,0.2186,0.0000,1.5540,0.8573,126,27,10,13,0
casual_0276,115.8576,50.8079,68.9312,14.0148,6.4044,5,0.0201,287.2312,506.7316,0.2380,0.0007,2.1559,0.4359,0.1690,0.8794,0.4064,1.2534,0.1448,0.0000,1.0940,0.8008,39,5,2,11,0
casual_2222,142.3637,39.3530,49.0693,19.1836,23.7474,39,0.0070,340.0513,499.5533,0.2400,0.0013,2.3670,0.7269,0.0400,0.5266,0.0660,1.2433,0.1669,0.0000,2.3615,1.2301,120,20,10,11,0
casual_2331,131.7185,35.5372,101.7815,16.7963,18.5560,28,0.0126,159.6415,618.7663,0.5042,0.0278,1.9951,0.4000,0.1527,0.8787,0.3089,1.1434,0.1811,0.0000,0.7042,1.3443,162,29,5,3,0
esport_0072,223.4727,143.8221,48.8603,7.4682,0.5000,52,0.0279,571.5263,614.6990,0.5165,0.0176,2.7566,0.1489,0.0599,0.3093,0.1550,2.1618,0.3824,0.0000,3.7127,4.2078,145,55,32,5,0
casual_1302,233.9957,90.9855,158.5249,10.6696,7.2555,24,0.0159,328.5211,548.6758,0.3827,0.0060,2.4372,0.2534,0.0791,0.6376,0.2035,1.3731,0.3777,0.0000,1.2881,0.3721,134,50,11,8,0
casual_2517,91.2086,63.0116,153.2828,36.7021,12.8076,11,0.0107,341.5381,504.6517,0.2003,0.0034,2.2855,0.5945,0.1724,0.8069,0.2942,0.5721,0.2060,0.0000,0.1241,0.2244,50,10,7,13,0
casual_0222,208.9733,42.8234,204.6889,19.8074,19.6324,19,0.0258,325.9012,454.8681,0.5770,0.0121,1.1835,0.4929,0.1187,0.8912,0.2079,1.0018,0.2880,0.0000,0.9735,1.4697,100,28,9,6,0
casual_2036,284.4491,81.8857,179.6108,35.4838,1.0000,3,0.0000,246.3180,620.0000,0.5947,0.0128,2.2849,0.8578,0.1403,0.7197,0.1277,0.4188,0.2284,0.0000,1.4477,0.8529,18,4,5,12,0
casual_1924,90.5923,47.4688,100.6701,23.8614,3.9954,7,0.0321,359.3814,519.4408,0.6788,0.0076,2.6318,0.5292,0.1992,0.5442,0.2269,0.5307,0.1946,0.0000,0.3109,1.7644,63,12,3,1,0
casual_0573,237.5294,63.6569,72.0382,15.4347,9.0824,3,0.0296,326.2497,547.5806,0.1168,0.0060,1.7987,0.6052,0.0432,0.6231,0.2108,1.1448,0.0722,0.0000,1.3919,0.5486,19,1,4,6,0
casual_1236,85.8860,87.6278,189.5361,14.9071,21.4364,48,0.0177,130.7105,557.2817,0.4403,0.0103,2.9421,0.2582,0.1319,0.2044,0.2493,0.6924,0.2136,0.0000,1.4353,0.7377,172,36,3,12,0
skilled_0544,256.8509,95.4926,133.7188,4.7205,10.8293,7,0.0210,426.1988,568.7760,0.3295,0.0125,2.4674,0.4025,0.0482,0.4260,0.1190,1.7014,0.3039,0.0000,3.1013,1.3450,28,8,17,11,0
casual_2133,280.7021,10.0000,121.2832,13.3463,13.8539,29,0.0179,418.6785,620.0000,0.6245,0.0145,2.8418,0.5139,0.1113,0.3795,0.1180,0.7674,0.1627,0.0000,1.4018,0.2921,147,23,11,1,0
casual_1334,290.1666,81.9927,130.7975,21.9757,15.2941,11,0.0294,328.8484,477.2030,0.4397,0.0010,2.5426,0.2000,0.1463,0.8471,0.1577,1.3234,0.3435,0.0000,0.9776,0.0500,49,16,11,4,0
casual_2457,57.3222,126.1543,81.9996,19.2729,9.9700,28,0.0106,556.1280,620.0000,0.4620,0.0330,2.3053,0.2431,0.1499,0.8200,0.3903,1.1348,0.2939,0.0000,1.8116,0.1700,135,39,10,2,0
casual_0418,83.5151,84.7113,59.1576,21.7372,10.3669,28,0.0133,311.5856,620.0000,0.5105,0.0103,1.4058,0.5442,0.1099,0.7896,0.2506,1.1612,0.2179,0.0000,0.1383,0.5101,118,25,10,17,0
speed_0064,162.5801,109.3678,131.4199,5.9984,8.8921,9,0.0360,866.7035,1812.0456,0.5295,0.6123,2.6183,0.1400,0.1050,0.3767,0.3316,1.1072,0.3543,0.0000,2.9583,4.2605,83,29,24,5,1
casual_1104,67.3488,69.3841,58.9994,11.6671,7.0923,31,0.0257,266.3450,514.8789,0.2026,0.0009,2.3475,0.5286,0.1524,0.7680,0.2447,1.2426,0.1900,0.0000,1.4349,0.4969,135,25,3,12,0
casual_0257,58.4251,20.2282,91.4200,13.1031,19.8315,14,0.0000,402.8819,400.5927,0.3838,0.0062,2.9835,0.4827,0.1792,0.7469,0.3086,0.6967,0.1608,0.0000,1.5868,0.8800,52,8,1,6,0
casual_0295,273.7163,91.5455,66.8574,7.6502,6.3992,5,0.0357,396.5753,537.5537,0.6250,0.0174,3.0238,0.3778,0.1024,0.3817,0.2316,1.2653,0.4002,0.0000,1.6244,0.7624,38,15,0,11,0
casual_2361,43.9724,73.5848,130.3297,29.7695,12.8320,9,0.0119,312.4485,585.6864,0.0674,0.0006,1.9163,0.5122,0.0487,0.8114,0.1147,0.5162,0.1320,0.0000,1.2631,0.5801,38,5,8,4,0
casual_0386,223.7953,97.0862,148.8482,2.0000,19.1919,13,0.0000,368.0497,620.0000,0.4339,0.0035,2.9888,0.7433,0.0964,0.5613,0.0680,1.3210,0.2021,0.0000,1.4567,0.0500,60,12,0,5,0
skilled_0308,153.5589,72.9490,45.5906,9.6232,7.9950,22,0.0127,588.4109,620.0000,0.4031,0.0006,2.0709,0.3497,0.1566,0.4498,0.1629,0.4646,0.2863,0.0000,0.9385,1.9126,74,21,16,7,0
skilled_1013,227.2855,109.5122,71.3606,12.3673,2.8227,36,0.0236,432.6366,589.1009,0.7506,0.0115,2.3327,0.2706,0.0687,0.7570,0.1412,0.8472,0.2162,0.0000,3.1727,1.2603,187,40,2,4,0
casual_2231,206.9740,38.3189,209.3354,4.2059,11.1673,17,0.0224,469.1204,541.3258,0.5663,0.0082,2.6377,0.8217,0.1904,0.6680,0.2354,1.1051,0.0200,0.0000,0.7963,0.5357,64,1,0,11,0
casual_2554,107.0097,45.3642,82.4932,21.0952,15.2741,20,0.0068,381.8548,605.0138,0.2940,0.0011,2.9914,0.5739,0.2368,0.4418,0.1160,0.9801,0.2200,0.0000,0.0000,0.7671,152,33,6,5,0
esport_0085,159.8150,117.7937,33.0420,8.1169,0.5000,65,0.0484,592.9923,604.3729,0.5306,0.0099,2.3135,0.1647,0.0242,0.4343,0.1148,0.8120,0.6029,0.0000,4.8909,4.3356,146,88,10,9,0
skilled_0515,42.2723,101.3071,89.4999,6.0771,1.0000,8,0.0245,464.6580,603.6068,0.4175,0.0053,2.7307,0.1200,0.1838,0.4968,0.0395,1.2922,0.2389,0.0000,3.5888,1.5128,22,5,16,9,0
casual_1839,228.0359,58.0823,87.9181,31.4595,23.5016,29,0.0312,536.2061,562.7739,0.4813,0.0085,3.3360,0.3516,0.1557,0.5446,0.2615,0.6732,0.1995,0.0000,1.0180,0.4974,179,35,0,9,0
esport_0134,264.3256,224.8333,51.8784,2.8648,3.2999,98,0.0432,413.0836,599.0057,0.4713,0.0025,2.4973,0.1143,0.0824,0.3844,0.1571,2.0783,0.3569,0.0000,1.5155,4.5692,185,66,31,6,0
casual_1563,275.3242,53.2515,86.4719,15.0764,15.1631,6,0.0170,401.1668,620.0000,0.2200,0.0012,3.0238,0.7035,0.1741,0.7822,0.2830,0.6470,0.2518,0.0000,1.6336,1.3881,23,5,8,8,0
casual_2015,170.9066,69.1147,79.3192,2.0000,12.8961,36,0.0122,376.1936,484.2363,0.2442,0.0019,2.5865,0.8526,0.1493,0.1500,0.0300,0.1645,0.0200,0.0000,1.0995,0.5510,169,3,2,10,0
casual_1400,150.1543,105.7540,198.6448,25.5390,21.5171,36,0.0534,421.3424,533.4575,0.2750,0.0039,2.8092,0.6503,0.1088,0.6217,0.1302,0.7877,0.1616,0.0000,1.4887,1.2140,173,27,9,13,0
casual_0712,249.9524,18.2942,100.9825,7.8254,10.0480,10,0.0402,420.7494,585.1510,0.4450,0.0010,2.3925,0.3730,0.1174,1.0313,0.1127,1.7582,0.2639,0.0000,0.9099,0.5243,56,14,11,17,0
casual_2420,63.4378,41.0562,36.6197,27.7238,9.0009,4,0.0256,348.6757,620.0000,0.5338,0.0188,2.5810,0.6704,0.1449,0.8070,0.2310,0.8023,0.2320,0.0000,0.4441,1.0750,50,11,6,3,0
casual_2619,273.5804,89.6185,84.7255,15.1808,12.6016,3,0.0336,560.4034,620.0000,0.0200,0.0127,3.2262,0.2000,0.1256,0.6099,0.3635,0.8606,0.1355,0.0000,2.4890,0.3437,23,3,9,7,0
casual_0209,166.7091,62.0365,198.1003,2.0000,6.0406,12,0.0252,283.3232,499.9984,0.2089,0.0032,2.6288,0.5540,0.1578,0.7021,0.3580,1.0920,0.1280,0.0000,0.7470,1.0098,139,17,10,17,0
trigger_0019,259.0516,153.0077,30.4560,3.8352,2.6571,20,0.0192,371.4111,553.8883,0.5833,0.0094,3.2812,0.0869,0.0024,0.3936,0.0061,1.7521,0.6398,0.0000,4.0012,2.2991,32,20,30,7,1
casual_1289,183.3422,184.4859,128.8443,9.5160,16.4723,11,0.0201,399.4541,585.2254,0.4477,0.0012,2.6810,0.2961,0.1174,0.8751,0.1822,0.9546,0.0593,0.0000,1.0387,1.4332,62,3,11,9,0
casual_0449,196.4034,135.7433,136.3856,20.4602,13.0064,14,0.0191,359.4719,561.0636,0.4252,0.0212,1.5665,0.6621,0.1055,1.0934,0.0300,0.5419,0.2582,0.0000,2.3213,0.9847,105,27,8,15,0
skilled_1091,162.2302,135.3938,92.7555,6.5087,9.8575,6,0.0153,494.8266,557.8936,0.1558,0.0079,1.8163,0.3775,0.1335,0.3157,0.1151,1.6873,0.3269,0.0000,2.1911,1.7142,31,10,18,8,0
casual_2569,298.7999,31.8269,62.3246,17.1197,13.6075,14,0.0324,324.4007,585.8767,0.0200,0.0062,2.6642,0.5707,0.0400,1.0515,0.2887,1.3025,0.0647,0.0000,1.8239,0.2975,45,2,3,15,0
casual_1820,280.5521,19.9676,99.3388,6.7606,19.4956,12,0.0206,496.5640,608.0080,0.4266,0.0130,2.9002,0.4894,0.1545,0.5452,0.1941,0.7164,0.2468,0.0000,1.1016,0.9303,60,14,5,15,0
casual_0958,162.4641,20.5269,81.2759,20.5483,10.3907,18,0.0106,301.9060,520.1723,0.4056,0.0031,2.5276,0.4990,0.2164,0.3794,0.2561,1.2418,0.1365,0.0000,1.3539,0.6953,85,11,1,8,0
casual_1793,216.0034,58.7462,89.1245,19.7052,23.1794,9,0.0204,360.4837,579.2148,0.5426,0.0031,2.3721,0.6238,0.1111,0.4278,0.0356,1.2695,0.1035,0.0000,1.9138,1.4865,56,5,7,11,0
aimbot_0036,134.5676,151.5906,9.6800,0.1680,1.5794,85,0.0551,259.4382,564.9089,0.2019,0.0001,2.8520,0.1136,0.0092,0.2812,0.0600,2.4814,0.6390,0.0000,5.8322,6.8609,130,83,38,1,1
casual_0654,260.2509,77.1122,114.2603,17.4650,24.7445,39,0.0283,288.7251,573.9622,0.4449,0.0103,2.6008,0.7381,0.1234,0.3201,0.4025,0.5245,0.2046,0.0000,0.9187,1.2960,145,29,2,9,0
casual_2407,110.3012,76.5826,156.4412,10.0842,17.2076,15,0.0069,388.7301,519.5485,0.2328,0.0034,2.0110,0.4326,0.1742,0.8059,0.3099,0.5911,0.0967,0.0000,0.6732,0.2047,75,7,11,2,0
skilled_0852,40.4755,87.1374,109.0650,9.2349,5.3037,27,0.0000,495.1664,608.3756,0.3415,0.0461,2.4524,0.2025,0.0966,0.4154,0.1422,1.7566,0.2716,0.0000,2.8006,1.7109,84,22,7,1,0
casual_1995,233.5181,122.3497,20.0000,18.3408,11.1351,26,0.0133,434.4861,502.3194,0.6294,0.0024,2.5369,0.6048,0.1455,0.1500,0.2188,0.9825,0.1177,0.0000,0.4369,0.5310,130,15,5,4,0
casual_1760,119.6840,43.9908,137.0965,31.6554,11.3438,10,0.0214,465.1289,572.0387,0.3543,0.0019,2.5016,0.7448,0.3058,0.5701,0.2271,0.5305,0.0200,0.0000,1.4441,0.5971,79,1,11,1,0
casual_2354,145.0859,43.2044,138.1171,22.8932,10.8704,14,0.0199,277.9907,595.1219,0.3908,0.0014,1.9456,0.3230,0.1751,0.8338,0.3704,0.8349,0.3198,0.0000,0.6559,0.5318,91,29,4,13,0
casual_2741,257.9903,58.5150,94.0718,16.7701,11.5700,15,0.0000,375.0117,482.6982,0.2614,0.0198,1.8974,0.5204,0.1807,0.8617,0.3184,0.3709,0.2895,0.0000,0.6099,1.3931,104,30,10,10,0
casual_2617,262.4393,95.1518,110.3429,31.1276,9.7051,3,0.0253,311.2266,546.7125,0.2413,0.0137,1.7030,0.4633,0.1254,0.3695,0.1902,1.0270,0.1777,0.0000,2.5019,0.7229,23,4,0,16,0
casual_0411,205.5338,18.6108,50.7311,13.7648,1.0000,7,0.0042,304.8760,443.4352,0.2660,0.0070,3.5000,0.7156,0.0400,0.7973,0.1395,1.0371,0.2078,0.0000,0.9764,1.1826,32,6,9,2,0
casual_1774,202.3862,57.7995,41.8767,11.9272,14.0544,8,0.0209,259.9806,620.0000,0.3408,0.0024,2.2656,0.4679,0.0691,0.5065,0.0786,1.3848,0.1477,0.0000,0.9373,0.5120,65,9,9,10,0
skilled_0978,245.7349,62.3909,66.4570,5.4613,12.9846,28,0.0173,397.8285,620.0000,0.5635,0.0114,2.4704,0.4467,0.1841,0.6358,0.0796,0.4576,0.4659,0.0000,1.4666,1.0245,93,43,4,13,0
casual_2186,250.9214,92.8895,137.7635,20.1896,14.3944,9,0.0065,167.0210,584.2748,0.0422,0.0015,1.5423,0.6416,0.0573,0.5398,0.2305,0.5859,0.0351,0.0000,0.5858,0.3814,34,1,6,16,0
casual_2379,217.3420,87.2176,146.3475,12.2976,14.0981,14,0.0185,446.4240,543.6760,0.4440,0.0039,2.3779,0.3800,0.1767,0.4481,0.2201,0.3825,0.1982,0.0000,0.7701,0.8606,81,16,1,15,0
skilled_0963,77.4085,105.2477,146.6371,8.5405,9.8571,36,0.0536,339.7792,617.4478,0.3686,0.0136,2.7354,0.3532,0.0860,0.4613,0.0857,1.3223,0.5612,0.0000,2.6823,1.2931,109,61,14,6,0
esport_0061,65.0816,70.4310,62.2995,1.5625,4.1898,28,0.0465,403.5239,582.8913,0.5173,0.0080,2.6616,0.1684,0.0626,0.5688,0.1528,2.0431,0.5573,0.0000,3.9007,3.0438,114,63,24,2,0
aimbot_0024,127.0472,139.6993,17.9770,1.2788,1.1656,28,0.0750,457.1722,557.5459,0.3680,0.0020,2.7288,0.0386,0.0112,0.5014,0.1268,2.4757,0.9625,0.0000,5.2437,5.1097,37,35,17,5,1
skilled_0702,238.8423,97.6419,85.1591,6.4410,6.8199,24,0.0078,527.7173,584.0246,0.3696,0.0011,2.6375,0.3151,0.0822,0.5654,0.1549,1.0898,0.3746,0.0000,3.4106,2.5280,197,73,16,5,0
skilled_0972,34.4731,57.7354,123.0194,8.1088,7.2804,50,0.0000,456.8031,620.0000,0.3799,0.0109,1.9078,0.3553,0.1204,0.5722,0.1995,0.9294,0.3296,0.0000,0.2000,1.5607,183,60,14,4,0
aimbot_0015,86.5381,128.6772,19.8711,2.6833,2.0201,105,0.0713,437.5121,536.4461,0.2115,0.0036,2.0324,0.0683,0.0168,0.4641,0.0646,2.0637,0.8475,0.0000,6.9129,6.1851,152,128,13,2,1
skilled_0558,139.3962,144.7482,69.8373,8.7857,5.4141,50,0.0272,316.5176,612.5119,0.6029,0.0198,2.8437,0.3090,0.1013,0.3736,0.2325,1.0456,0.2759,0.0000,1.8329,0.2467,132,36,6,12,0
skilled_1110,105.6110,116.5716,57.2375,6.6529,11.9048,56,0.0000,497.0679,597.3012,0.2777,0.0006,2.6182,0.2722,0.0636,0.4664,0.2135,1.2740,0.4402,0.0000,2.0321,2.6286,192,84,14,9,0
skilled_0497,37.9204,101.0547,56.5421,18.3005,3.9531,34,0.0144,289.1877,620.0000,0.4614,0.0194,2.5538,0.1847,0.1435,0.8246,0.1566,2.2254,0.5582,0.0000,3.2880,1.3775,123,68,8,8,0
skilled_0765,111.0840,74.8320,89.6976,11.9740,7.8234,25,0.0273,259.1692,601.8303,0.4262,0.0500,2.0359,0.2652,0.0886,0.4213,0.1075,1.7730,0.2625,0.0000,0.3878,2.2180,84,22,5,4,0
casual_0430,280.5048,37.5087,101.7353,12.0365,15.8792,29,0.0290,401.8049,490.2404,0.2703,0.0004,2.1229,0.9365,0.1120,0.8132,0.1523,0.4500,0.1839,0.0000,1.1030,0.8974,160,29,10,14,0
esport_0234,112.5157,106.0341,73.1470,3.1981,0.5739,69,0.0637,421.8849,614.6764,1.1206,0.0071,2.9870,0.2226,0.0739,0.5928,0.1628,1.0975,0.4680,0.0000,7.9759,3.5439,177,82,9,3,0
casual_2321,48.0841,97.4817,89.8880,20.9735,13.3683,24,0.0184,433.7946,595.6507,0.1767,0.0049,3.1566,0.8567,0.1939,0.2980,0.2645,0.7174,0.2047,0.0000,1.0549,0.2498,175,35,10,2,0
casual_1366,87.8681,63.4133,103.5632,15.8307,8.6989,10,0.0248,376.9020,563.6296,0.6034,0.0038,2.8975,0.4813,0.1408,0.5003,0.2802,0.9143,0.1411,0.0000,1.5329,0.9156,79,11,7,7,0
casual_1992,121.7287,109.2896,20.1139,23.6868,15.0692,19,0.0386,406.2122,607.7801,0.3269,0.0032,2.1959,0.6492,0.2498,0.3516,0.2193,0.1000,0.2436,0.0000,0.8085,0.2436,82,19,4,5,0
casual_2851,146.4559,68.0422,83.8187,13.8457,17.8861,2,0.0361,438.4651,526.0372,0.2992,0.0084,1.6678,0.6097,0.0792,0.7396,0.3690,0.8854,0.0931,0.0000,0.6237,1.1606,13,1,0,14,0
casual_1176,155.4635,71.0442,128.0640,23.4409,16.1221,46,0.0289,418.8225,549.7530,0.6257,0.0157,2.1549,0.2957,0.0400,0.7712,0.1626,1.1050,0.1793,0.0000,1.5057,0.7749,160,28,3,1,0
skilled_0528,237.5693,127.0215,87.5655,11.8747,6.8097,18,0.0251,360.6718,607.4188,0.2857,0.0177,2.6081,0.2910,0.1767,0.5046,0.1955,1.3528,0.1959,0.0000,1.4084,2.3661,61,11,13,3,0
casual_1476,147.9002,10.5832,112.0460,20.7151,16.9360,15,0.0067,270.2840,522.7383,0.4515,0.0007,2.6332,0.9050,0.1871,0.9300,0.0731,1.2157,0.1977,0.0000,0.3956,0.3105,148,29,5,5,0
skilled_0740,137.4135,84.4123,15.0000,8.7510,10.3611,12,0.0138,384.4535,620.0000,0.1218,0.0208,2.4259,0.2851,0.0902,0.6045,0.0766,1.4537,0.3954,0.0000,1.8387,1.4148,41,16,17,6,0
casual_2045,41.4335,109.4368,138.2048,2.0000,11.2733,8,0.0292,438.8296,574.8779,0.6582,0.0034,1.4906,0.6102,0.0400,0.4979,0.2176,1.4242,0.4864,0.0000,0.8324,0.9104,52,25,10,13,0
casual_0102,101.7849,87.0386,68.2099,33.8702,21.5358,17,0.0008,407.6595,542.6132,0.1833,0.0032,1.2405,0.2102,0.1377,0.6697,0.1593,1.3376,0.2448,0.0000,0.2643,0.9334,67,16,4,1,0
esport_0081,223.7133,98.9317,77.1532,3.7216,2.9850,37,0.0399,478.9159,625.0000,0.5137,0.0177,2.7610,0.1910,0.0717,0.3829,0.1269,2.2066,0.4948,0.0000,5.4590,3.3246,84,41,26,9,0
casual_2992,113.5767,36.4997,134.5170,39.7894,21.3419,48,0.0046,227.8745,523.3472,0.8181,0.0071,2.1073,0.8000,0.0831,0.2197,0.1353,1.3038,0.1243,0.0000,0.5076,1.3796,172,21,4,3,0
casual_1263,286.1343,79.9150,71.4709,25.8371,2.0000,14,0.0160,275.2404,462.0653,0.4419,0.0048,1.6424,0.3101,0.2093,0.8757,0.2604,0.9940,0.1038,0.0000,1.3717,1.1499,101,10,5,12,0
casual_2881,55.2629,96.9863,187.9442,19.7468,16.1323,22,0.0023,301.4777,580.0776,0.0366,0.0032,1.3419,0.4883,0.1240,0.7129,0.1997,0.5896,0.1307,0.0000,1.3292,0.8494,86,11,3,8,0
skilled_0138,211.0226,80.7825,98.8854,10.5483,4.7343,57,0.0250,398.8637,577.1142,0.2506,0.0050,2.8059,0.2766,0.1130,0.5270,0.1586,1.7992,0.3776,0.0000,1.6034,2.4611,193,72,6,7,0
skilled_0622,201.0940,103.5092,104.7259,11.4226,9.1989,14,0.0136,507.6961,620.0000,0.2147,0.0007,2.6478,0.1976,0.1040,0.6353,0.1998,0.9095,0.2478,0.0000,3.1604,2.7240,80,19,5,10,0
skilled_0203,163.2694,95.8156,98.3755,5.9929,8.0024,48,0.0195,373.6501,620.0000,0.4074,0.0143,2.4284,0.4032,0.0825,0.5378,0.0673,1.6208,0.3234,0.0000,2.2933,0.5491,190,61,17,4,0
esport_0028,234.8586,118.4116,73.2826,6.1213,2.7835,49,0.0764,378.2154,597.5521,0.5349,0.0103,2.2412,0.1930,0.0303,0.4518,0.1250,2.6255,0.5129,0.0000,2.9672,3.4831,105,53,27,1,0
skilled_0299,99.1931,128.2878,101.5167,10.7720,9.7179,27,0.0041,518.2840,613.3951,0.2753,0.0050,2.8485,0.4827,0.1167,0.2655,0.2242,1.3665,0.3904,0.0000,3.9312,2.1402,68,26,19,6,0
trigger_0068,118.1929,71.7165,14.6905,14.4953,1.6968,51,0.0258,283.8509,582.2507,0.4624,0.0055,2.6359,0.0725,0.0026,0.4010,0.0049,3.2239,0.7050,0.0000,5.8325,3.8156,91,64,24,6,1
skilled_0633,63.3329,109.2509,57.5291,6.7203,9.4919,39,0.0349,553.6914,594.4347,0.0918,0.0013,2.6908,0.3590,0.0479,0.7631,0.1346,1.7530,0.3566,0.0000,2.2561,1.1232,198,70,13,5,0
casual_1643,84.1519,38.5694,94.8882,29.4850,8.6663,7,0.0200,276.9433,620.0000,0.1001,0.0029,1.8340,0.4658,0.1907,0.4691,0.2620,1.0760,0.1541,0.0000,1.6598,0.4214,55,8,8,9,0
esport_0255,129.2159,150.8854,39.6142,6.5577,5.7290,54,0.0000,464.7998,592.4482,0.4962,0.0208,3.3620,0.1421,0.0596,0.6610,0.0634,1.6545,0.5220,0.0000,4.5447,3.9426,163,85,11,2,0
casual_0000,238.9681,106.9735,98.9953,15.0410,8.7706,34,0.0131,281.9208,618.9643,0.3285,0.0022,2.4873,0.5024,0.1811,0.3818,0.1438,1.1206,0.0200,0.0000,1.2610,0.2407,179,3,4,13,0
casual_1580,270.2727,43.7959,107.9149,10.6593,12.3763,16,0.0174,414.9449,575.1304,0.6246,0.0019,2.3263,0.3467,0.0400,0.6050,0.2216,0.6117,0.0673,0.0000,0.4748,0.6445,121,8,3,4,0
esport_0172,90.9561,93.2303,49.9897,1.2738,7.4652,63,0.0342,455.5931,601.9428,0.5324,0.0058,2.7314,0.0840,0.0453,0.4418,0.0556,2.2248,0.7237,0.0000,5.4162,3.8098,138,99,11,9,0
skilled_1116,163.1788,120.6623,101.2218,3.9866,10.9693,37,0.0021,380.7006,605.4022,0.3124,0.0009,2.8772,0.3950,0.0553,0.6234,0.2096,1.9084,0.3096,0.0000,2.0589,1.8580,156,48,18,8,0
casual_1356,170.5235,84.4847,152.5613,14.4868,16.9728,25,0.0025,508.2710,596.7058,0.5677,0.0006,2.1893,0.7795,0.1548,1.2410,0.2240,0.8926,0.2890,0.0000,1.2038,0.8315,119,34,10,11,0
skilled_1201,68.1412,110.0744,92.5439,14.8563,4.6257,21,0.0169,385.9881,568.8042,0.2438,0.0074,1.9527,0.3178,0.1979,0.3006,0.0477,1.5460,0.3059,0.0000,2.1733,1.8152,63,19,10,5,0
esport_0324,145.5603,109.4984,30.1964,9.0514,4.6462,51,0.0451,486.9078,625.0000,0.5005,0.0030,2.9853,0.1203,0.0600,0.4642,0.1960,1.4970,0.6442,0.0000,5.9217,2.9265,126,81,24,6,0
skilled_0733,251.9418,116.7147,79.0745,16.6064,1.3992,19,0.0117,357.3607,565.9739,0.7350,0.0207,2.3970,0.3057,0.0710,0.6540,0.0627,1.2723,0.3490,0.0000,1.6939,2.3581,83,28,4,8,0
casual_2025,136.3994,91.3112,133.8113,18.8908,9.2147,20,0.0224,201.7448,597.0061,0.5488,0.0041,2.4148,0.5131,0.2541,0.8034,0.1166,0.7341,0.0889,0.0000,1.3562,1.6381,58,5,10,6,0
casual_2218,285.8231,67.0834,91.1528,27.6671,1.0000,12,0.0290,409.6969,592.6510,0.4476,0.0161,1.9044,0.4803,0.1974,0.4827,0.2603,0.8269,0.2293,0.0000,0.9891,0.9139,48,11,7,1,0
casual_0396,252.8579,60.8557,111.9792,19.4108,17.4077,8,0.0152,499.4180,562.1776,0.1606,0.0200,1.4737,0.3894,0.1716,0.4802,0.1075,0.7969,0.1082,0.0000,0.9298,0.3784,33,3,9,11,0
trigger_0016,108.9061,56.9967,45.2312,7.4150,5.3528,53,0.0271,364.7705,517.7680,0.4750,0.0057,2.2235,0.1728,0.0010,0.5501,0.0028,1.6598,0.6114,0.0000,3.6792,7.6444,99,60,30,5,1
casual_1064,116.5326,61.3998,47.7889,18.7672,10.7584,19,0.0236,521.2817,620.0000,0.3539,0.0195,2.9727,0.5742,0.1426,0.5518,0.1691,0.9948,0.2369,0.0000,0.1521,0.5363,90,21,4,4,0
skilled_0080,102.7062,90.4564,91.8838,15.6511,4.7834,74,0.0175,422.5791,543.7801,0.2906,0.0170,2.5772,0.3659,0.1242,0.5509,0.0200,0.2000,0.1640,0.0000,2.6143,1.6510,199,32,8,10,0
casual_2153,245.7902,35.8457,151.7995,12.1698,12.7981,24,0.0254,443.6101,620.0000,0.4524,0.0069,2.4353,0.2035,0.2111,0.7319,0.3015,1.0881,0.2184,0.0000,1.5897,0.5243,88,19,5,5,0
casual_0818,197.8838,47.8865,92.8014,31.6718,16.2211,40,0.0071,404.4569,575.5188,0.4374,0.0047,1.9181,0.6311,0.2412,0.7258,0.2616,1.5029,0.0866,0.0000,0.0000,0.5156,154,13,5,10,0
casual_1812,230.5847,78.8357,88.6577,18.3258,9.2808,32,0.0448,319.6918,524.4441,0.4625,0.0032,2.4992,0.3332,0.2033,0.7582,0.1110,1.1333,0.2811,0.0000,1.1792,1.1810,169,47,11,13,0
casual_2552,203.8099,97.8555,163.8630,5.6233,6.4231,2,0.0148,533.8254,620.0000,0.2836,0.0042,1.9271,0.3496,0.1070,0.6758,0.2719,1.5320,0.2708,0.0000,0.8485,0.9244,11,2,9,15,0
casual_1552,111.8004,47.5644,116.9136,33.5562,17.6665,12,0.0086,462.1377,525.3868,0.8762,0.0056,2.0209,0.5385,0.2060,0.4326,0.2420,1.5044,0.2482,0.0000,1.0715,1.0234,75,18,5,7,0
skilled_1047,206.9260,100.9002,74.7195,24.1301,6.1878,46,0.0174,375.8763,559.1402,0.2489,0.0125,3.5000,0.2549,0.1637,0.5517,0.1596,1.3986,0.2481,0.0000,1.9264,2.0244,146,36,14,7,0
casual_0816,267.7027,115.4771,81.5393,22.0051,1.0867,1,0.0092,270.1141,592.5782,0.5806,0.0049,1.9842,0.3812,0.1199,0.4447,0.2441,0.1173,0.1620,0.0000,0.8424,1.5035,16,2,1,8,0
casual_1572,179.0839,126.0550,63.6765,24.5207,22.1013,27,0.0000,400.8838,541.8803,0.1502,0.0075,1.9606,0.2945,0.1795,0.6273,0.0998,0.7687,0.0982,0.0000,0.9806,0.9226,142,13,10,8,0
esport_0302,72.6378,97.9115,60.7341,6.2643,5.1249,48,0.0341,441.1766,584.1970,0.4171,0.0135,2.4488,0.1069,0.0522,0.3180,0.1808,1.9243,0.4886,0.0000,4.2096,2.4060,151,73,29,7,0
casual_1800,194.7906,10.0000,51.5066,38.8821,19.5114,12,0.0197,291.2218,589.7315,0.5898,0.0128,2.5930,0.6344,0.1512,0.9396,0.3643,1.2430,0.3677,0.0000,0.9652,0.4679,55,20,8,4,0
esport_0037,292.2517,110.8426,53.1538,2.8171,1.6094,79,0.0529,407.0408,569.1399,0.5700,0.0106,2.5843,0.0950,0.0669,0.4099,0.1080,2.2042,0.7698,0.0000,3.0049,1.4257,175,134,29,4,0
casual_0381,282.7578,108.0609,188.0451,24.6062,7.0630,42,0.0166,449.2536,541.4373,0.3027,0.0275,2.3001,0.8021,0.1944,1.2101,0.1741,0.5466,0.2618,0.0000,0.7905,0.7285,178,46,4,4,0
casual_2874,61.9910,64.7523,86.8312,4.2765,16.5020,2,0.0000,512.1763,536.7983,0.3601,0.0067,3.0568,0.8311,0.1378,0.6111,0.2096,1.4445,0.0244,0.0000,1.1484,0.9786,23,0,8,14,0
esport_0097,267.5990,136.8592,48.9377,4.7528,4.7559,99,0.0273,580.0603,567.9467,0.4507,0.0022,3.3127,0.1483,0.0498,0.1276,0.0944,1.8170,0.5828,0.0000,3.4628,3.0083,186,108,13,2,0
esport_0376,77.2089,71.0186,80.5089,7.3790,6.4077,17,0.0385,380.9843,607.9912,0.4883,0.0086,2.6102,0.2549,0.0702,0.4187,0.0424,1.9618,0.5572,0.0000,2.6602,4.4353,40,22,29,8,0
skilled_0503,143.2188,82.4943,111.7585,14.3758,3.0254,30,0.0095,470.4864,605.9640,0.4882,0.0023,2.6740,0.1492,0.1082,0.5347,0.0632,0.5309,0.3508,0.0000,1.8152,1.2491,144,50,12,4,0
casual_2311,51.2607,106.9235,107.6208,13.8508,10.9492,30,0.0216,471.0664,573.6175,0.5640,0.0071,3.3449,0.7178,0.1937,0.8281,0.3585,1.4865,0.2538,0.0000,0.2703,0.9518,139,35,10,4,0
casual_1780,75.8228,39.0997,64.9604,21.0887,23.5741,16,0.0197,353.7500,542.9238,0.7587,0.0102,2.9882,0.3304,0.1255,0.4748,0.2541,0.7287,0.2768,0.0000,0.0000,1.0410,82,22,9,4,0
casual_2726,241.8714,75.9062,134.2249,17.3502,20.3705,22,0.0321,428.7502,527.9250,0.8581,0.0003,2.0793,0.7386,0.1609,0.5878,0.2122,1.4150,0.2596,0.0000,1.2037,0.8734,111,28,5,10,0
casual_2437,209.3731,96.2570,122.5865,12.0701,2.8619,9,0.0195,282.3369,579.3987,0.4225,0.0090,2.2888,0.4204,0.0474,0.7643,0.1358,0.1000,0.1721,0.0000,1.6615,0.4592,36,6,0,15,0
casual_2333,67.4167,17.2509,166.8672,2.6562,4.4296,15,0.0251,379.6707,553.9426,0.2127,0.0001,2.4774,0.5928,0.2078,0.7552,0.2766,0.8468,0.3078,0.0000,0.5949,0.7755,83,25,9,17,0
casual_0864,58.2461,33.0598,119.2215,18.1802,3.2476,4,0.0033,410.2092,554.9126,0.2489,0.0023,3.2956,0.5043,0.1243,0.2655,0.3740,0.5380,0.3423,0.0000,1.3352,0.0500,48,16,0,13,0
skilled_0638,100.6541,117.7089,63.4380,13.1658,7.9164,32,0.0212,448.3451,592.3552,0.3100,0.0008,3.0821,0.1911,0.0885,0.5215,0.0732,0.6068,0.5063,0.0000,1.1562,1.0374,120,60,3,7,0
skilled_0164,215.1686,95.0734,83.7088,3.3161,5.2084,49,0.0356,436.2120,604.1835,0.3515,0.0211,3.1002,0.3360,0.0666,0.3078,0.2756,1.0436,0.3894,0.0000,3.0018,1.2647,190,73,11,11,0
casual_0554,42.0553,79.2935,98.5843,9.3745,4.4458,14,0.0000,274.1852,613.8226,0.5408,0.0015,2.6099,0.3832,0.0400,0.4227,0.1314,0.3876,0.1685,0.0000,0.3638,0.6194,47,7,5,8,0
casual_1159,239.1484,43.2126,141.5916,19.8661,18.2729,26,0.0306,414.7384,562.6120,0.2333,0.0004,1.9804,0.4954,0.1482,0.6608,0.1316,0.3515,0.1238,0.0000,1.5681,1.2042,163,20,2,17,0
casual_1213,134.0498,73.3012,180.4582,16.2321,5.3894,7,0.0000,395.9787,619.5227,0.2787,0.0123,2.1707,0.6814,0.1336,0.4581,0.1535,1.0736,0.1017,0.0000,0.6755,1.1527,38,3,5,2,0
skilled_0760,144.0761,106.8129,51.0773,21.6352,8.9900,38,0.0021,386.2369,597.8757,0.3865,0.0112,2.9292,0.2439,0.1705,0.5168,0.0200,1.7851,0.3134,0.0000,2.7869,2.4917,189,59,13,4,0
skilled_1213,94.2992,101.1976,93.8802,7.5050,9.7305,37,0.0085,400.9847,587.6622,0.5047,0.0009,2.6927,0.5118,0.0620,0.7590,0.2029,1.4045,0.3540,0.0000,2.4583,1.0434,142,50,5,12,0
casual_0048,214.2738,124.0831,174.9210,19.7472,21.1207,29,0.0194,243.2918,593.9847,0.3142,0.0081,1.9311,0.5683,0.1662,0.8132,0.2822,0.6856,0.0321,0.0000,0.8524,0.5360,169,5,4,12,0
casual_2367,143.0152,43.1764,155.6007,25.1878,6.6202,10,0.0529,264.4779,513.9391,0.3961,0.0071,1.9579,0.4030,0.1759,0.7110,0.3188,0.7828,0.4020,0.0000,1.2188,0.2430,73,29,0,10,0
casual_0700,95.1705,65.5461,33.1969,18.0258,24.7106,16,0.0376,308.6826,516.9915,0.2427,0.0186,2.5442,0.6702,0.0400,1.1473,0.2956,0.6876,0.2365,0.0000,1.1943,1.0993,90,21,6,1,0
casual_0652,211.3355,141.1318,81.7122,18.9118,26.1608,15,0.0082,428.3395,533.4394,0.2798,0.0037,2.8995,0.7629,0.1103,0.5504,0.1602,0.1000,0.3223,0.0000,0.9514,0.9679,104,33,8,17,0
skilled_0933,211.1096,93.6306,23.1269,9.6332,10.9965,22,0.0218,463.3616,574.6208,0.6630,0.0012,2.3897,0.3394,0.1269,0.4131,0.1203,1.2373,0.4859,0.0000,1.3734,1.8848,66,32,9,1,0
esport_0159,223.1461,95.3647,60.1792,9.4137,4.6446,45,0.0396,458.2338,613.0058,0.7380,0.0296,2.5963,0.0993,0.0498,0.4869,0.1697,1.4691,0.4720,0.0000,2.9859,2.8883,99,46,14,7,0
skilled_0311,149.9060,81.6592,63.3000,10.5205,8.5219,17,0.0315,554.3467,563.6609,0.3729,0.0259,2.9605,0.4836,0.0543,0.4320,0.1528,1.8395,0.4651,0.0000,0.2000,2.8082,68,31,8,6,0
casual_0748,240.7569,89.6539,24.0817,17.1839,9.7529,33,0.0115,326.9876,550.8411,0.3844,0.0036,2.0049,0.4951,0.1835,0.2230,0.0634,0.7166,0.1988,0.0000,1.0983,0.7825,139,27,6,9,0
casual_1455,54.4563,12.9851,29.8964,19.4581,17.6367,35,0.0000,433.3948,597.2986,0.3556,0.0053,2.5515,0.3032,0.0468,0.4883,0.0300,1.1824,0.2943,0.0000,0.0000,1.0227,143,42,4,4,0
skilled_1195,187.0121,93.7609,110.4429,11.0032,4.7237,9,0.0188,417.8743,575.9623,0.3408,0.0048,1.9815,0.1924,0.1529,0.3006,0.1186,0.9038,0.2705,0.0000,1.7028,1.3633,50,13,6,2,0
casual_2389,49.4028,47.0787,20.0000,19.9510,17.1976,36,0.0099,391.2782,461.1948,0.5173,0.0015,1.7422,0.6886,0.1148,0.7746,0.1758,0.1000,0.2987,0.0000,0.8690,1.0990,157,46,3,17,0
skilled_0494,261.9996,83.7628,79.4282,11.5513,1.3469,18,0.0360,373.4301,601.5849,0.4885,0.0005,1.9291,0.5418,0.1551,0.5225,0.1315,1.6258,0.4321,0.0000,3.1449,0.1000,54,23,12,7,0
casual_0866,263.7046,68.2533,176.0053,6.7896,30.1599,8,0.0054,490.9447,435.2223,0.6914,0.0113,1.7920,0.5143,0.2471,0.2200,0.2279,0.7474,0.1343,0.0000,1.6102,0.2147,41,5,2,8,0
casual_0752,95.4704,79.3721,20.0000,2.6373,2.4917,31,0.0031,292.2077,519.9366,0.4565,0.0048,2.3010,0.4291,0.1020,0.9354,0.1971,1.1781,0.2053,0.0000,1.6098,1.2288,147,30,1,3,0
casual_1644,80.0513,10.0000,98.8788,22.7039,14.1069,45,0.0027,502.9389,599.3266,0.4369,0.0004,2.3214,0.3359,0.0738,0.7320,0.2091,1.2628,0.3056,0.0000,2.0273,0.0500,164,50,5,6,0
casual_0092,150.4622,70.4633,124.9318,8.3584,17.1624,15,0.0142,373.0998,620.0000,0.5428,0.0105,2.3530,0.5607,0.1140,0.6818,0.1777,1.1276,0.3753,0.0000,0.2982,1.2243,53,19,1,11,0
aimbot_0074,122.7159,148.5133,8.2213,3.4584,1.3169,39,0.0617,389.5235,611.1343,0.4765,0.0046,2.5513,0.0455,0.0108,0.4586,0.0871,2.3274,0.8843,0.0000,4.7923,7.4324,52,45,23,0,1
skilled_0101,221.7522,106.7079,93.8425,14.7856,7.8732,16,0.0401,259.2518,595.7785,0.3489,0.0034,2.3652,0.3613,0.0820,0.4250,0.1098,1.1950,0.4823,0.0000,2.7583,2.6442,46,22,18,5,0
casual_2432,188.2676,139.8161,99.3622,15.8950,3.5250,16,0.0216,279.5063,473.5048,0.4542,0.0013,1.6386,0.8603,0.2449,0.2975,0.3182,0.4685,0.0621,0.0000,0.5501,1.0697,93,5,4,14,0
casual_2629,95.1549,85.6597,77.5179,15.8333,1.2002,8,0.0203,370.3514,550.6667,0.3263,0.0004,2.2248,0.7739,0.1879,0.7910,0.3334,1.1083,0.4410,0.0000,0.8004,0.9910,31,13,1,5,0
casual_1490,46.2893,45.6512,110.0200,27.2531,17.2485,6,0.0184,316.2467,585.4673,0.4954,0.0054,2.7344,0.5075,0.1420,0.2632,0.2080,0.6877,0.4218,0.0000,2.5442,0.3370,30,12,9,17,0
casual_2895,53.8785,56.3081,20.0000,21.0115,11.9326,9,0.0323,308.6275,620.0000,0.2020,0.0113,2.2592,0.4730,0.1370,0.7156,0.1023,0.6089,0.2703,0.0000,0.3635,1.4138,33,8,1,11,0
casual_2177,252.4563,63.4202,94.4773,25.9214,20.7894,8,0.0134,379.2151,585.6053,0.2490,0.0074,2.9225,0.7766,0.0930,0.8151,0.2570,1.2332,0.1599,0.0000,0.3243,0.7199,47,7,10,14,0
casual_0729,169.3437,54.9685,20.0000,15.5279,10.3478,11,0.0224,378.4127,502.4152,0.0200,0.0033,2.0481,0.3728,0.0685,0.5108,0.3133,0.9651,0.3908,0.0000,1.4767,0.0732,50,19,7,5,0
aimbot_0009,129.0740,106.2176,16.1071,0.5572,1.0357,55,0.0802,370.2849,567.2444,0.7292,0.0016,2.5233,0.0792,0.0065,0.5806,0.0813,2.3890,0.8349,0.0000,6.8303,2.5000,85,70,25,1,1
casual_2471,263.3093,78.2695,108.9781,22.1596,10.9341,4,0.0175,408.4797,620.0000,0.4074,0.0158,2.0917,0.3636,0.1841,0.2346,0.1604,0.2915,0.1691,0.0000,0.0264,0.9773,21,3,9,1,0
casual_2242,129.5972,63.3938,38.1102,11.2643,12.2006,11,0.0000,280.9430,593.2550,0.6561,0.0073,1.9395,1.0732,0.1646,0.7009,0.2042,0.4981,0.3209,0.0000,0.4367,0.9143,77,24,3,9,0
casual_1936,158.2561,73.3493,97.0250,2.0000,9.6947,9,0.0266,354.4482,549.4633,0.2629,0.0101,2.7884,0.4625,0.1722,0.4364,0.1164,1.1083,0.3319,0.0000,2.5356,1.7542,47,15,1,5,0
casual_1745,201.6013,37.1153,79.8557,26.6683,12.6012,3,0.0362,540.9725,563.7327,0.4763,0.0009,2.4927,0.3120,0.1845,0.5408,0.0500,0.5073,0.1430,0.0000,0.7320,1.1981,20,2,8,9,0
esport_0496,78.2423,106.3727,69.3155,5.3595,5.9905,28,0.0359,426.4463,590.7435,0.3460,0.0102,3.3290,0.1217,0.0527,0.6575,0.1433,0.9085,0.5812,0.0000,2.7862,2.9569,60,34,18,5,0
esport_0123,81.4718,166.7456,40.4138,5.4802,4.1662,58,0.0265,396.7079,584.6085,0.5418,0.0182,2.9133,0.1853,0.0551,0.2610,0.1982,1.4107,0.5469,0.0000,6.0821,2.7798,147,80,7,4,0
skilled_0491,228.9895,71.5532,56.6400,6.0778,9.8883,31,0.0155,398.1246,602.9311,0.5940,0.0067,2.7733,0.4483,0.0523,0.5971,0.1195,1.3398,0.2341,0.0000,2.5109,0.9750,85,19,3,4,0
casual_1110,71.5702,19.4794,200.9133,37.2714,7.9349,15,0.0238,269.4919,570.7610,0.2256,0.0008,2.3781,0.8124,0.2933,0.8047,0.1666,0.5942,0.2149,0.0000,0.6613,0.7707,133,28,10,4,0
skilled_0337,256.1665,112.5951,106.7703,9.0854,15.1898,9,0.0000,510.6578,585.8318,0.4597,0.0014,2.6757,0.4051,0.1459,0.8654,0.2517,1.7350,0.3498,0.0000,1.7326,1.7375,47,16,13,7,0
skilled_1032,178.7345,112.4101,81.0248,10.1920,10.7921,10,0.0339,384.0651,572.7729,0.4647,0.0136,2.7481,0.4570,0.1229,0.5587,0.2404,0.9101,0.5345,0.0000,3.0893,1.6901,63,33,14,6,0
esport_0221,63.0410,114.5890,36.6675,5.1422,5.3030,30,0.0086,416.5871,625.0000,0.4726,0.0399,2.9837,0.0800,0.0251,0.6269,0.0663,2.0455,0.7800,0.0000,4.8262,1.6187,129,100,6,0,0
skilled_1157,49.5806,126.2743,111.0449,2.4618,7.6355,11,0.0141,373.8984,620.0000,0.1005,0.0103,2.3696,0.1444,0.1482,0.5448,0.0452,1.4757,0.4469,0.0000,1.6262,1.7655,52,23,17,12,0
casual_0346,285.4273,56.0098,20.0000,16.4510,23.1373,7,0.0118,505.4307,451.2586,0.2532,0.0018,2.9267,0.6692,0.2123,0.5724,0.1394,1.0370,0.2670,0.0000,0.9762,0.4235,23,6,2,1,0
casual_1185,252.2391,45.2769,81.9931,38.2438,6.8781,13,0.0127,279.9261,583.4205,0.0379,0.0152,1.8060,0.4946,0.1485,0.8056,0.2349,0.8234,0.2629,0.0000,0.6666,0.1341,103,27,8,12,0
skilled_1006,278.0361,75.5181,84.5350,4.5501,13.2547,7,0.0176,389.9927,577.1326,0.5006,0.0269,2.9203,0.4497,0.0938,0.6460,0.2112,1.3248,0.3794,0.0000,3.5420,1.5848,23,8,4,13,0
casual_1515,103.5984,119.0128,156.6801,24.4506,13.5363,8,0.0246,356.6557,600.1193,0.4750,0.0220,2.5351,0.4415,0.1448,0.5129,0.3660,0.6584,0.2702,0.0000,0.8778,0.8731,29,7,1,10,0
esport_0419,169.8735,162.7678,78.5899,0.9648,1.5787,63,0.0596,432.0498,573.5024,0.5455,0.0023,2.7795,0.1491,0.0553,0.2682,0.0471,1.1423,0.7395,0.0000,3.8316,1.9234,143,105,14,4,0
casual_0578,259.5741,21.2158,65.6536,8.4840,15.1699,11,0.0211,291.6950,521.2649,0.3303,0.0003,2.2949,0.2179,0.1642,0.4227,0.1525,0.8316,0.2605,0.0000,1.1962,0.7476,53,13,1,4,0
casual_1964,229.7379,113.9305,139.8025,15.6654,11.0580,15,0.0139,394.1863,579.9908,0.7841,0.0040,3.2249,0.6710,0.1621,0.3929,0.2680,0.8234,0.1206,0.0000,0.4961,0.5394,167,20,11,11,0
casual_0075,105.9737,60.5361,90.5763,2.0000,8.2092,19,0.0000,278.7332,620.0000,0.1287,0.0053,3.0750,0.7665,0.0523,0.2829,0.1339,0.8865,0.1693,0.0000,1.0309,1.0187,117,19,4,14,0
casual_1429,150.4397,57.0605,76.8711,10.3119,12.9689,5,0.0234,382.1159,620.0000,0.3746,0.0022,2.4090,0.7911,0.1351,0.9442,0.2763,1.0777,0.2690,0.0000,0.6379,0.3916,28,7,10,3,0
skilled_0712,202.7935,98.3083,85.4915,25.0738,2.1870,62,0.0076,537.4416,614.9982,0.5790,0.0000,2.7404,0.2612,0.0630,0.5662,0.1524,2.1741,0.1815,0.0000,3.0554,0.7614,189,34,6,13,0
esport_0180,106.7543,166.7765,35.6687,5.4889,5.4606,23,0.0452,457.1252,616.9515,0.4684,0.0012,2.7631,0.1916,0.0607,0.2694,0.1075,1.4947,0.3000,0.0000,5.4562,3.7297,77,23,27,3,0
casual_2751,225.4833,35.2210,214.0208,2.0000,13.4686,23,0.0139,287.1336,536.6129,0.4767,0.0006,1.9424,0.6677,0.1752,0.4812,0.2263,0.8935,0.0560,0.0000,0.9479,0.7945,159,8,11,11,0
trigger_0027,213.9356,58.3167,28.2908,7.8337,2.6644,46,0.0239,379.3735,614.3242,0.2182,0.0001,2.7943,0.1069,0.0078,0.2950,0.0079,2.4270,0.5792,0.0000,5.2625,2.6571,98,56,8,5,1
casual_1846,118.0844,71.1048,117.3344,16.1458,23.2931,29,0.0167,353.2134,491.0459,0.6058,0.0003,2.7273,0.4210,0.1504,0.4865,0.2295,0.7170,0.2614,0.0000,0.9963,1.0848,146,38,0,2,0
casual_0131,279.7824,59.8477,182.1424,12.0140,6.3899,34,0.0244,416.0415,561.6404,0.2080,0.0116,3.0517,0.5431,0.1363,0.6841,0.0613,0.2623,0.2498,0.0000,0.9204,0.8868,124,30,10,15,0
casual_0178,270.7529,112.5419,89.2878,25.4821,4.9376,23,0.0300,377.0373,587.8385,0.2834,0.0161,2.0811,0.5082,0.0683,0.7758,0.3138,0.9002,0.2372,0.0000,0.6783,0.3755,154,36,7,10,0
casual_2899,143.4226,77.0811,41.8304,24.2582,26.8748,12,0.0053,375.3792,564.7419,0.7754,0.0063,1.6707,0.5161,0.1687,0.4310,0.0964,0.7242,0.2530,0.0000,0.8852,0.8379,43,10,7,16,0
esport_0216,183.7818,140.6141,42.5122,5.0414,2.5683,65,0.0664,385.5665,606.4252,0.6358,0.0064,2.2532,0.1062,0.0395,0.5829,0.1151,2.4369,0.3870,0.0000,3.0521,3.4345,163,63,7,0,0
skilled_1194,262.8272,95.6127,115.6365,4.3758,10.6288,35,0.0336,398.7627,569.4304,0.3325,0.0029,2.4209,0.3541,0.1232,0.3603,0.1843,0.8706,0.4198,0.0000,1.2315,2.7946,87,36,18,5,0
casual_2522,129.3852,89.9512,116.4998,15.8138,22.8620,10,0.0258,351.8127,526.9741,0.0880,0.0124,1.7777,0.9092,0.1694,1.0991,0.2505,0.3209,0.2616,0.0000,0.2951,1.3731,124,32,3,3,0
casual_1842,71.6564,95.0252,44.5579,26.3886,25.9843,5,0.0269,556.2453,479.4145,0.5053,0.0052,1.4231,0.6828,0.1029,0.7385,0.3785,0.9559,0.1328,0.0000,1.4949,1.2284,29,3,8,15,0
casual_2098,63.4633,98.7210,115.1882,23.2358,9.9038,3,0.0132,501.6538,620.0000,0.3697,0.0173,2.2617,0.5119,0.2084,0.8754,0.1121,0.3723,0.3045,0.0000,1.6322,1.1189,26,7,10,3,0
skilled_0949,127.4155,95.2595,36.5174,16.0698,10.4811,43,0.0206,392.7233,620.0000,0.5814,0.0005,2.2384,0.2441,0.0614,0.6435,0.1542,0.8406,0.4128,0.0000,2.3117,2.4072,174,71,3,0,0
casual_2373,97.7303,74.7117,29.3243,14.6725,21.4391,11,0.0161,317.7642,589.8770,0.2290,0.0084,2.6974,0.6011,0.1225,0.4996,0.2302,1.1648,0.1019,0.0000,1.7835,1.1017,59,6,1,4,0
casual_0604,290.0670,58.2774,42.9392,23.7923,13.0874,23,0.0037,266.4635,601.4785,0.4710,0.0054,3.5000,0.3457,0.0949,0.6781,0.2390,0.8321,0.1005,0.0000,1.1532,0.4508,113,11,3,9,0
casual_2627,122.5026,126.8675,150.4771,29.4908,7.5549,33,0.0171,241.5319,620.0000,0.4989,0.0024,3.3741,1.0698,0.1733,0.7465,0.3239,0.4795,0.0908,0.0000,0.9960,1.0602,169,15,6,11,0
casual_0025,82.5525,76.4528,27.5821,16.3791,29.1736,23,0.0144,400.5495,604.3469,0.4058,0.0062,2.2101,0.6103,0.1535,0.7082,0.2078,0.9814,0.2672,0.0000,0.8900,1.6857,106,28,4,10,0
casual_0658,189.3865,117.1563,185.9119,11.6441,17.0668,41,0.0154,347.6580,620.0000,0.3998,0.0107,2.4897,0.4710,0.2473,0.8569,0.1696,0.9827,0.1179,0.0000,0.8771,0.5225,152,17,6,10,0
trigger_0052,193.9671,60.0088,15.6729,5.6617,7.6174,62,0.0125,304.0694,609.9061,0.4997,0.0201,2.1899,0.0847,0.0046,0.4902,0.0059,2.5760,0.7702,0.0000,5.7725,3.0046,78,60,15,3,1
skilled_0317,92.9931,172.7121,79.5548,12.9190,8.3080,24,0.0138,375.7679,582.4601,0.5265,0.0115,2.6055,0.1290,0.0968,0.5812,0.3265,1.4136,0.3781,0.0000,2.8229,1.5239,77,29,18,4,0
skilled_0868,189.8399,72.5294,104.6722,18.2961,15.6989,30,0.0277,499.0561,620.0000,0.6102,0.0102,2.1274,0.3248,0.0980,0.5810,0.2884,0.6213,0.4667,0.0000,2.8109,1.7610,156,72,13,0,0
casual_0173,282.7318,96.5424,86.8877,22.6381,4.8787,24,0.0148,504.1299,547.2977,0.2349,0.0030,2.2932,0.5850,0.0930,0.8612,0.1815,0.7127,0.3428,0.0000,0.6003,1.3845,118,40,7,5,0
casual_1611,239.4636,89.7649,30.3359,16.0642,13.7238,20,0.0035,553.3285,620.0000,0.3752,0.0070,2.9810,0.3522,0.1932,0.8552,0.1078,0.3059,0.0647,0.0000,1.7454,1.4798,108,6,6,6,0
casual_0437,166.2234,61.0693,131.2274,24.6743,3.5693,20,0.0248,347.6988,544.1646,0.0200,0.0096,2.0418,0.5236,0.1485,0.7755,0.3465,0.5877,0.0856,0.0000,1.5851,1.6784,101,8,3,14,0
casual_0331,84.6492,52.8338,102.5777,39.1695,6.8555,2,0.0208,429.4883,584.1277,0.5144,0.0078,2.3108,0.5102,0.1806,0.4559,0.1074,0.9729,0.4152,0.0000,1.4987,0.0500,15,6,0,3,0
skilled_0100,183.6512,107.1882,52.7998,12.5931,8.2746,18,0.0187,363.0114,552.9141,0.4865,0.0001,2.6734,0.4074,0.1022,0.4631,0.1215,1.0372,0.4160,0.0000,3.6755,1.7024,59,24,2,6,0
casual_1454,123.9332,91.3851,110.1607,18.7023,21.0147,6,0.0228,532.0311,523.3100,0.3205,0.0088,1.9399,0.8351,0.1317,0.8428,0.3456,1.0988,0.2365,0.0000,1.7169,1.5721,27,6,11,5,0
casual_0342,246.2387,30.3805,94.0437,27.9330,13.2692,28,0.0289,392.2180,548.1741,0.5956,0.0063,1.8292,0.6073,0.1453,0.5781,0.1467,1.0594,0.2195,0.0000,0.1031,0.9716,161,35,6,16,0
skilled_0209,77.5122,96.9999,95.5980,13.2260,5.0286,19,0.0099,499.0790,593.0118,0.3255,0.0070,2.2716,0.3059,0.0686,0.3433,0.1055,0.7142,0.3221,0.0000,1.4303,2.7713,87,28,13,4,0
esport_0326,293.2683,145.6418,54.2848,0.6241,3.9544,19,0.0392,438.2327,625.0000,0.4292,0.0391,2.8325,0.1979,0.0910,0.6312,0.1119,1.7723,0.5033,0.0000,3.1915,1.0526,99,49,30,8,0
casual_1088,159.7641,82.6635,160.7361,21.7616,15.4078,11,0.0083,367.7718,571.4488,0.4602,0.0056,2.6774,0.5639,0.2267,0.5510,0.0685,1.4239,0.1625,0.0000,0.4717,0.4738,64,10,3,17,0
casual_0479,141.1889,74.5293,49.8846,12.7227,5.8207,6,0.0052,421.5624,570.3320,0.1694,0.0103,2.9758,0.4813,0.1166,0.7156,0.1786,0.4592,0.1068,0.0000,1.2361,0.8946,29,3,0,11,0
casual_0727,47.6932,70.5210,198.3434,17.6458,20.9854,25,0.0258,488.1022,620.0000,0.1690,0.0150,2.0483,0.5762,0.0984,0.6006,0.2903,0.5547,0.0789,0.0000,0.0000,0.6555,126,9,10,13,0
skilled_0783,226.3023,120.1625,65.1568,9.9126,1.0000,50,0.0424,384.8108,588.4848,0.6582,0.0079,2.5494,0.5018,0.0953,0.4594,0.1740,0.8915,0.1728,0.0000,2.5622,0.4286,165,28,15,6,0
casual_0976,155.5538,17.6169,216.3903,15.7973,6.5138,15,0.0297,327.3378,591.9399,0.2588,0.0014,1.7672,0.3581,0.1068,0.7769,0.3112,0.8194,0.0953,0.0000,0.1443,1.5059,61,5,10,13,0
skilled_0784,174.5534,102.2216,119.2931,14.9203,10.0394,22,0.0163,373.9578,592.7650,0.6580,0.0061,2.6615,0.2172,0.1880,0.6949,0.2130,0.2972,0.2651,0.0000,2.3753,2.3265,128,33,16,9,0
casual_2977,221.7003,126.8574,139.0205,3.6691,13.2987,8,0.0012,477.6056,532.1263,0.2992,0.0040,2.8293,0.6978,0.2775,0.6766,0.2095,1.0099,0.1718,0.0000,0.1631,1.5817,62,10,9,9,0
casual_1928,34.9782,90.8350,47.9439,19.2513,15.6073,19,0.0307,519.6510,578.1301,0.1212,0.0066,1.9072,0.5585,0.2059,0.2200,0.2562,1.3260,0.2745,0.0000,1.5851,0.7787,139,38,9,17,0
casual_1468,224.9148,53.7045,177.3563,8.4158,2.1093,20,0.0000,395.5838,558.5533,0.5182,0.0121,1.7176,0.5780,0.0726,0.8485,0.3475,0.6908,0.0978,0.0000,0.9096,0.3435,166,16,0,3,0
casual_1224,76.4293,116.8369,112.5743,20.5479,9.0752,9,0.0000,252.4008,605.9806,0.5633,0.0012,2.0592,0.3960,0.1732,0.8490,0.2290,1.2299,0.2687,0.0000,0.8813,0.4281,57,15,6,1,0
casual_2856,208.4344,118.1162,82.5137,10.2132,21.5476,3,0.0018,279.4413,583.6900,0.2935,0.0400,1.9407,0.4175,0.1772,0.5160,0.2388,1.3019,0.1688,0.0000,0.4994,1.0044,30,5,7,8,0
casual_1952,236.0152,57.7930,26.1912,15.8840,18.5675,17,0.0129,428.1650,547.5094,0.2340,0.0049,2.3262,0.5919,0.1442,0.5834,0.3951,0.1799,0.1036,0.0000,1.6812,1.2633,121,12,6,7,0
aimbot_0080,94.7380,128.5527,13.1352,1.0691,1.0976,53,0.0481,506.8752,601.2124,0.6772,0.0007,2.7811,0.0482,0.0056,0.5620,0.0735,1.9199,0.7871,0.0000,4.5545,10.0734,82,64,20,2,1
esport_0250,194.7186,172.7738,43.3415,7.5836,5.3891,27,0.0291,471.0416,585.2437,0.6477,0.0058,2.7221,0.2249,0.0672,0.3817,0.0819,1.7471,0.6645,0.0000,3.5984,2.1765,76,50,20,7,0
casual_1892,179.5749,47.2353,99.5893,12.7060,18.4567,29,0.0211,350.5441,600.0291,0.4525,0.0052,2.3195,0.2819,0.2112,0.7160,0.0770,0.2195,0.2059,0.0000,1.9693,1.1284,143,29,3,12,0
casual_1299,135.0561,36.3651,43.8688,25.3197,17.0904,29,0.0127,412.3637,593.5363,0.4872,0.0091,2.7981,0.5898,0.1551,0.8990,0.2584,0.7045,0.3510,0.0000,0.8347,0.8468,106,37,8,7,0
casual_2990,243.5336,27.8472,115.6033,20.3531,19.1148,35,0.0131,404.4942,620.0000,0.3817,0.0141,2.1824,0.5874,0.1040,0.5109,0.3514,0.8773,0.0200,0.0000,1.7468,0.6693,142,2,0,2,0
esport_0349,134.0586,175.0552,90.1901,2.8530,3.0104,20,0.0112,366.5516,598.8030,0.3882,0.0097,2.7821,0.1457,0.0204,0.6363,0.0300,1.5391,0.6297,0.0000,5.5021,4.4262,55,34,18,4,0
casual_0660,104.2028,85.6850,160.7278,17.7364,5.4758,20,0.0008,394.0669,535.0160,0.3876,0.0054,2.7478,0.7094,0.1459,0.7999,0.2664,0.4173,0.0254,0.0000,0.0100,0.4799,120,3,4,9,0
esport_0327,132.0403,118.2596,65.6827,3.0943,0.5000,22,0.0363,481.9568,625.0000,0.4390,0.0154,2.5873,0.1387,0.0707,0.6141,0.1266,1.8958,0.5494,0.0000,4.0115,3.6029,48,26,7,1,0
skilled_1073,61.5768,119.6515,88.7301,5.9326,4.4170,19,0.0196,465.3902,584.1129,0.7077,0.0178,2.6570,0.3707,0.0862,0.2663,0.3151,0.9511,0.4118,0.0000,1.0698,0.3236,65,26,2,4,0
casual_2784,88.4910,53.8096,170.9978,35.2142,1.0000,16,0.0080,330.1927,618.1046,0.6209,0.0004,2.3155,0.5678,0.1127,0.7402,0.2650,0.8440,0.1077,0.0000,1.7221,0.4920,105,11,3,12,0
trigger_0012,98.6173,20.0000,56.8870,7.5461,1.8130,29,0.0135,436.2309,612.6541,0.4674,0.0010,2.6445,0.1121,0.0093,0.4409,0.0037,1.9251,0.5881,0.0000,3.9820,5.6949,59,34,25,2,1
skilled_0827,279.2983,86.7117,63.1878,1.0000,4.5710,40,0.0252,347.3422,558.4401,0.6579,0.0022,2.9248,0.2984,0.1231,0.2554,0.0371,1.5013,0.3920,0.0000,2.4746,1.5506,107,41,7,13,0
casual_2714,262.3522,40.3911,127.8089,7.0593,9.4162,36,0.0202,339.0653,528.5902,0.3946,0.0223,2.3247,0.5393,0.1285,0.7592,0.2701,0.8831,0.0599,0.0000,1.2290,0.6365,138,8,4,7,0
esport_0407,265.6456,110.5265,90.9620,4.8797,4.3684,24,0.0299,509.8915,608.1543,0.7774,0.0078,2.6375,0.1297,0.0884,0.3049,0.1005,1.8159,0.5360,0.0000,2.1672,2.7499,173,92,25,4,0
casual_0267,71.4756,49.9216,174.5221,20.3108,11.9968,22,0.0023,241.0641,584.3572,0.2963,0.0046,2.0900,0.2800,0.0417,0.3637,0.0405,1.2083,0.2494,0.0000,1.3504,0.3532,88,21,6,17,0
esport_0192,193.4070,195.6043,68.9066,6.3295,7.1738,28,0.0391,479.0351,625.0000,0.5835,0.0006,2.1367,0.2262,0.0870,0.3014,0.1193,2.6191,0.5868,0.0000,5.7997,6.4960,74,43,7,3,0
trigger_0034,159.4594,79.5849,22.4960,3.3016,2.9610,63,0.0406,462.5897,511.0485,0.1962,0.0120,2.4952,0.0474,0.0014,0.5019,0.0079,1.7396,0.5285,0.0000,2.3840,4.5093,94,49,17,6,1
skilled_0372,65.1977,68.9420,77.2835,1.0000,7.6362,29,0.0090,415.8915,615.3545,0.1836,0.0028,2.8215,0.3193,0.1084,0.4547,0.1816,1.2377,0.3689,0.0000,2.9616,1.2354,130,47,13,2,0
skilled_0595,32.7439,77.8651,74.4816,10.3285,7.1028,38,0.0052,440.5390,584.9898,0.3816,0.0074,3.1652,0.2872,0.0759,0.2399,0.1639,1.3039,0.2053,0.0000,2.5865,1.8769,167,34,11,2,0
esport_0066,86.5868,136.2921,108.8356,3.3726,5.1109,13,0.0070,432.3799,604.3435,0.8939,0.0257,3.5000,0.0800,0.0215,0.3064,0.1167,1.6943,0.5556,0.0000,5.9407,3.3333,51,28,22,2,0
skilled_0722,203.6933,104.8058,70.6928,5.5826,9.0796,21,0.0219,489.6476,614.5019,0.5437,0.0319,2.5743,0.3712,0.1015,0.5551,0.2844,1.2282,0.3149,0.0000,2.6261,1.6756,125,39,2,12,0
skilled_0406,132.6124,130.8173,151.3687,7.1088,8.8800,6,0.0218,373.0196,620.0000,0.5261,0.0212,1.5872,0.3480,0.0994,0.6666,0.0773,1.7906,0.2528,0.0000,1.9926,1.0124,25,6,15,4,0
casual_1278,263.8590,80.5215,43.5895,3.2865,9.2758,2,0.0000,298.5048,499.9361,0.4025,0.0111,3.1400,0.3428,0.1424,0.4469,0.1879,0.3265,0.1324,0.0000,0.0726,1.1727,23,3,1,6,0
esport_0390,266.0253,179.8813,35.7848,7.7015,3.8121,50,0.0502,414.7644,574.5603,0.5006,0.0035,2.7793,0.2067,0.0637,0.5176,0.0991,2.0983,0.6997,0.0000,2.3471,3.3506,129,90,31,4,0
skilled_0917,153.4669,150.2241,89.4958,7.3960,10.3699,4,0.0168,471.5761,601.3756,0.6170,0.0272,2.4849,0.3466,0.1067,0.6592,0.1689,1.1429,0.3476,0.0000,1.1599,0.9744,20,6,5,10,0
casual_2678,231.3250,45.7746,74.8325,15.3303,18.0939,9,0.0209,361.0730,580.4965,0.2001,0.0004,2.1958,0.8558,0.1061,0.5658,0.0300,0.5749,0.0200,0.0000,0.3380,1.1422,112,2,2,6,0
casual_1621,170.1070,132.3363,137.6556,15.0646,24.2178,2,0.0212,376.9418,572.0489,0.4552,0.0109,2.0669,0.5390,0.2001,0.7573,0.3413,0.7960,0.0567,0.0000,1.3198,0.9534,14,0,8,1,0
skilled_1103,52.4800,110.2614,88.4353,17.4694,4.0272,62,0.0207,454.9230,606.9376,0.3095,0.0058,2.7795,0.1678,0.2335,0.4789,0.1092,1.4589,0.4338,0.0000,1.1241,2.1113,160,69,3,7,0
casual_2857,146.5539,109.4314,21.6943,12.7313,10.6064,21,0.0192,343.4830,620.0000,0.2221,0.0053,2.2979,0.5969,0.2103,0.6687,0.1442,0.1000,0.3326,0.0000,0.8692,0.5990,143,47,2,12,0
casual_1896,207.0857,10.0000,78.3980,12.7129,11.5891,11,0.0333,283.1734,482.9920,0.2320,0.0206,2.4681,0.8614,0.1889,0.5518,0.2117,0.9792,0.2845,0.0000,1.0544,0.0923,65,18,9,13,0
skilled_0924,35.4533,122.5582,74.3903,14.3328,9.6164,29,0.0264,193.3830,604.9898,0.3268,0.0089,2.5011,0.3405,0.0509,0.5785,0.1257,1.8705,0.2786,0.0000,3.2354,0.9865,98,27,14,5,0
skilled_0014,144.7936,108.1969,120.5810,8.0320,6.8009,32,0.0127,382.3520,542.7111,0.4578,0.0158,2.1715,0.2711,0.1666,0.4773,0.1777,1.8106,0.3559,0.0000,1.6380,1.8604,130,46,15,7,0
esport_0188,99.5686,141.9175,55.3115,6.2526,2.6274,27,0.0782,569.1356,548.8837,0.3948,0.0388,3.3233,0.1523,0.0870,0.3153,0.0612,1.9786,0.6224,0.0000,4.3679,2.3284,89,55,14,8,0
casual_0067,112.0665,113.7158,111.2558,18.9295,10.1413,18,0.0261,437.2638,550.1681,0.2740,0.0021,3.2944,0.7858,0.1634,0.5650,0.3353,0.5671,0.0489,0.0000,0.7914,0.9563,88,4,1,13,0
casual_2042,200.7359,48.2931,93.4357,27.3451,1.0000,36,0.0054,558.8983,492.2292,0.5137,0.0013,2.2911,0.5694,0.1385,0.8303,0.0300,0.6405,0.0200,0.0000,0.8127,0.2959,117,2,8,11,0
casual_2580,37.0247,48.3016,69.1681,19.6981,8.3359,28,0.0023,389.1851,518.3709,0.5436,0.0040,1.5161,0.8071,0.1451,0.1500,0.1725,1.3483,0.2865,0.0000,2.1473,0.8636,164,46,1,13,0
skilled_0782,238.4594,65.4582,75.8150,11.5015,6.7373,68,0.0046,462.8929,613.2980,0.2361,0.0092,2.5794,0.3935,0.1358,0.5493,0.1589,1.6406,0.1568,0.0000,3.1417,1.0231,173,27,18,4,0
skilled_0790,51.1274,115.9284,101.6640,17.2445,7.2530,48,0.0140,414.1112,581.2994,0.5239,0.0269,2.2723,0.2781,0.0952,0.5107,0.0828,1.3110,0.2521,0.0000,2.2441,2.9017,173,43,9,7,0
casual_0820,43.6403,96.5222,129.9913,23.8025,10.0354,44,0.0333,249.9106,537.8052,0.3385,0.0173,2.9616,0.5364,0.0830,0.8292,0.2469,1.2705,0.1583,0.0000,0.8167,1.0885,168,26,3,2,0
casual_1226,156.8881,85.9604,37.4381,26.0511,19.4903,23,0.0200,573.8886,590.1661,0.2420,0.0005,2.0946,0.8215,0.1149,0.6285,0.1060,0.8804,0.2431,0.0000,0.9334,0.7382,107,26,0,1,0
casual_2991,251.9078,25.9185,41.5750,16.5041,23.7334,29,0.0098,282.3912,607.0519,0.1534,0.0025,2.8830,0.6643,0.1395,0.4336,0.3004,0.6750,0.0592,0.0000,1.1084,0.8354,142,8,6,14,0
skilled_0132,150.5257,129.7468,62.5007,16.1379,4.0590,55,0.0129,375.5060,541.7262,0.4616,0.0032,2.6980,0.3888,0.1555,0.5677,0.1884,1.8077,0.2263,0.0000,1.2891,1.2880,185,41,4,5,0
casual_2743,236.4992,12.3970,20.0000,18.4205,14.3048,6,0.0422,353.5983,600.3037,0.4789,0.0082,1.4199,0.4657,0.1806,0.1706,0.1340,0.6630,0.1603,0.0000,1.1317,0.2916,28,4,1,17,0
esport_0207,265.5567,110.8731,68.3861,6.9965,4.2019,53,0.0358,417.1158,622.6810,0.5887,0.0337,3.1022,0.1126,0.0695,0.3507,0.1370,1.8227,0.6989,0.0000,3.9840,4.0217,167,116,34,3,0
esport_0019,96.5506,102.9233,39.2132,1.7965,3.5418,25,0.0724,494.7239,581.7884,0.8251,0.0026,2.8272,0.1198,0.0644,0.5231,0.0863,1.6501,0.3000,0.0000,2.8000,4.7443,92,27,32,8,0
skilled_0349,239.6216,47.5154,172.6211,15.6127,10.7948,55,0.0218,469.5309,577.1853,0.4382,0.0051,2.5867,0.3441,0.1506,0.6505,0.2926,1.8178,0.4019,0.0000,2.1192,1.3267,182,73,3,8,0
casual_1143,251.7323,10.0000,129.4675,33.5689,5.7044,31,0.0096,313.8098,566.4610,0.4490,0.0025,2.5695,0.6064,0.1882,0.3573,0.1473,0.9211,0.1711,0.0000,1.5665,0.9809,125,21,0,14,0
casual_0397,109.7469,70.6647,171.9668,13.0570,16.1596,16,0.0297,375.5876,465.5890,0.4372,0.0040,2.4944,0.5419,0.1706,0.3550,0.4004,1.1303,0.1706,0.0000,1.5163,0.7891,55,9,4,15,0
casual_2906,291.3348,20.0657,126.2908,15.4274,6.5411,27,0.0179,240.3806,602.9457,0.5716,0.0140,2.5053,0.3023,0.2107,0.6524,0.2988,1.3784,0.2756,0.0000,1.4790,1.4704,137,37,3,12,0
esport_0051,285.5373,116.1379,45.8483,7.1161,3.5308,37,0.0704,556.2968,596.3905,0.5290,0.0388,2.2665,0.1805,0.0585,0.4228,0.1948,1.5547,0.5805,0.0000,5.8031,2.2823,132,76,27,1,0
casual_2759,171.7752,60.5841,91.9480,28.1255,17.0357,27,0.0074,333.5875,592.8553,0.2611,0.0104,2.1277,0.4677,0.1519,0.4692,0.2016,0.8261,0.2994,0.0000,0.3411,0.2738,107,32,9,14,0
casual_1398,183.2110,28.2842,224.7011,22.8642,18.3911,15,0.0212,483.2996,603.7120,0.3990,0.0025,1.1441,0.9133,0.1642,0.6072,0.3289,0.1160,0.2329,0.0000,1.0021,1.1703,70,16,4,1,0
casual_1659,39.4815,78.4025,105.9210,29.5872,7.2892,12,0.0013,191.3752,588.6274,0.3741,0.0400,3.4186,0.4294,0.1351,0.1500,0.0300,0.8116,0.1338,0.0000,0.2573,1.2917,117,15,6,11,0
casual_0979,80.5545,53.3488,134.2524,20.2313,16.1952,16,0.0150,405.0308,578.5091,0.0200,0.0076,1.8017,0.4012,0.1629,0.6716,0.1737,0.7918,0.2958,0.0000,0.9714,0.9763,91,26,11,4,0
casual_1298,225.2407,94.6627,153.1267,18.7141,14.3128,23,0.0098,479.8269,517.4654,0.4147,0.0043,1.1172,0.3856,0.2301,0.6544,0.1160,0.5957,0.2594,0.0000,1.5828,0.7984,96,24,2,14,0
skilled_0555,106.6310,110.9615,97.5114,12.0314,7.8229,18,0.0028,452.9836,614.3346,0.6514,0.0040,3.1021,0.4635,0.1314,0.4316,0.0999,1.0445,0.3185,0.0000,2.3444,1.6988,70,22,9,12,0
casual_0082,249.7855,50.1650,51.0311,16.2037,11.2457,43,0.0160,265.2819,552.7616,0.3183,0.0052,2.1472,0.3439,0.1627,0.7147,0.3015,0.8338,0.1520,0.0000,0.3718,0.5409,134,20,8,2,0
esport_0257,247.3585,119.8090,47.1472,6.0935,5.9583,34,0.0478,506.2263,606.1881,0.2926,0.0396,3.2822,0.2307,0.0818,0.3172,0.1123,1.8341,0.4986,0.0000,3.8515,4.4775,122,60,28,0,0
casual_2458,103.7523,20.2090,62.9737,5.5250,8.4286,28,0.0000,446.4101,533.8881,0.3087,0.0314,2.7468,0.5568,0.1188,0.3852,0.2258,0.7151,0.2551,0.0000,1.1425,1.0744,125,31,10,7,0
skilled_0739,253.2314,35.6569,60.3663,10.6683,7.7847,52,0.0147,451.8860,620.0000,0.4812,0.0055,2.7454,0.3671,0.0327,0.4849,0.1433,1.2796,0.6041,0.0000,2.5150,2.1528,180,108,3,5,0
skilled_0781,177.8867,135.0961,87.2661,1.0000,6.7191,44,0.0126,404.4915,571.2315,0.7589,0.0040,2.3383,0.3019,0.1632,0.3777,0.1962,1.0731,0.3172,0.0000,2.7855,1.9952,199,63,15,4,0
casual_2288,83.9446,10.0000,69.0432,29.0183,17.2595,2,0.0300,288.9308,509.8881,0.2917,0.0014,2.1381,0.6177,0.1349,0.9343,0.0949,1.4722,0.2275,0.0000,0.9425,1.1547,10,2,10,3,0
casual_0423,43.9476,48.2488,140.3549,15.1193,12.9309,27,0.0351,479.1485,594.8075,0.7614,0.0024,2.0005,0.5302,0.0491,1.0515,0.3073,0.8800,0.3445,0.0000,2.2127,0.6243,80,27,0,3,0
esport_0089,209.1368,118.7989,43.0949,1.3276,2.3727,28,0.0364,404.1243,604.3153,0.4706,0.0121,3.0727,0.1770,0.0434,0.2976,0.1241,1.7488,0.4706,0.0000,2.7035,0.8950,168,79,18,4,0
casual_1904,193.7729,34.3704,162.8209,25.1101,2.2458,27,0.0160,361.5758,574.9384,0.3063,0.0074,1.9653,0.2809,0.0557,0.9626,0.1822,1.4193,0.1035,0.0000,1.2441,1.0028,115,11,0,13,0
esport_0288,144.2333,118.8130,47.2480,1.3625,1.0819,46,0.0456,528.5797,583.2225,0.4867,0.0229,2.8662,0.1552,0.0536,0.7171,0.1515,1.6889,0.6775,0.0000,3.4255,4.0784,117,79,28,6,0
skilled_0352,45.2988,125.8248,68.2689,11.7606,10.3426,36,0.0205,476.2573,589.1856,0.1919,0.0077,2.3182,0.4166,0.1225,0.8590,0.1098,0.9584,0.3350,0.0000,3.2664,1.5190,135,45,10,5,0
skilled_0102,197.3257,80.4909,109.1330,12.4116,9.8788,50,0.0164,361.2896,615.7003,0.5280,0.0028,2.2143,0.4854,0.0788,0.3683,0.1734,1.4874,0.2557,0.0000,2.6758,2.7692,118,30,16,4,0
casual_1565,154.4515,78.4147,74.3252,37.0038,16.6677,15,0.0177,321.2562,620.0000,0.3940,0.0120,2.7076,0.4393,0.0838,0.9784,0.2542,1.4521,0.1285,0.0000,0.9815,1.4140,85,10,7,14,0
skilled_0355,119.7168,110.7841,15.0000,4.1331,9.1993,20,0.0330,427.5182,600.2086,0.4096,0.0062,3.0425,0.4051,0.1141,0.6269,0.1033,2.0443,0.4819,0.0000,2.4439,0.3309,88,42,3,3,0
casual_0839,168.9374,84.7127,101.4875,13.7307,24.0716,32,0.0109,305.0729,422.5845,0.2670,0.0043,3.0680,0.8542,0.1069,0.2740,0.1720,0.8468,0.2127,0.0000,0.9077,1.2262,172,36,7,17,0
casual_0500,228.9105,73.7504,176.9233,9.1893,4.6421,32,0.0189,396.5148,609.2345,0.2413,0.0031,2.5284,0.7947,0.1675,0.5423,0.2592,0.7979,0.1762,0.0000,1.0877,0.9583,132,23,11,3,0
casual_0141,162.4909,114.3668,103.9748,12.8126,16.7045,27,0.0331,412.5791,575.3444,0.2998,0.0027,1.4118,0.5804,0.1837,0.3412,0.2211,1.2357,0.2114,0.0000,1.0260,1.0074,170,35,0,12,0
casual_1377,265.2805,81.4205,57.1942,16.5474,15.5780,6,0.0098,231.6551,542.3199,0.1764,0.0056,3.3314,0.5002,0.1239,0.4565,0.1275,0.7180,0.2153,0.0000,0.5458,0.6165,42,9,10,3,0
skilled_0697,184.2425,93.9761,130.9768,7.8016,11.8084,34,0.0143,480.7765,598.1074,0.4382,0.0303,1.9551,0.2669,0.1269,0.4710,0.1349,0.9308,0.4741,0.0000,1.9408,0.8976,174,82,5,0,0
casual_2144,113.2841,72.4486,170.6762,19.6476,3.5204,24,0.0283,335.6650,565.8883,0.5921,0.0030,1.5659,0.5037,0.1234,0.3908,0.3530,0.7189,0.2384,0.0000,0.4329,0.3608,153,36,10,1,0
casual_1138,43.8832,64.4939,148.0579,19.2260,13.7026,14,0.0287,323.6194,562.3142,0.2571,0.0010,2.8640,0.6207,0.1243,0.6917,0.2347,1.0580,0.1240,0.0000,2.2938,0.4217,92,11,5,11,0
casual_2927,188.7995,111.9710,176.3986,2.7621,10.8725,15,0.0000,424.4927,549.7549,0.5176,0.0031,2.3239,0.6566,0.1834,0.7102,0.2869,1.0924,0.4165,0.0000,0.2411,0.4015,73,30,5,4,0
casual_1787,215.2335,10.0000,34.6669,25.1236,8.8077,20,0.0162,494.7493,620.0000,0.4384,0.0147,1.9337,0.6897,0.2224,0.8669,0.2280,0.4149,0.1891,0.0000,1.3276,1.0771,136,25,2,1,0
skilled_0484,188.5302,94.2731,35.6416,13.4008,2.8875,51,0.0181,422.2110,539.9892,0.3579,0.0472,2.4730,0.2814,0.1314,0.4452,0.1850,1.5079,0.3109,0.0000,2.4777,0.4057,147,45,7,6,0
casual_0550,156.7183,115.8514,186.1947,19.1705,13.8776,6,0.0242,491.2472,449.3213,0.3643,0.0005,1.8452,0.3487,0.0701,0.6055,0.3989,1.1196,0.3210,0.0000,1.7884,0.3645,42,13,8,9,0
speed_0056,150.5986,153.2070,80.0427,14.1371,2.0866,28,0.0296,965.6050,1633.0874,0.7799,0.7218,3.2223,0.4205,0.0676,0.6252,0.0972,1.2703,0.2690,0.0000,2.9842,2.9073,103,27,7,5,1
casual_2019,130.9039,67.2896,98.8863,28.5678,14.7387,7,0.0206,458.7419,555.6301,0.7736,0.0054,2.2851,0.2614,0.1395,0.6167,0.2017,1.3048,0.2288,0.0000,1.8318,0.7214,28,6,4,5,0
casual_0948,266.1353,119.2315,88.4597,20.1113,21.2923,3,0.0174,443.8581,504.8625,0.4707,0.0121,1.4911,0.9271,0.0400,0.5763,0.3069,1.1606,0.1121,0.0000,0.0000,0.8209,23,2,5,9,0
casual_2600,141.0249,75.8257,109.6920,23.2208,25.9488,27,0.0293,379.2048,585.2222,0.6352,0.0047,2.7349,0.5315,0.0645,1.1650,0.0816,1.1657,0.2509,0.0000,0.9954,0.5073,162,40,5,5,0
casual_0532,134.7173,142.2363,38.2127,34.5446,11.4421,1,0.0005,482.6279,541.7310,0.1974,0.0132,3.3716,0.5154,0.1528,0.8801,0.2949,0.7506,0.1890,0.0000,0.6552,0.5867,22,4,7,16,0
casual_1829,163.2468,80.5394,71.0829,21.2499,10.3922,4,0.0370,302.9709,593.9569,0.4656,0.0054,2.9918,0.5731,0.1345,0.8922,0.1307,1.3852,0.0550,0.0000,0.6271,0.9822,28,1,5,7,0
casual_2917,260.6861,105.3189,161.6895,28.7942,11.9125,5,0.0333,344.2404,554.5647,0.6571,0.0023,1.4474,0.5190,0.1353,0.7633,0.3932,1.0082,0.1923,0.0000,0.5749,0.4352,18,3,8,11,0
esport_0168,203.0122,139.4345,74.4755,9.4971,3.4799,11,0.0320,461.1918,588.9103,0.5430,0.0009,3.3363,0.1368,0.0466,0.3750,0.1180,2.1657,0.5665,0.0000,2.1599,1.8042,40,22,14,4,0
skilled_0871,107.2809,114.4570,65.9956,12.7358,8.5424,37,0.0245,351.6714,606.0151,0.3488,0.0143,3.0001,0.4336,0.1788,0.5543,0.1201,1.0417,0.2861,0.0000,3.3995,1.7433,129,36,3,8,0
casual_1602,212.9813,82.8218,122.6531,30.8645,18.0151,18,0.0000,492.1243,620.0000,0.7026,0.0000,1.8182,0.3966,0.1175,0.6702,0.3215,0.8978,0.0750,0.0000,1.1391,1.0681,60,4,8,15,0
casual_0639,263.6733,82.7142,174.3745,15.8178,13.5412,4,0.0248,319.8708,520.3459,0.3198,0.0084,1.7674,0.6868,0.1400,0.5402,0.4207,0.2848,0.0565,0.0000,0.9788,0.6165,66,3,3,12,0
aimbot_0082,142.4965,146.4126,10.5852,0.9106,0.0879,60,0.0921,509.5382,585.1775,0.4497,0.0000,2.6725,0.0476,0.0128,0.4741,0.0815,1.8546,0.8378,0.0000,6.5061,8.4233,82,68,10,4,1
casual_0967,74.1658,92.4811,46.6610,6.0808,10.0946,3,0.0178,600.0000,528.0296,0.5767,0.0069,2.4850,0.3325,0.2211,0.7761,0.3703,1.0420,0.2710,0.0000,1.1597,0.6556,18,4,5,13,0
skilled_1237,171.9358,66.4568,69.5786,6.8336,6.6282,42,0.0247,423.2925,581.9864,0.3515,0.0034,2.6383,0.2167,0.0782,0.6076,0.1733,1.0843,0.2727,0.0000,1.9384,1.2652,190,51,8,9,0
casual_2697,38.6803,10.0000,109.0503,11.9647,22.5185,7,0.0003,133.9832,618.3036,0.5213,0.0022,2.4919,0.2715,0.2280,0.5377,0.2590,1.1581,0.1354,0.0000,1.1868,0.5819,81,10,9,10,0
casual_1683,107.7208,10.0000,166.3387,6.7922,4.1399,39,0.0182,288.6964,588.4081,0.1917,0.0056,2.3873,0.5062,0.1881,0.6552,0.1370,1.1136,0.1026,0.0000,1.1915,1.0059,154,15,5,16,0
esport_0220,247.1956,98.6150,58.1845,5.3253,0.9849,72,0.0890,335.5651,590.3157,0.7054,0.0199,2.9030,0.2039,0.0369,0.3914,0.1104,1.4998,0.7538,0.0000,3.7828,6.7155,173,130,27,5,0
casual_2342,226.5278,10.0000,84.6464,30.9933,15.1615,14,0.0057,382.9445,620.0000,0.2296,0.0032,2.1169,0.6562,0.2032,0.5176,0.1729,0.6821,0.1626,0.0000,1.5130,1.1206,58,9,11,15,0
casual_0155,211.5048,75.3928,190.6017,2.6607,4.3952,9,0.0058,431.1264,466.3174,0.3742,0.0077,2.2597,0.4482,0.0737,0.7044,0.1672,0.5448,0.2235,0.0000,0.0000,0.8853,88,19,6,17,0
casual_2487,246.7303,103.0035,114.3987,22.9847,18.3440,13,0.0008,374.7688,519.9540,0.0490,0.0187,2.2576,0.5396,0.0400,0.5757,0.0651,0.6608,0.2279,0.0000,0.4729,0.9979,54,12,2,1,0
esport_0391,167.2984,155.4081,49.1600,3.5184,5.7853,51,0.0455,428.0309,625.0000,0.6123,0.0035,2.9768,0.1489,0.0578,0.3987,0.1476,1.4212,0.6114,0.0000,4.1885,4.4525,196,119,11,9,0
casual_1089,153.2421,22.5190,69.9809,17.9217,7.4151,18,0.0000,356.8028,578.6875,0.3692,0.0173,2.8025,0.4309,0.2011,0.2440,0.0478,1.2366,0.3123,0.0000,0.5198,0.3094,96,29,7,1,0
casual_2655,280.2762,63.4410,135.2517,30.5041,10.8812,31,0.0118,517.7733,521.5926,0.5207,0.0075,1.5337,0.5455,0.0400,0.9274,0.1348,1.1120,0.1503,0.0000,1.8896,0.4340,131,19,8,10,0
skilled_1240,141.8557,43.0786,128.9268,8.0029,12.1702,35,0.0189,390.5413,620.0000,0.4534,0.0030,3.0754,0.3047,0.1218,0.6970,0.1100,1.1667,0.2521,0.0000,2.9926,2.1622,168,42,6,11,0
casual_0288,171.4133,72.9880,84.2083,17.6984,18.4049,18,0.0193,380.7879,572.0360,0.3390,0.0001,3.3867,0.6831,0.1924,0.6165,0.2989,0.8868,0.1747,0.0000,0.8910,0.7603,84,14,4,1,0
casual_0930,109.9289,127.4957,103.8153,22.6308,2.7044,10,0.0206,272.7221,572.0332,0.4251,0.0017,2.8386,0.5939,0.1398,0.7099,0.2457,0.4265,0.2163,0.0000,2.9852,1.2518,116,25,9,17,0
casual_2535,188.1130,83.0119,100.7882,8.1044,13.0289,15,0.0359,349.5574,608.7445,0.2951,0.0005,2.8219,0.6524,0.1972,0.7987,0.1843,0.8662,0.2255,0.0000,2.1853,0.6397,74,16,0,6,0
skilled_1028,120.3742,115.6687,59.9083,9.3973,5.9017,38,0.0373,506.9491,579.5073,0.1836,0.0019,2.8012,0.3801,0.0300,0.9107,0.2986,0.6515,0.4938,0.0000,3.7932,1.7084,123,60,13,5,0
skilled_0371,168.5118,84.1678,54.1812,14.0058,6.5478,49,0.0306,382.7293,605.5662,0.3447,0.0042,2.2094,0.2675,0.1109,0.4765,0.2475,1.1307,0.4302,0.0000,1.8325,2.3125,136,58,14,12,0
esport_0371,183.2541,170.8016,46.2442,0.9717,2.2786,45,0.0164,346.5824,583.1136,0.2087,0.0292,2.6548,0.1336,0.0674,0.3144,0.0814,2.1009,0.3811,0.0000,6.4823,4.3008,110,41,32,1,0
skilled_0291,216.6183,75.0075,76.1734,4.8444,14.7883,67,0.0184,429.8307,609.4765,0.3007,0.0083,2.6306,0.4460,0.1233,0.2681,0.1968,1.9525,0.3471,0.0000,1.9949,0.1000,192,66,19,2,0
casual_0942,78.4629,84.0612,137.9878,2.0000,6.2570,35,0.0075,401.3774,563.3034,0.4756,0.0074,3.1666,0.5419,0.1837,0.6795,0.1469,0.5737,0.2459,0.0000,1.6878,0.6777,105,25,1,14,0
skilled_0859,60.1175,93.8030,157.3469,14.5648,8.4622,45,0.0194,492.8869,619.8017,0.4807,0.0066,2.1999,0.3464,0.0609,0.5231,0.0321,1.6993,0.4638,0.0000,1.4176,2.8539,157,72,2,11,0
esport_0412,224.8970,130.2088,30.2950,2.3789,2.2050,25,0.0154,467.2435,585.3811,0.4727,0.0170,2.1697,0.2229,0.0745,0.4429,0.0768,2.2822,0.4970,0.0000,2.4416,1.4570,74,36,31,5,0
casual_1698,289.3691,15.2205,20.0000,4.8798,18.8454,11,0.0000,239.0321,620.0000,0.4818,0.0029,2.4458,0.5121,0.0997,1.1781,0.3345,0.7501,0.2835,0.0000,0.0000,0.8169,79,22,2,8,0
esport_0458,298.3338,112.4495,49.3121,1.7042,2.8408,19,0.0252,458.2450,622.1696,0.2491,0.0013,2.3927,0.1652,0.0625,0.3530,0.1460,2.7627,0.3721,0.0000,3.2649,2.2562,63,23,23,6,0
skilled_0200,84.1022,99.5096,100.2010,1.4703,11.0262,21,0.0279,429.5265,620.0000,0.2885,0.0081,2.7506,0.1716,0.1259,0.6723,0.1939,1.6064,0.3186,0.0000,1.1693,1.4189,161,51,5,3,0
esport_0351,181.7186,120.1437,38.7640,3.8715,3.2608,47,0.0478,396.3089,623.3234,0.4206,0.0175,2.7490,0.0901,0.0355,0.5569,0.0919,2.3640,0.5480,0.0000,4.3633,3.1084,110,60,14,5,0
esport_0358,283.3251,128.0821,67.6842,6.6360,5.8500,18,0.0219,469.6667,578.4409,0.5684,0.0103,2.5518,0.2453,0.0511,0.4266,0.1382,1.8885,0.6030,0.0000,5.3373,4.2522,40,24,11,8,0
casual_0985,278.5798,77.7481,83.3622,13.4467,10.9742,31,0.0249,264.1552,510.6921,0.7319,0.0005,2.2567,0.2000,0.1340,0.1500,0.1675,1.7574,0.1226,0.0000,1.0991,0.9697,172,21,9,11,0
skilled_0318,47.2899,63.5470,31.8774,7.9979,1.6817,63,0.0338,463.1175,551.3708,0.2942,0.0029,2.6526,0.5065,0.1299,0.4678,0.0678,1.0280,0.1706,0.0000,1.9151,1.7837,195,33,14,11,0
casual_2867,180.3721,53.5497,138.3562,17.8232,14.5331,18,0.0206,303.6635,497.4415,0.0200,0.0140,2.7185,0.5999,0.1293,0.6090,0.4397,0.7545,0.2721,0.0000,0.5343,1.0459,96,26,8,9,0
skilled_1056,160.8229,102.6930,57.5669,5.3562,10.3978,18,0.0158,389.1825,585.2802,0.5724,0.0464,2.3614,0.3521,0.0661,0.3038,0.1526,1.7494,0.1637,0.0000,1.7103,2.0761,56,9,19,0,0
aimbot_0027,38.6656,143.6775,19.0656,0.4740,0.8598,37,0.0458,414.1411,592.5428,0.4514,0.0085,2.8064,0.0680,0.0161,0.5533,0.0717,2.6060,0.8478,0.0000,5.3112,10.4938,50,42,11,3,1
casual_0981,250.9431,10.0000,20.0000,21.8954,15.6476,16,0.0121,433.0514,534.4853,0.2159,0.0290,2.9402,0.9773,0.1027,0.3167,0.2441,0.9062,0.1235,0.0000,1.4193,0.5771,74,9,1,9,0
casual_2492,43.7549,48.0679,126.5587,22.3901,1.0000,3,0.0221,299.9303,581.9440,0.4532,0.0025,2.2823,0.8002,0.1506,0.6496,0.2204,0.2118,0.2890,0.0000,1.7315,0.8859,20,5,3,2,0
skilled_0792,269.4773,77.4377,29.4667,10.1609,8.8872,25,0.0164,485.4007,602.8712,0.1855,0.0093,2.3640,0.5566,0.1371,0.2156,0.0588,1.3467,0.4945,0.0000,2.1899,0.1000,89,44,13,6,0
skilled_0548,228.7367,99.4503,73.4777,13.9232,7.2994,24,0.0088,350.2947,567.0896,0.3886,0.0059,2.5986,0.3535,0.1688,0.3166,0.1720,0.6618,0.3407,0.0000,2.8049,0.2533,76,25,14,6,0
casual_2942,250.0165,108.8697,48.3338,31.8717,8.2710,12,0.0000,460.4651,573.6366,0.3932,0.0400,1.4227,0.7834,0.2440,0.6588,0.1997,1.0208,0.1881,0.0000,0.4766,0.4030,40,7,7,3,0
skilled_0527,132.7699,111.8854,33.1637,1.7631,9.5176,11,0.0113,438.7001,599.5275,0.3660,0.0076,3.0618,0.3712,0.1047,0.4604,0.2207,1.2131,0.5520,0.0000,2.8250,1.8438,60,33,7,6,0
skilled_0845,177.7950,46.5555,75.3635,1.0000,12.1368,34,0.0120,418.0098,620.0000,0.6839,0.0043,2.4528,0.5090,0.1629,0.6082,0.1675,2.1211,0.2788,0.0000,1.7174,1.6965,127,35,7,3,0
casual_1457,148.2172,76.3836,38.2188,26.1964,11.0877,26,0.0233,185.6410,582.7357,0.2875,0.0023,2.1172,0.5385,0.1883,0.6007,0.1088,0.1184,0.3811,0.0000,1.2409,1.0737,175,66,10,16,0
casual_1395,72.0546,89.8943,48.1375,11.2047,9.9864,22,0.0153,471.6113,566.2136,0.4103,0.0400,1.9619,0.4163,0.1390,0.5629,0.3050,0.8670,0.1506,0.0000,0.3670,0.1660,159,23,5,8,0
casual_0264,278.6620,62.7744,127.7081,32.7595,9.4090,3,0.0198,310.3881,582.5388,0.4220,0.0058,2.2903,0.7124,0.2208,0.4662,0.3783,1.0617,0.0200,0.0000,1.2376,1.7514,28,0,11,2,0
skilled_1095,259.5854,130.7563,71.5831,4.0481,1.0000,64,0.0149,487.1832,605.1565,0.5648,0.0070,2.8476,0.2570,0.0897,0.4452,0.1437,1.4648,0.3219,0.0000,2.1814,1.9471,193,62,14,3,0
casual_0929,228.4849,28.5684,177.3217,18.7297,1.0000,12,0.0297,379.0546,574.9608,0.7903,0.0035,2.2492,0.8360,0.1290,0.8634,0.3805,1.3696,0.1730,0.0000,0.8936,1.5576,52,8,2,7,0
speed_0021,26.1946,143.2144,142.8945,18.6631,11.6075,10,0.0128,766.0235,1143.2240,0.5907,0.5863,2.9655,0.4885,0.0531,0.7008,0.2653,1.3054,0.2225,0.0000,3.0295,1.8752,61,13,5,6,1
casual_2692,266.4494,113.0085,138.3671,8.6023,17.9019,13,0.0000,177.8379,489.5058,0.2797,0.0044,2.0351,0.5273,0.1199,0.7356,0.1796,0.3781,0.2158,0.0000,0.9031,1.3158,96,20,11,2,0
casual_0246,192.8389,83.3008,45.7519,27.0668,17.5205,22,0.0013,382.3168,435.6462,0.2789,0.0105,2.2091,0.4915,0.0687,0.5513,0.1768,1.0366,0.1655,0.0000,2.1500,0.8254,159,26,9,10,0
skilled_0589,59.1760,119.5315,70.9997,15.4747,14.5884,57,0.0267,509.3678,603.2007,0.2185,0.0097,2.3253,0.3097,0.1036,0.6625,0.0723,1.0397,0.4706,0.0000,1.6480,1.1647,145,68,7,1,0
casual_1758,273.7810,80.2577,76.4943,12.4891,9.3089,6,0.0295,403.5049,573.0068,0.3119,0.0096,2.0752,0.2643,0.2043,0.5576,0.2540,0.8194,0.1974,0.0000,1.1438,0.8588,36,7,1,10,0
speed_0015,154.4854,60.7114,88.3473,22.6832,13.3628,17,0.0382,1034.3018,1005.3739,0.5626,0.5457,2.8918,0.2496,0.1706,0.3504,0.2629,0.6833,0.3599,0.0000,2.8728,5.6577,93,33,5,9,1
casual_2810,42.1403,92.8789,34.9201,21.1531,5.0306,5,0.0065,368.0093,577.1145,0.2091,0.0093,3.1963,0.7914,0.1883,1.2644,0.0456,0.7075,0.2673,0.0000,1.0657,1.4808,32,8,8,1,0
casual_0923,176.4384,29.7794,49.6481,3.1134,16.3285,56,0.0230,260.5585,483.4604,0.2683,0.0091,1.9209,0.5982,0.0400,0.6984,0.1769,1.0966,0.0772,0.0000,1.1868,0.0500,171,13,5,17,0
casual_2880,73.7047,100.9190,126.5692,43.4630,17.7439,10,0.0324,409.3784,561.3766,0.2081,0.0226,2.0407,0.4869,0.2568,0.7817,0.1342,0.6488,0.1930,0.0000,0.6282,1.3183,61,11,3,3,0
casual_0268,61.1823,110.7224,58.4317,9.3564,12.2615,6,0.0314,337.0720,607.4634,0.1924,0.0115,3.2773,0.5413,0.1889,0.5773,0.1102,1.7052,0.1779,0.0000,0.2522,0.6699,25,4,4,15,0
casual_0669,140.1443,21.3667,132.0855,25.5258,15.3344,12,0.0250,381.1744,568.6778,0.6094,0.0135,2.5952,0.6078,0.1299,0.8887,0.3129,1.1778,0.0200,0.0000,1.2051,0.4642,52,1,8,12,0
esport_0225,205.2810,72.2260,70.0662,10.0349,1.5132,98,0.0416,492.3216,615.8340,0.3813,0.0043,3.0505,0.2661,0.0762,0.4621,0.1760,1.7382,0.5513,0.0000,5.9483,4.3410,189,104,23,0,0
casual_1910,32.9745,30.1295,62.3477,10.5993,4.1392,15,0.0395,417.7538,568.2003,0.2118,0.0009,2.5322,0.4530,0.1127,0.7938,0.3523,0.6195,0.0936,0.0000,0.4611,0.9387,73,6,6,14,0
casual_2985,95.1492,85.8173,89.2287,10.9434,4.1284,30,0.0306,475.5030,519.9080,0.3083,0.0003,1.5264,0.2930,0.1085,0.4682,0.1858,1.5878,0.2442,0.0000,0.5388,0.7296,118,28,8,8,0
casual_1152,55.9457,69.3085,95.6314,2.1774,2.1735,3,0.0093,321.5829,609.1621,0.4006,0.0008,2.2563,0.5669,0.1393,0.6254,0.2010,1.4623,0.1497,0.0000,1.1592,0.0741,21,3,8,14,0
aimbot_0067,73.4785,159.8831,13.0431,2.5823,0.0183,29,0.0662,513.6586,558.2670,0.1868,0.0071,2.1280,0.0666,0.0030,0.5230,0.0858,1.4567,0.9070,0.0000,5.1196,7.9819,43,39,33,2,1
skilled_0455,251.5197,108.5226,55.7844,8.6008,7.2112,41,0.0145,473.2104,554.1677,0.1792,0.0139,2.8208,0.5316,0.0381,0.7359,0.2034,1.6046,0.4336,0.0000,1.6402,1.8898,138,59,18,9,0
skilled_1241,68.7711,93.1482,82.8460,19.6075,4.2708,39,0.0205,487.8560,620.0000,0.2965,0.0157,3.0432,0.2586,0.0812,0.5973,0.1599,1.3885,0.4417,0.0000,2.2064,1.7889,157,69,4,2,0
esport_0299,273.1932,138.1269,70.2744,8.6731,4.0441,25,0.0542,503.2840,625.0000,0.5817,0.0310,2.9285,0.2065,0.1022,0.3478,0.1795,2.0632,0.7500,0.0000,4.9657,4.6595,96,71,15,5,0
casual_2172,165.7234,41.4210,20.0000,25.3974,1.5348,20,0.0270,592.8460,620.0000,0.1365,0.0103,2.4100,0.3462,0.0807,0.2690,0.2228,1.3044,0.2223,0.0000,1.0034,0.5768,86,19,5,12,0
esport_0265,230.6559,78.9496,66.8518,3.1387,4.9058,93,0.0290,389.2054,579.4156,0.4243,0.0051,2.8838,0.0800,0.0592,0.5375,0.2160,2.0260,0.4999,0.0000,5.2134,3.8418,191,95,26,8,0
casual_1915,84.7534,44.1855,25.1327,19.8261,8.7089,6,0.0000,379.1772,535.2211,0.4225,0.0313,3.0946,0.7599,0.1137,0.6973,0.1233,0.9582,0.0977,0.0000,0.6692,1.4017,19,1,1,15,0
casual_0612,291.8501,47.2829,98.0209,26.8673,10.2145,33,0.0040,352.0565,620.0000,0.4502,0.0022,1.0763,0.4874,0.1750,0.6530,0.2062,0.6378,0.4027,0.0000,0.9523,0.6263,143,57,3,15,0
casual_2406,180.0869,109.5999,175.1601,20.5056,20.7494,18,0.0222,334.6527,520.7980,0.5334,0.0193,2.0603,0.3321,0.1957,0.4350,0.2535,1.5947,0.1792,0.0000,0.1815,0.8437,102,18,5,17,0
skilled_1205,80.2876,70.1997,97.3192,16.8075,7.6124,9,0.0000,515.9722,614.6377,0.3289,0.0119,2.5428,0.2081,0.0662,0.1000,0.1031,1.2156,0.3862,0.0000,1.4751,1.8105,62,23,14,2,0
casual_1898,47.5356,10.0000,206.1099,8.2036,10.7167,12,0.0290,357.8528,486.7704,0.2812,0.0089,2.2276,0.4704,0.2092,0.1998,0.2375,1.1141,0.3241,0.0000,0.9681,0.8570,77,24,7,7,0
casual_1649,246.7346,75.2055,133.3523,12.9923,5.3570,14,0.0037,590.8595,599.0939,0.3059,0.0095,2.0962,0.6076,0.2468,0.9125,0.3091,0.2058,0.1035,0.0000,1.8660,1.1651,74,7,0,3,0
casual_2607,92.7891,74.6399,142.7915,34.4249,15.3477,28,0.0084,388.5228,540.0977,0.2634,0.0023,1.4117,0.4285,0.1827,0.7187,0.2244,1.1885,0.1277,0.0000,1.8487,1.0611,122,15,2,7,0
casual_0258,47.9709,41.2358,142.7480,2.0000,14.5328,20,0.0145,222.9866,539.2163,0.2708,0.0134,1.9574,0.6298,0.1263,0.6984,0.1336,1.0499,0.2740,0.0000,1.1298,1.2878,92,25,4,7,0
casual_0847,214.2970,83.1288,157.7443,16.9026,17.3712,26,0.0317,185.2325,532.3561,0.1987,0.0022,2.1774,1.2000,0.1400,1.1853,0.2160,1.3696,0.4000,0.0000,0.7961,1.7798,118,47,7,14,0
esport_0001,183.4575,157.8987,59.5404,1.0412,6.1394,57,0.0220,513.9917,606.4918,0.2354,0.0104,2.4027,0.1906,0.0355,0.3041,0.0612,2.5587,0.4011,0.0000,4.7832,3.6179,172,68,33,5,0
casual_1233,213.4723,30.1842,133.1556,13.7566,10.4358,31,0.0006,423.2702,530.4960,0.3115,0.0010,2.7802,0.6754,0.1689,0.9250,0.3157,0.7778,0.1331,0.0000,0.6516,0.0500,137,18,10,11,0
casual_1127,215.2640,78.5729,153.0545,21.0924,6.7883,7,0.0000,228.0446,546.1132,0.3453,0.0043,2.8289,0.5366,0.2085,0.6330,0.3304,0.5112,0.0803,0.0000,0.3723,0.9624,40,3,8,6,0
casual_1967,259.2242,10.0000,73.6897,16.1665,19.8622,27,0.0286,290.7538,617.5322,0.3409,0.0033,3.1465,0.3766,0.1333,0.4823,0.3326,1.2667,0.4162,0.0000,1.6125,0.2560,121,50,2,15,0
casual_0558,188.3402,36.5641,79.0108,17.8715,7.9645,29,0.0107,392.7243,556.4967,0.1836,0.0011,1.5993,0.4034,0.2213,0.6181,0.1451,0.2158,0.2188,0.0000,1.0135,0.3648,110,24,4,16,0
skilled_0905,271.6658,98.5381,137.1559,9.0389,12.4190,12,0.0235,390.2169,596.7532,0.2903,0.0052,2.5481,0.3154,0.0322,0.7392,0.0262,1.5654,0.4876,0.0000,2.7434,1.3103,44,21,3,5,0
casual_0484,39.7362,103.0546,92.8759,16.1173,20.6917,23,0.0021,264.3837,573.0100,0.3273,0.0104,1.6030,0.3366,0.1813,0.1500,0.2279,0.5221,0.0964,0.0000,1.1288,0.3542,168,16,1,7,0
casual_1320,164.0327,10.0000,94.9393,27.0898,14.8487,26,0.0176,458.0096,564.6497,0.2367,0.0098,2.8413,0.5341,0.2033,0.6402,0.1972,0.9095,0.1520,0.0000,0.7959,0.4991,157,23,10,3,0
skilled_0404,39.2703,88.5817,86.6016,3.9467,6.9938,58,0.0235,360.7484,554.2631,0.5605,0.0141,2.5255,0.3043,0.0821,0.3754,0.2493,1.9168,0.5127,0.0000,2.1208,1.9635,185,94,13,0,0
casual_0007,242.2374,127.4931,20.0000,2.0000,16.5057,5,0.0000,405.9989,590.5346,0.3321,0.0073,2.9884,0.2094,0.1019,0.6866,0.3912,0.7874,0.2967,0.0000,0.8507,0.6878,30,8,2,11,0
skilled_0279,179.4351,94.8064,58.6200,16.6468,10.2630,17,0.0003,492.2478,578.7851,0.4181,0.0066,2.3618,0.1654,0.0300,0.1853,0.0287,1.1939,0.4556,0.0000,1.8736,0.8355,53,24,16,9,0
skilled_0189,138.1340,137.1100,80.1170,6.9759,4.0584,14,0.0058,342.4133,558.7476,0.1062,0.0278,2.1883,0.3481,0.1201,0.6344,0.3412,1.4171,0.3877,0.0000,2.6567,1.4119,57,22,18,11,0
casual_1450,246.1576,45.7795,78.3083,35.0810,7.6808,26,0.0194,369.6104,593.4353,0.3647,0.0120,2.4603,0.4585,0.1049,0.5665,0.3286,1.7146,0.1492,0.0000,0.7501,0.6036,153,22,0,12,0
skilled_0980,225.1339,94.5507,84.0709,9.9569,8.1783,67,0.0197,445.4382,570.0186,0.3151,0.0048,2.8737,0.4352,0.1486,0.5817,0.0516,1.0094,0.1578,0.0000,2.3244,1.0644,189,29,11,10,0
casual_1814,254.0325,26.9409,131.1148,5.8995,14.2885,50,0.0297,529.6889,554.0393,0.2917,0.0152,2.0635,0.4960,0.1776,0.8234,0.4273,0.7724,0.1589,0.0000,1.0619,1.2211,171,27,0,16,0
casual_0773,259.3475,63.7500,75.4902,21.2036,24.4066,34,0.0154,328.1998,548.9174,0.2462,0.0061,1.8028,0.6471,0.0441,0.6506,0.0300,1.3313,0.2264,0.0000,1.3834,0.9180,176,39,9,16,0
casual_1011,191.9177,113.2968,106.8129,20.5500,8.0373,12,0.0117,466.8849,509.5456,0.3914,0.0101,1.7648,0.6212,0.0531,0.6176,0.2341,0.9102,0.1788,0.0000,0.5590,0.6625,58,10,8,6,0
casual_2818,147.3431,81.3639,99.8829,19.2459,8.2103,6,0.0293,327.3860,538.4130,0.2915,0.0005,2.2465,0.2558,0.1512,0.8967,0.3634,0.9441,0.1071,0.0000,1.5876,0.4912,42,4,5,3,0
skilled_0275,253.8537,63.3153,55.3613,8.1638,8.9490,26,0.0306,545.2817,611.7580,0.3121,0.0087,2.6453,0.1635,0.1496,0.5070,0.1253,1.0494,0.2558,0.0000,0.6968,3.0518,97,24,12,9,0
casual_1991,212.0327,20.4692,82.3849,33.9784,11.6391,2,0.0150,302.7622,620.0000,0.2898,0.0084,2.3415,0.4572,0.0854,1.1958,0.1958,0.7323,0.2090,0.0000,0.7508,0.2504,11,2,8,10,0
casual_1277,57.8865,71.1962,84.9942,6.9464,16.1909,8,0.0105,280.5454,620.0000,0.4837,0.0022,2.6849,0.8461,0.1815,1.0776,0.0874,1.2111,0.2250,0.0000,0.8089,0.8248,66,14,10,1,0
casual_1783,71.4535,100.4004,165.3143,22.7193,14.5174,10,0.0209,298.6639,527.4612,0.3023,0.0022,2.4134,0.5154,0.0400,0.4278,0.2286,1.6794,0.0257,0.0000,1.7500,1.3883,68,1,10,5,0
skilled_0105,73.1003,73.3952,120.9115,14.4162,3.4871,24,0.0346,258.6663,589.0170,0.2520,0.0358,2.9356,0.1987,0.0754,0.4444,0.1744,1.8768,0.3740,0.0000,1.8612,2.3918,77,28,11,4,0
casual_0446,294.6553,60.2666,97.1223,20.2609,10.6105,31,0.0164,279.0122,539.8392,0.4987,0.0259,2.9987,0.5438,0.2159,1.0362,0.1509,0.4174,0.0930,0.0000,0.1984,0.9320,130,12,11,1,0
casual_0880,140.4678,61.4074,46.2653,19.0590,12.4775,8,0.0000,457.0919,477.3908,0.0593,0.0123,1.9661,0.6000,0.1494,0.3192,0.2205,1.1142,0.1785,0.0000,2.0258,0.9313,70,12,6,17,0
esport_0209,178.0172,138.5722,58.6046,4.3030,6.8039,31,0.0344,398.3707,603.8412,0.4432,0.0036,3.1680,0.1709,0.0648,0.5178,0.2049,1.9510,0.7373,0.0000,4.3443,1.3058,90,66,33,8,0
casual_0781,278.0743,42.6373,50.4225,23.8324,10.3130,16,0.0156,385.1540,511.4539,0.3765,0.0000,2.0115,0.6323,0.1332,0.8042,0.1290,0.1069,0.1997,0.0000,0.9891,0.7707,64,12,1,12,0
casual_1749,151.3737,48.1870,94.0254,18.0593,1.8466,43,0.0255,389.2848,609.5966,0.3576,0.0096,1.9779,0.5936,0.1826,0.5347,0.3380,0.5484,0.1355,0.0000,1.5746,0.6291,138,18,2,17,0
skilled_0388,126.9265,81.7435,106.3955,13.5806,5.3991,12,0.0000,402.8210,515.1638,0.3536,0.0002,3.0030,0.3688,0.0987,0.4235,0.2184,1.7648,0.3051,0.0000,1.5887,0.6756,55,16,10,7,0
speed_0031,168.1998,77.4097,23.4417,23.2465,5.9127,21,0.0182,861.5632,1306.7084,0.4945,0.7756,2.3350,0.1400,0.0803,0.8257,0.1044,1.4710,0.3378,0.0000,4.6420,2.8502,105,35,22,5,1
casual_0883,156.2629,67.8018,72.9923,23.4236,13.5249,5,0.0000,543.2008,489.4904,0.0200,0.0145,2.5060,0.5305,0.1559,0.3758,0.0912,1.0761,0.2514,0.0000,0.6645,1.4261,28,7,3,8,0
casual_2944,106.5723,47.3533,32.5202,5.2076,9.0911,11,0.0208,335.4992,587.1054,0.2718,0.0101,2.2319,0.8536,0.1530,0.7929,0.2045,0.6169,0.0660,0.0000,1.4439,0.4559,50,3,7,6,0
casual_1091,204.1012,38.9413,102.0927,29.2371,11.3431,15,0.0061,300.9082,594.3525,0.2087,0.0086,2.4857,0.4846,0.1803,0.4264,0.0300,0.7539,0.2863,0.0000,0.7011,0.8759,60,17,5,6,0
aimbot_0033,48.0505,161.8500,3.4427,2.4937,0.9192,55,0.0965,543.2176,579.4592,0.2087,0.0061,2.0223,0.0549,0.0024,0.4597,0.0561,1.8339,0.7531,0.0000,4.0850,10.9093,92,69,35,3,1
casual_0531,220.4597,87.2008,103.8981,5.0962,15.3052,29,0.0000,461.6708,490.8434,0.5063,0.0008,2.9220,0.6073,0.1455,1.0401,0.3945,0.4955,0.2392,0.0000,0.3475,0.5434,140,33,7,17,0
skilled_1022,222.0372,96.4832,103.7311,18.7082,7.5283,17,0.0456,393.1450,620.0000,0.5284,0.0104,2.4576,0.3750,0.0300,0.4740,0.1159,1.5546,0.2865,0.0000,1.5430,1.2332,62,17,19,7,0
esport_0171,224.1942,129.4827,56.3615,0.5000,2.8091,42,0.0283,506.8522,611.3672,0.6932,0.0412,3.2262,0.1831,0.0674,0.3457,0.2139,1.4960,0.7221,0.0000,3.6397,3.6874,101,72,27,8,0
skilled_1098,48.2051,86.9883,73.6766,5.0003,4.3547,12,0.0193,528.3887,566.8171,0.3025,0.0081,2.3321,0.1435,0.0944,0.6283,0.3189,1.1068,0.2756,0.0000,1.6131,2.7464,38,10,19,0,0
casual_1727,263.5771,13.2031,60.5418,20.1635,11.9300,13,0.0180,371.0682,585.5085,0.4046,0.0184,2.1397,0.6628,0.0841,0.3650,0.1096,0.6784,0.3602,0.0000,0.5162,0.7589,104,37,10,16,0
casual_0610,179.3380,84.1591,152.7021,12.3039,1.0000,18,0.0205,360.9781,584.7335,0.1142,0.0324,2.8498,0.3604,0.1548,0.6432,0.4223,1.3037,0.2684,0.0000,1.4994,0.1578,104,27,1,17,0
casual_0570,121.3833,28.3331,137.9078,34.4316,15.4820,9,0.0263,399.2402,614.9014,0.3128,0.0024,2.2697,0.5410,0.1356,0.5697,0.1465,0.7251,0.1378,0.0000,0.4718,0.6593,38,5,6,13,0
casual_2671,150.7644,66.9214,158.0953,12.4162,16.5673,23,0.0174,325.0229,536.7627,0.5386,0.0219,1.8273,0.6068,0.1529,0.7891,0.1639,0.9932,0.0820,0.0000,0.5964,1.2741,86,7,6,12,0
skilled_0718,185.0746,61.4403,130.5167,9.5791,7.9226,53,0.0196,536.4455,605.6618,0.5417,0.0085,2.3583,0.4171,0.0920,0.6044,0.2354,1.4511,0.4706,0.0000,1.9558,1.5470,135,63,10,4,0
casual_0343,190.2941,103.6383,137.1804,16.3766,8.4716,22,0.0000,410.7582,506.7797,0.3617,0.0070,2.3360,0.6996,0.1903,0.2638,0.4339,0.9900,0.2042,0.0000,1.3392,1.2579,112,22,7,16,0
skilled_0000,210.3788,132.6779,101.2641,13.2345,6.0997,10,0.0008,476.5932,614.5487,0.3831,0.0215,2.6739,0.3756,0.0546,0.6903,0.1225,1.7399,0.3735,0.0000,3.1809,0.8544,30,11,16,0,0
skilled_0139,88.2526,80.2155,53.6197,6.2584,8.0301,47,0.0171,481.3936,620.0000,0.5768,0.0097,2.6748,0.2433,0.1401,0.3895,0.1488,1.3017,0.5113,0.0000,3.6298,1.1488,199,101,12,0,0
casual_0434,40.8409,60.0893,49.7883,30.0281,10.1054,42,0.0219,551.8251,481.4810,0.4717,0.0031,2.8490,0.3829,0.2114,0.5433,0.1928,0.9335,0.4339,0.0000,0.0009,0.3942,164,71,1,6,0
casual_1903,71.9572,10.0000,34.4000,13.4282,20.9506,3,0.0322,233.9059,506.5024,0.3934,0.0053,2.1746,0.5759,0.1015,0.3861,0.2440,0.4076,0.1265,0.0000,1.4207,0.5269,28,3,9,17,0
skilled_0804,73.2097,113.7395,69.0933,14.7492,10.0055,29,0.0245,438.0727,584.0687,0.5075,0.0005,2.0427,0.2905,0.0445,0.3582,0.1603,0.7770,0.4000,0.0000,0.6799,1.0469,96,38,4,13,0
aimbot_0026,64.0393,116.5146,19.4259,2.6109,0.8287,70,0.0731,610.0000,597.0188,0.5314,0.0123,3.0085,0.0249,0.0212,0.3541,0.0815,1.7345,0.9083,0.0000,6.1387,7.4017,123,111,39,5,1
casual_2069,166.2272,45.6169,160.7915,20.4373,25.3708,4,0.0163,374.7771,493.1510,0.2885,0.0091,2.8016,0.6832,0.1841,0.5218,0.1772,0.5500,0.2998,0.0000,0.4986,0.8712,15,4,5,12,0
casual_1537,231.9573,80.4277,109.7052,20.6482,12.7647,7,0.0273,304.7624,583.6428,0.5060,0.0010,3.0508,0.7405,0.1671,0.8122,0.1800,0.4551,0.2837,0.0000,0.6942,0.9582,61,17,6,1,0
casual_2252,132.2943,78.0139,39.3302,17.1550,21.5479,10,0.0234,235.2312,463.2069,0.4995,0.0043,2.8854,0.3000,0.1961,0.6213,0.3795,1.2932,0.2560,0.0000,2.0404,0.0500,52,13,10,10,0
casual_2346,262.8879,139.1370,120.3414,30.0184,7.2308,13,0.0034,408.4829,579.3439,0.4062,0.0039,1.8922,0.5907,0.1363,0.2879,0.1949,0.9079,0.1902,0.0000,1.1566,1.3934,77,14,0,17,0
casual_1517,288.1326,43.0975,20.0000,17.8312,24.9910,20,0.0196,257.1474,483.7260,0.3596,0.0095,2.3562,0.7010,0.0400,1.0180,0.1703,0.4632,0.2643,0.0000,0.2429,0.9732,114,30,9,14,0
casual_0965,160.1483,47.7226,48.3252,31.7471,10.8625,8,0.0151,229.1578,613.9091,0.3824,0.0050,2.6605,0.6347,0.1149,0.7615,0.1110,1.1570,0.1957,0.0000,0.6796,1.1699,52,10,6,7,0
esport_0156,198.7733,125.7221,84.6132,8.1900,9.2072,38,0.0362,499.1825,625.0000,0.5517,0.0034,2.6071,0.1810,0.0714,0.5132,0.0741,2.0980,0.6663,0.0000,2.1802,3.9427,123,81,11,8,0
casual_0528,238.4683,20.5576,148.4949,20.3612,7.2509,35,0.0322,417.7649,472.3257,0.4567,0.0069,2.3708,0.4206,0.0725,0.4820,0.0300,1.3677,0.2946,0.0000,1.2834,1.1384,150,44,2,12,0
casual_0176,147.4762,41.5459,63.9469,16.9418,24.4650,4,0.0295,485.3955,591.2402,0.2731,0.0088,2.8686,0.8421,0.2434,0.8182,0.2150,0.8912,0.3448,0.0000,1.3899,0.5757,14,4,4,2,0
skilled_0482,107.1315,78.3735,63.5219,9.3187,5.2257,12,0.0326,497.1159,610.3247,0.6417,0.0022,3.3942,0.4153,0.0894,0.5571,0.1863,1.2612,0.5523,0.0000,0.7229,2.0723,34,18,18,6,0
casual_2543,97.4530,39.1430,110.1600,21.6014,15.1860,38,0.0000,567.7847,585.0923,0.3122,0.0077,2.5990,0.4157,0.1339,0.4909,0.1141,1.5798,0.1674,0.0000,0.3724,0.6250,130,21,11,17,0
trigger_0010,251.0831,67.8930,25.3688,10.3870,4.5297,64,0.0258,425.7669,579.5987,0.5439,0.0158,2.2258,0.0893,0.0023,0.5319,0.0010,2.0531,0.5051,0.0000,5.0798,2.3587,110,55,34,4,1
casual_0572,160.2946,127.6839,148.6870,26.4008,8.2324,33,0.0471,235.6118,605.1424,0.0200,0.0117,2.2505,0.8281,0.2822,0.9704,0.0730,0.6362,0.0684,0.0000,0.6259,0.3609,176,12,0,11,0
casual_2299,226.9637,51.0448,112.4007,2.0000,16.7242,10,0.0000,261.3774,569.0478,0.5268,0.0008,2.3849,0.6560,0.1444,0.7819,0.2010,0.7772,0.2458,0.0000,2.0401,0.6416,79,19,9,3,0
skilled_0508,168.6571,60.3848,81.3303,8.0362,5.1023,9,0.0091,397.0504,538.8101,0.4343,0.0141,2.0861,0.3728,0.0941,0.2525,0.1210,1.2934,0.2618,0.0000,1.5935,1.4623,32,8,6,8,0
casual_2459,172.3979,13.3397,88.7138,12.5256,4.8699,14,0.0090,505.6203,620.0000,0.5472,0.0028,2.9912,0.6889,0.1825,1.0981,0.3080,0.8963,0.0775,0.0000,1.9463,1.5825,69,5,9,16,0
skilled_0609,270.5721,92.9054,92.4083,14.3546,8.2593,58,0.0355,431.6787,564.5968,0.3814,0.0028,2.7956,0.2906,0.1070,0.6589,0.1417,1.4635,0.2507,0.0000,3.2157,1.0811,178,44,8,4,0
esport_0304,63.0586,166.7670,54.0648,0.5000,4.7706,87,0.0854,398.5341,615.0484,0.5312,0.0002,3.1208,0.1842,0.0746,0.2928,0.1608,2.4454,0.4410,0.0000,4.7341,2.7590,192,84,5,9,0
casual_2208,72.1987,10.0000,152.9291,16.5881,14.3239,21,0.0280,310.1909,577.1059,0.0200,0.0072,1.9837,0.5569,0.2170,1.2183,0.1802,1.4041,0.0200,0.0000,0.7869,0.5224,102,2,2,17,0
esport_0470,79.7768,113.0781,70.6276,1.8395,3.7452,33,0.0607,445.8467,624.4660,0.4297,0.0036,3.4766,0.2324,0.0459,0.2415,0.1367,2.8532,0.7800,0.0000,3.0951,0.8000,78,60,14,1,0
casual_2755,245.3296,91.0261,81.3627,34.9187,18.9895,7,0.0190,548.5579,588.0887,0.4556,0.0072,2.0328,0.6941,0.0430,0.5891,0.2048,0.1000,0.1221,0.0000,0.5424,1.1056,41,5,10,17,0
casual_0383,159.4298,64.3398,96.9016,13.2197,11.7681,7,0.0183,292.6388,570.1423,0.3624,0.0232,2.2009,0.4529,0.1720,0.5607,0.2989,1.2226,0.1648,0.0000,0.6597,0.0500,33,5,11,14,0
casual_0852,261.9254,27.4520,44.7398,19.4454,3.5118,10,0.0203,328.9003,579.6518,0.5721,0.0022,2.2219,0.5337,0.2268,0.8445,0.1131,0.1000,0.1844,0.0000,0.2986,1.8004,89,16,7,12,0
casual_1880,166.4858,68.6083,135.7464,37.4276,10.8072,30,0.0206,510.4567,528.1897,0.3937,0.0007,2.0029,0.4390,0.0400,1.0143,0.3497,1.2166,0.0368,0.0000,1.1272,1.7438,135,4,2,2,0
casual_0370,235.8837,104.1596,46.0212,17.4059,21.6325,29,0.0216,350.4843,542.6919,0.1972,0.0067,2.5329,0.3213,0.1304,0.4977,0.2065,1.4274,0.2120,0.0000,1.6208,0.8308,144,30,5,16,0
casual_2378,66.1223,33.8228,106.1191,22.5107,4.5149,22,0.0191,253.5719,594.6986,0.1943,0.0128,2.0143,0.7705,0.1689,0.5663,0.3292,0.2669,0.2163,0.0000,1.4838,1.1367,112,24,3,16,0
esport_0073,281.5619,141.0675,89.8118,5.0318,4.6609,10,0.0000,477.8497,597.0627,0.7397,0.0090,2.7495,0.2052,0.0762,0.3529,0.1947,2.2353,0.6387,0.0000,3.3810,4.1027,46,29,25,9,0
casual_1105,239.0707,45.7385,154.9074,9.2311,10.4643,26,0.0083,411.8788,505.1280,0.2695,0.0019,1.8344,0.3362,0.0994,0.6802,0.2986,1.0432,0.1523,0.0000,0.4361,0.5082,132,20,5,8,0
skilled_0413,253.0262,150.1567,79.4597,18.5780,9.4027,5,0.0243,461.6899,609.3529,0.0974,0.0055,2.0737,0.2163,0.1146,0.7513,0.0690,1.4025,0.4098,0.0000,1.4506,3.0831,21,8,8,10,0
skilled_0946,45.7674,103.3424,97.1732,9.4470,9.2569,13,0.0468,449.0878,611.0422,0.4433,0.0243,2.4817,0.3380,0.1001,0.3536,0.1028,1.3097,0.2938,0.0000,2.0734,0.9777,66,19,3,2,0
casual_1336,80.6545,63.5560,123.5850,23.6956,12.6332,10,0.0096,262.8142,552.6637,0.2422,0.0007,1.9007,0.5901,0.1528,0.6557,0.1241,0.1000,0.1430,0.0000,2.2316,1.1875,60,8,11,11,0
casual_2189,280.9917,58.5176,73.3703,15.2331,13.8643,7,0.0180,258.2437,528.3877,0.5235,0.0097,3.1390,0.5737,0.1243,0.8791,0.1513,0.5178,0.2213,0.0000,0.9930,1.1050,40,8,8,10,0
esport_0344,120.0609,93.1684,43.9982,7.5883,4.1875,52,0.0108,469.0136,588.4904,0.6295,0.0017,2.8620,0.2095,0.0767,0.4546,0.1523,1.1060,0.6216,0.0000,2.8086,1.9886,158,98,9,6,0
casual_2319,278.1963,129.8337,73.6482,22.7846,7.1966,12,0.0020,390.1104,486.7659,0.2946,0.0133,2.0888,0.3270,0.1457,1.1628,0.2366,1.0676,0.1669,0.0000,0.6880,0.9308,63,10,5,4,0
esport_0455,207.0607,96.3800,49.8658,4.3724,3.6742,18,0.0453,453.7020,625.0000,0.5157,0.0181,3.1735,0.1587,0.0942,0.3123,0.1497,1.6158,0.4747,0.0000,5.2023,3.1183,53,25,31,0,0
skilled_0710,110.8508,117.9406,15.0000,15.5956,5.6784,17,0.0034,512.0351,575.0163,0.2589,0.0085,3.0958,0.3663,0.0662,0.1945,0.0958,1.1608,0.1106,0.0000,2.5658,2.4843,57,6,7,8,0
aimbot_0098,176.7583,190.0870,27.8107,1.3513,0.4986,39,0.0754,418.0415,625.0000,0.4495,0.0183,2.5952,0.0459,0.0091,0.6098,0.0324,2.4537,0.6951,0.0000,7.1657,7.4008,59,41,29,0,1
casual_1171,229.2053,57.6912,90.6811,20.6511,15.2852,19,0.0157,464.3817,620.0000,0.1932,0.0013,2.0324,0.3530,0.0400,0.4447,0.2090,0.5042,0.2223,0.0000,1.2392,0.3161,108,24,1,2,0
esport_0075,240.7273,131.6832,80.3937,7.6912,3.7526,21,0.0697,461.7977,575.5163,0.5262,0.0040,2.6758,0.1655,0.0733,0.4299,0.1424,1.9268,0.4220,0.0000,2.2222,4.0214,64,27,6,6,0
casual_2694,266.2097,10.0000,40.7651,15.9742,24.7981,7,0.0000,354.8548,519.8087,0.6253,0.0083,1.7057,0.5384,0.1520,0.5380,0.2637,1.4718,0.1003,0.0000,0.0000,0.4771,37,3,1,14,0
casual_1422,153.2290,43.7256,48.2870,15.9835,6.2327,16,0.0007,512.1585,615.2810,0.5496,0.0012,2.0621,0.6818,0.1043,0.3125,0.3821,0.9578,0.1999,0.0000,0.3608,0.9259,85,16,9,15,0
casual_2341,48.6673,46.8595,156.5469,16.9106,29.2078,20,0.0025,295.2218,583.0535,0.1420,0.0057,2.9722,0.5094,0.1413,0.9232,0.1771,0.5097,0.1776,0.0000,1.0018,0.1654,115,20,0,10,0
casual_2651,143.4440,50.6791,94.3265,25.1367,14.2254,13,0.0218,367.5127,599.1860,0.3754,0.0033,2.5582,0.5620,0.1325,0.6772,0.1205,1.7347,0.2186,0.0000,1.0922,1.1397,81,17,1,16,0
skilled_1155,93.1508,118.3263,99.9923,12.4685,6.8504,11,0.0173,351.0407,513.1878,0.4800,0.0070,2.6048,0.4309,0.0684,0.2947,0.1942,1.8472,0.4066,0.0000,2.8622,0.9417,37,15,12,11,0
casual_1464,206.3618,53.7456,145.3798,21.4065,13.4348,18,0.0234,272.2162,595.5594,0.4238,0.0065,0.7241,0.4721,0.1691,0.7042,0.2932,0.3468,0.1322,0.0000,1.6951,0.6809,112,14,8,8,0
casual_0874,224.2144,75.5684,62.0508,26.0543,19.9571,17,0.0000,565.0583,603.6181,0.3647,0.0115,1.8551,0.5306,0.0400,0.3334,0.3043,0.4032,0.1660,0.0000,1.0721,0.6075,140,23,8,11,0
skilled_0339,150.2878,136.6568,153.8947,9.9546,9.3393,25,0.0193,434.1866,620.0000,0.5526,0.0117,2.6851,0.3735,0.0795,0.1000,0.0995,0.7584,0.3435,0.0000,2.5040,1.2378,82,28,6,3,0
esport_0090,130.6918,136.7264,38.7248,4.6295,2.5852,43,0.0716,449.2680,617.3962,0.7472,0.0148,2.9115,0.1119,0.0777,0.1000,0.0441,2.4449,0.5888,0.0000,3.6046,6.3402,152,89,14,6,0
casual_1251,58.9988,68.9870,110.2110,7.3486,11.9452,2,0.0131,278.7916,572.8548,0.3358,0.0150,1.7336,0.3513,0.1822,0.9744,0.2151,1.7269,0.1562,0.0000,1.1867,0.1891,11,1,7,1,0
casual_2348,54.0108,83.4005,89.2828,14.4815,15.9501,48,0.0037,355.6916,525.9938,0.3503,0.0066,2.4371,0.8424,0.1876,0.9205,0.1115,0.9877,0.1593,0.0000,0.3724,1.1498,165,26,4,5,0
casual_0840,33.3669,89.1131,86.7998,22.6915,20.8255,13,0.0059,413.7943,620.0000,0.4545,0.0001,1.7823,0.8491,0.1339,1.0148,0.1585,1.2330,0.2776,0.0000,1.1455,0.8972,68,18,0,16,0
esport_0318,67.5358,164.5759,77.2343,3.6314,3.8608,66,0.0692,450.6185,593.8350,0.7416,0.0195,3.1032,0.0911,0.0660,0.4756,0.0799,1.7995,0.4898,0.0000,3.8161,3.8975,166,81,28,4,0
casual_0581,173.4810,82.4865,20.0000,13.9003,10.7607,18,0.0000,206.2028,604.3488,0.4238,0.0058,2.5498,0.4969,0.1285,0.5125,0.0300,0.3537,0.3134,0.0000,1.0626,0.7612,153,47,6,12,0
casual_0204,33.7628,107.2990,20.0000,17.0697,15.5052,22,0.0131,352.7190,544.3458,0.3907,0.0140,2.8560,0.5090,0.0400,0.5920,0.2913,0.9261,0.2731,0.0000,0.8349,1.3191,119,32,11,1,0
casual_1641,56.4028,106.5572,99.2932,4.6666,9.1978,25,0.0262,347.3632,436.0931,0.4174,0.0035,2.5995,0.5766,0.1187,0.7167,0.3209,0.5625,0.2144,0.0000,1.2847,0.7899,100,21,8,12,0
casual_2014,141.8755,82.4068,102.1087,17.4468,3.3860,37,0.0204,403.6721,579.6296,0.3038,0.0202,2.8347,0.3695,0.0959,0.4943,0.1778,0.9517,0.3028,0.0000,0.0000,1.1985,145,43,3,1,0
casual_0905,206.1802,58.8464,169.1568,18.6644,8.5963,19,0.0211,331.2141,607.2474,0.3536,0.0109,2.0443,0.5556,0.2120,0.6850,0.2317,0.7236,0.2275,0.0000,1.0313,1.3122,157,35,11,2,0
casual_0631,252.0974,118.3448,163.0768,6.7073,4.8291,17,0.0000,283.6923,552.8884,0.3670,0.0179,2.1547,0.2770,0.2084,0.8982,0.2964,0.8374,0.1980,0.0000,1.7342,0.7004,96,19,4,4,0
skilled_0364,135.5769,89.7516,107.4499,7.8218,10.9847,15,0.0158,352.2375,616.8954,0.3596,0.0005,2.5529,0.2080,0.1397,0.5826,0.1357,1.2624,0.2786,0.0000,1.2589,1.3465,100,27,4,12,0
casual_1974,77.1980,36.3273,29.4695,18.6560,9.0115,12,0.0100,408.5142,497.7794,0.6321,0.0171,1.5330,0.5626,0.0900,0.7589,0.1476,1.1455,0.2391,0.0000,0.4793,0.6350,89,21,2,17,0
casual_0162,92.1578,30.3180,150.8511,5.6980,20.3433,16,0.0084,436.4002,595.7748,0.5208,0.0008,2.5345,0.7517,0.0400,0.1500,0.2328,1.1540,0.2745,0.0000,1.7158,0.1964,53,14,1,6,0
skilled_0172,89.6955,113.2231,81.7452,10.4365,10.6333,68,0.0195,541.0312,616.7258,0.5104,0.0043,3.0232,0.2493,0.0990,0.4401,0.2164,1.3553,0.4399,0.0000,2.2014,1.9068,166,73,9,4,0
skilled_0612,116.4272,106.6205,109.8271,5.9089,9.2534,8,0.0171,314.0729,605.8086,0.6108,0.0112,2.0009,0.2705,0.0300,0.3433,0.2581,1.4006,0.2777,0.0000,2.9462,1.5997,31,8,12,11,0
esport_0425,224.7754,187.1082,28.6004,2.2044,1.8171,58,0.0216,492.1084,596.1888,0.4627,0.0046,2.3459,0.1892,0.0655,0.4776,0.1235,1.6332,0.3354,0.0000,2.6930,1.6654,168,56,25,1,0
casual_0617,123.5531,44.0062,100.2770,23.3918,7.5779,12,0.0075,440.3799,538.5361,0.4414,0.0169,1.7809,0.6163,0.1381,0.8366,0.1188,1.3383,0.1286,0.0000,1.3856,1.1352,56,7,3,3,0
skilled_1068,246.3819,88.6063,40.8222,7.5130,4.7083,27,0.0081,442.3422,618.9019,0.4250,0.0036,2.8543,0.1930,0.1551,0.7564,0.1654,1.3581,0.5767,0.0000,1.2542,2.3537,96,55,6,10,0
casual_1431,195.2997,10.0000,97.9542,7.0220,5.8167,3,0.0426,360.7158,581.0621,0.2720,0.0125,2.0267,0.4378,0.2095,0.5553,0.0854,1.1091,0.2199,0.0000,0.0000,0.3663,17,3,6,3,0
casual_0547,51.6133,52.5372,89.2287,15.6174,14.6384,8,0.0168,152.1725,553.6939,0.4387,0.0080,1.7078,0.8244,0.1560,0.8872,0.1653,0.6717,0.0200,0.0000,2.0006,0.6414,78,1,1,9,0
skilled_0334,87.4593,128.6446,102.0252,12.4115,6.2687,28,0.0281,437.8533,603.6473,0.5168,0.0000,2.5365,0.2860,0.0930,0.3368,0.2295,1.1442,0.4289,0.0000,0.8632,2.8154,93,39,18,7,0
esport_0296,213.2198,172.6617,64.9358,10.8502,7.9205,60,0.0495,438.1157,596.1780,0.6806,0.0020,2.2129,0.1724,0.0934,0.5365,0.1042,3.1249,0.5592,0.0000,3.3629,4.8028,184,102,26,2,0
skilled_1223,169.2941,81.0232,121.5163,16.1522,3.3283,46,0.0314,483.3858,560.4747,0.3568,0.0045,2.2297,0.4116,0.0655,0.4708,0.2576,1.0230,0.3643,0.0000,3.6483,1.8034,153,55,4,6,0
casual_2387,42.1177,94.3141,134.8459,2.0000,9.7604,14,0.0132,471.7950,620.0000,0.2692,0.0078,2.0772,0.3737,0.2985,0.8993,0.1901,0.5141,0.3275,0.0000,0.1539,0.4599,62,20,10,8,0
skilled_1243,229.3226,118.0496,48.3800,14.4332,2.5562,11,0.0277,414.5755,620.0000,0.4238,0.0023,2.1136,0.3048,0.0897,0.5204,0.2513,1.8003,0.3648,0.0000,2.0059,1.2064,46,16,8,11,0
skilled_0995,274.5751,81.6475,128.7350,17.1617,7.1997,34,0.0178,440.6636,605.2936,0.3192,0.0084,2.9937,0.2527,0.1398,0.7276,0.1111,1.1647,0.4284,0.0000,1.4169,1.5600,147,62,15,12,0
skilled_1065,204.5125,66.7585,116.0436,14.1553,5.1475,39,0.0218,382.6379,582.8782,0.4273,0.0213,1.8822,0.2523,0.1415,0.5848,0.2218,1.9618,0.2917,0.0000,0.2000,1.8759,181,52,8,13,0
casual_1861,298.2511,109.9443,158.5762,34.7609,15.3070,45,0.0000,336.1138,607.2152,0.1452,0.0054,2.0825,0.4141,0.2135,0.6183,0.2133,1.1826,0.0676,0.0000,1.2322,0.1469,171,11,6,14,0
casual_0640,229.6465,67.4656,42.5933,13.7204,4.7908,24,0.0097,454.7758,620.0000,0.1784,0.0275,2.3797,0.7361,0.1200,0.5719,0.0730,0.8753,0.2380,0.0000,1.4977,0.8101,147,34,2,2,0
skilled_0902,87.8578,71.1645,100.9222,15.8227,1.0000,15,0.0317,440.5280,585.3567,0.6204,0.0038,2.1574,0.2848,0.0968,0.2819,0.1139,1.5951,0.4226,0.0000,3.4855,0.4213,53,22,19,9,0
casual_0637,222.5797,95.3998,64.7404,26.3026,13.4503,24,0.0223,416.0198,523.4313,0.4171,0.0139,2.1089,0.7079,0.1598,0.1500,0.1591,0.8568,0.1838,0.0000,1.7752,0.5591,122,22,10,14,0
esport_0012,262.4669,129.0492,49.7463,11.7183,3.9330,44,0.0000,422.2243,595.2631,0.6029,0.0023,2.4604,0.0832,0.0437,0.4792,0.1560,1.9503,0.6816,0.0000,2.7578,3.8737,188,128,19,6,0
skilled_0910,123.8225,35.3286,85.9838,14.7925,6.3782,14,0.0215,397.9309,609.6443,0.4211,0.0116,3.1964,0.4843,0.1040,0.6688,0.1441,0.5949,0.3434,0.0000,1.3323,1.1319,56,19,13,6,0
casual_2986,46.3909,59.7047,45.2647,18.0973,19.9667,3,0.0074,244.2321,531.3163,0.6105,0.0062,1.4868,0.4485,0.1161,0.5312,0.2138,0.5746,0.2746,0.0000,0.0000,0.9879,12,3,4,16,0
casual_2096,40.5244,10.0000,106.5979,31.3046,13.1114,5,0.0293,360.4444,557.8816,0.3163,0.0097,2.2829,0.5526,0.1985,0.3273,0.2728,0.3968,0.1632,0.0000,1.0252,1.5802,27,4,10,4,0
esport_0361,77.4797,97.5721,50.6726,9.2515,8.2752,48,0.0372,514.3210,565.5721,0.1634,0.0099,3.1485,0.1764,0.0453,0.1268,0.0333,1.5639,0.6330,0.0000,7.3182,3.1342,164,103,32,2,0
skilled_0075,162.3753,157.0626,77.6899,3.3688,2.8828,16,0.0224,414.9805,620.0000,0.0812,0.0048,3.0824,0.2992,0.1245,0.2619,0.3083,1.7420,0.3632,0.0000,1.9672,1.9753,63,22,16,10,0
skilled_0674,208.5689,106.5606,15.0000,9.8398,9.7296,28,0.0314,515.3699,620.0000,0.4836,0.0013,2.1652,0.2854,0.0498,0.5744,0.1695,1.7176,0.2233,0.0000,2.3667,1.0449,105,23,6,7,0
casual_2841,146.9095,158.8469,20.0000,10.3858,9.6255,15,0.0179,476.1689,584.2465,0.7819,0.0108,2.0843,0.5356,0.0400,0.6381,0.1305,0.7832,0.1757,0.0000,0.9873,0.2420,39,6,10,16,0
casual_0921,258.3652,73.2034,79.0208,22.4782,14.4218,18,0.0244,283.4912,601.3671,0.5147,0.0228,2.5790,0.7123,0.1451,0.4461,0.1470,0.4625,0.1686,0.0000,0.6924,0.2039,141,23,6,3,0
casual_0546,135.9946,70.6438,87.6193,25.0014,8.9512,6,0.0034,383.4334,620.0000,0.3142,0.0007,1.9337,0.8152,0.1368,0.4424,0.2435,0.7565,0.2285,0.0000,1.6084,0.4467,28,6,9,15,0
skilled_0666,224.3228,70.8660,61.8326,8.5339,7.4567,58,0.0107,387.4616,597.5086,0.3623,0.0016,2.7225,0.3553,0.0721,0.4574,0.2438,1.4112,0.4479,0.0000,1.9915,3.2274,192,86,13,5,0
casual_1900,187.0664,41.5940,127.6301,14.1591,11.3524,11,0.0222,356.9439,595.7171,0.2417,0.0005,1.7669,0.6266,0.1872,0.9709,0.2643,0.7259,0.0363,0.0000,1.2718,1.1104,114,4,8,11,0
casual_2028,173.2191,91.9302,22.9169,16.3304,15.0662,13,0.0223,576.6010,529.1754,0.4395,0.0100,2.4848,0.3361,0.0806,1.1572,0.3494,1.5238,0.2446,0.0000,1.3950,1.5839,167,40,10,3,0
casual_2301,234.2558,48.0872,91.8211,14.7225,7.0861,12,0.0311,268.1584,555.4269,0.5252,0.0025,2.4618,0.5779,0.1867,0.6351,0.4228,1.1463,0.2902,0.0000,0.9059,1.3565,54,15,5,6,0
casual_1885,119.2828,90.3218,123.3568,27.5135,14.4257,28,0.0143,553.7203,620.0000,0.6823,0.0061,2.6336,0.2000,0.2841,1.1211,0.2947,0.3198,0.2284,0.0000,0.5648,0.9735,115,26,10,9,0
casual_1642,156.4225,82.6908,90.3656,13.9041,11.3497,53,0.0238,322.4257,579.5244,0.3642,0.0093,2.6520,0.2049,0.1859,0.8394,0.1751,1.1028,0.2855,0.0000,1.3332,1.0250,154,43,8,1,0
skilled_0509,213.9485,112.4736,111.7566,6.8020,1.0000,54,0.0287,463.1964,590.4576,0.3216,0.0047,2.3875,0.4540,0.1208,0.3923,0.1566,0.6703,0.3644,0.0000,3.1984,2.3856,188,68,18,11,0
aimbot_0059,176.1119,129.9317,4.4245,4.7923,0.4852,73,0.0613,525.2442,611.7909,0.5828,0.0032,2.4078,0.1144,0.0144,0.4135,0.0511,1.8687,0.7467,0.0000,6.2501,8.4856,105,78,20,0,1
casual_2097,163.5421,110.6653,126.3433,9.7067,16.6361,12,0.0231,512.4651,620.0000,0.0200,0.0037,2.0039,0.7298,0.1098,0.4926,0.1218,0.1776,0.3600,0.0000,1.5849,0.6385,77,27,6,1,0
esport_0107,187.4931,148.1569,65.5546,3.8544,5.6188,40,0.0681,394.8380,596.9106,0.5699,0.0142,2.9621,0.2282,0.0460,0.5356,0.1453,2.5029,0.4478,0.0000,4.8406,4.3374,107,47,26,9,0
skilled_0788,217.6181,102.0217,78.0593,9.3541,6.3775,10,0.0169,366.7366,575.8790,0.4098,0.0033,3.1272,0.5522,0.0928,0.5284,0.2001,0.7346,0.3472,0.0000,0.9482,1.5703,36,12,3,8,0
esport_0244,190.0277,101.8428,81.6397,5.0654,5.4631,12,0.0394,461.0205,591.3456,0.6346,0.0090,2.7043,0.1229,0.1333,0.2156,0.1604,1.3297,0.3833,0.0000,4.1249,5.8509,42,16,25,7,0
trigger_0042,187.5435,157.1809,26.2754,7.1347,5.8791,88,0.0285,401.9343,620.9431,0.1881,0.0047,2.6425,0.1053,0.0023,0.4573,0.0010,2.3286,0.5932,0.0000,3.7070,3.1227,141,83,32,0,1
casual_0836,234.7740,96.2648,30.0804,2.0000,1.0000,26,0.0196,263.4187,508.5815,0.0299,0.0036,1.7837,0.3005,0.1064,0.5474,0.2883,1.2211,0.1881,0.0000,1.5205,0.1941,137,25,9,1,0
casual_0601,235.5868,86.4938,27.4910,16.4239,18.4646,37,0.0122,337.1251,620.0000,0.4150,0.0019,1.6587,0.7732,0.1485,0.5652,0.2968,1.0503,0.3787,0.0000,0.0000,1.3850,173,65,6,5,0
casual_2184,172.1442,63.0051,44.4242,5.2692,11.4268,36,0.0059,476.4957,589.5655,0.5040,0.0103,2.0291,0.4334,0.2634,0.2704,0.1408,0.8887,0.3227,0.0000,1.0212,0.0500,150,48,8,15,0
skilled_0865,146.8497,92.6705,58.2971,5.5631,5.8856,6,0.0182,418.5487,608.6102,0.3001,0.0002,2.6390,0.3071,0.1363,0.3965,0.0401,1.0424,0.3165,0.0000,3.1469,1.0585,43,13,9,1,0
casual_2481,93.4068,117.6316,132.7678,7.6961,5.9655,6,0.0176,315.7676,606.5974,0.6166,0.0126,1.9996,0.6591,0.1291,0.5272,0.1648,1.1175,0.3517,0.0000,0.5920,1.0316,29,10,9,10,0
esport_0057,196.2181,206.5210,83.6644,3.1549,6.1684,24,0.0581,424.1165,625.0000,0.3453,0.0302,3.1074,0.0942,0.0892,0.4481,0.1082,0.6094,0.4301,0.0000,4.3773,3.7579,90,38,12,7,0
casual_1582,138.4486,103.4120,93.3434,2.0000,1.0000,11,0.0011,442.0041,524.2460,0.6002,0.0227,3.0407,0.2643,0.1770,0.6273,0.2777,0.1000,0.0200,0.0000,1.2636,1.4435,105,2,6,1,0
esport_0016,279.9166,158.5300,86.3357,4.7645,1.3170,14,0.0411,500.1480,616.9996,0.5909,0.0022,2.6930,0.1626,0.0266,0.2429,0.1917,2.0789,0.6908,0.0000,5.6931,3.6334,48,33,27,9,0
casual_2533,34.4502,98.2373,60.5821,6.8446,9.9702,25,0.0245,308.9883,620.0000,0.2435,0.0170,2.7177,0.6949,0.1639,0.5160,0.2639,1.5455,0.2472,0.0000,0.9458,1.0020,167,41,11,6,0
casual_2725,230.0201,70.2585,131.7768,19.6212,1.0000,16,0.0183,443.9146,595.7537,0.0280,0.0065,2.4327,0.7205,0.1113,0.3421,0.2043,0.6244,0.1570,0.0000,1.5867,1.3106,91,14,11,10,0
casual_1070,266.2791,148.3591,89.6089,15.4323,8.6200,13,0.0141,363.9805,530.2729,0.3066,0.0050,2.3730,0.6091,0.1720,0.5812,0.0869,0.9511,0.3528,0.0000,1.4573,0.7355,56,19,11,10,0
casual_1775,170.9738,41.7639,71.8209,22.9307,18.3829,12,0.0194,408.5659,494.4610,0.3620,0.0049,2.1193,0.7630,0.0997,0.6666,0.2802,0.6188,0.2432,0.0000,0.3775,0.7908,59,14,2,8,0
aimbot_0058,162.5552,158.2082,16.6236,2.0555,0.9039,50,0.0731,454.1000,563.7760,0.4874,0.0015,2.1794,0.0678,0.0177,0.5567,0.0895,1.7764,0.7521,0.0000,3.8828,8.7549,70,52,10,0,1
casual_1283,200.9503,112.3332,21.8098,18.1823,18.3661,9,0.0039,384.8052,529.3950,0.5667,0.0310,1.3889,0.3923,0.1871,0.8662,0.1199,1.4444,0.0669,0.0000,1.3142,0.5308,78,5,5,17,0
skilled_0050,58.3056,113.3972,118.6207,5.7006,10.7499,61,0.0265,608.2027,610.2692,0.3630,0.0152,2.7194,0.3579,0.0877,0.3070,0.2184,0.2097,0.3414,0.0000,3.4023,1.8610,174,59,7,6,0
aimbot_0003,181.5434,151.6432,16.1821,1.8133,1.3567,120,0.1044,281.3365,567.3284,0.3869,0.0278,1.8353,0.0521,0.0132,0.4736,0.0402,1.8273,0.6971,0.0000,7.2842,5.8035,154,107,10,2,1
casual_1836,30.1534,126.0306,97.0047,21.1385,11.3234,23,0.0000,488.0416,601.7330,0.0647,0.0037,2.0873,0.6322,0.1947,0.9538,0.1412,1.4115,0.1511,0.0000,2.0730,0.7941,150,22,6,16,0
skilled_1242,102.2823,93.1222,101.4428,9.4205,1.1347,10,0.0237,495.9440,620.0000,0.6367,0.0093,3.1354,0.3021,0.1083,0.3287,0.0801,2.2869,0.3408,0.0000,3.3173,1.3261,47,16,17,2,0
casual_1019,151.4008,67.6833,147.5583,25.1594,7.3895,5,0.0104,319.8942,544.4288,0.2870,0.0100,2.0558,0.5416,0.2045,0.9623,0.2544,1.4590,0.2964,0.0000,0.7825,0.3698,35,10,1,4,0
skilled_1133,243.5342,94.2770,76.2660,13.0210,11.3638,30,0.0300,445.4931,562.8211,0.4996,0.0070,2.6461,0.2925,0.0786,0.2418,0.1078,1.4633,0.5129,0.0000,0.2191,2.0544,138,70,5,0,0
casual_1326,130.7264,57.0691,47.9380,11.2541,15.1767,31,0.0225,419.8776,515.2038,0.5421,0.0028,3.4828,0.7781,0.2877,0.8604,0.2813,1.2892,0.2163,0.0000,1.2218,0.2974,122,26,7,12,0
casual_0475,112.2702,87.2701,43.5102,31.6644,7.8487,6,0.0066,377.7218,530.4503,0.7116,0.0155,1.2820,0.5535,0.0983,0.4604,0.1796,0.1351,0.3122,0.0000,1.3257,1.6088,118,36,9,15,0
esport_0021,231.9342,174.6123,66.4479,6.3747,7.5937,61,0.0520,369.7853,573.1104,0.5385,0.0085,3.0211,0.2285,0.0637,0.3872,0.1908,2.1343,0.3884,0.0000,4.2061,1.7028,177,68,25,1,0
casual_1651,104.0163,59.6674,155.8316,29.8471,1.0000,52,0.0068,455.1293,564.0168,0.7262,0.0042,1.8571,0.9868,0.1758,0.8010,0.1783,1.0141,0.0314,0.0000,2.2006,0.8096,165,5,3,7,0
skilled_0998,232.0526,84.5118,74.7028,17.1230,3.2715,13,0.0172,341.1548,562.7268,0.5527,0.0134,2.2334,0.3772,0.1278,0.1882,0.2198,1.1441,0.3068,0.0000,3.0202,1.5004,46,14,6,0,0
esport_0217,225.3126,89.7652,80.6507,10.6202,3.2699,43,0.0615,449.4781,625.0000,0.5992,0.0156,3.1088,0.1007,0.0655,0.5420,0.1459,1.4086,0.5710,0.0000,4.5841,5.1837,105,59,33,5,0
casual_2610,269.3943,27.8594,147.3925,28.9495,10.7115,38,0.0000,402.2452,568.6618,0.3640,0.0021,2.7440,0.6793,0.1445,0.4198,0.2261,1.1772,0.3388,0.0000,0.1690,0.0735,179,60,5,7,0
casual_2476,68.6120,87.6924,95.6159,18.7550,11.6359,39,0.0000,374.3080,552.6389,0.4772,0.0082,2.0962,0.6522,0.2218,0.7204,0.3148,0.7023,0.2965,0.0000,0.9153,0.5048,164,48,6,10,0
casual_2583,82.5496,72.6243,20.0000,10.0332,16.6207,5,0.0158,150.5561,500.1887,0.5521,0.0043,2.3576,0.7477,0.1408,0.3340,0.1720,1.6627,0.2491,0.0000,1.2453,0.7874,34,8,1,5,0
casual_1373,248.4218,79.0864,116.1970,13.2470,16.6283,40,0.0025,459.6716,594.0201,0.1441,0.0037,2.2197,0.6856,0.1537,0.6745,0.0831,0.9523,0.1094,0.0000,1.1829,0.5665,130,14,10,14,0
casual_0739,142.4846,89.8510,40.8139,17.9623,13.9118,41,0.0005,530.8014,507.3624,0.4314,0.0033,2.1909,0.5193,0.1939,0.5221,0.3745,0.9170,0.3370,0.0000,0.9012,0.7127,115,38,3,13,0
skilled_0618,50.7419,85.1008,62.0987,13.3484,8.1896,30,0.0085,397.3528,620.0000,0.4102,0.0124,2.6303,0.4179,0.0642,0.3069,0.1171,0.9599,0.3549,0.0000,2.0725,1.3878,163,57,12,8,0
casual_2440,299.3702,48.1585,169.1981,27.7447,7.0556,10,0.0343,266.9802,562.9906,0.2163,0.0062,2.6495,0.9249,0.1248,0.7555,0.1575,1.4639,0.0466,0.0000,0.0000,0.4569,86,4,7,3,0
casual_0867,245.4863,58.8313,76.1397,17.9033,20.8690,2,0.0078,318.9113,559.3436,0.2343,0.0185,1.6191,0.6147,0.2430,1.2799,0.4005,0.6713,0.2820,0.0000,1.2169,0.5574,12,3,1,16,0
casual_1140,125.4012,119.5570,102.4394,2.2400,19.6846,8,0.0309,349.5579,520.9809,0.3578,0.0053,2.5259,0.7468,0.2275,0.7760,0.2611,1.3168,0.1874,0.0000,1.0954,1.2715,30,5,8,3,0
casual_0997,30.6234,33.0307,29.9274,4.1595,4.2154,18,0.0455,291.3715,544.0444,0.2554,0.0051,1.6402,0.4004,0.1255,0.4848,0.1905,0.9591,0.3607,0.0000,1.9243,1.1761,147,53,4,8,0
casual_1337,190.4536,25.5063,128.3178,13.5189,13.6244,4,0.0392,240.9848,541.4618,0.3258,0.0023,2.6613,0.5386,0.1366,0.3862,0.3890,0.5701,0.1838,0.0000,1.2350,2.0158,33,6,7,15,0
casual_0541,180.1117,24.1817,20.0000,11.9518,13.7772,6,0.0000,375.8620,522.6308,0.6254,0.0027,1.9705,0.5668,0.2576,0.4513,0.1603,1.0608,0.2488,0.0000,0.6632,0.4384,24,5,8,14,0
casual_1099,75.2789,90.5540,103.9235,22.9588,15.9205,23,0.0194,384.9046,562.2382,0.2335,0.0002,1.6126,0.7055,0.1172,0.2962,0.0300,0.9243,0.2301,0.0000,0.4842,1.1577,116,26,3,16,0
casual_1132,55.7038,84.5348,121.9334,24.2016,10.5516,23,0.0160,301.6010,522.8459,0.2449,0.0040,1.9297,0.7427,0.2524,0.2262,0.3872,1.0816,0.0814,0.0000,1.7096,0.5832,146,11,1,11,0
skilled_1064,204.2149,99.8653,65.2868,13.3524,2.2510,47,0.0208,346.9121,576.4494,0.3840,0.0060,2.0927,0.5002,0.0621,0.6350,0.1813,1.3146,0.3498,0.0000,3.2464,1.2301,150,52,8,5,0
casual_2715,91.1273,14.2459,77.1804,5.2225,16.5858,11,0.0149,365.4709,500.7278,0.6159,0.0027,2.5295,0.3127,0.1895,0.8289,0.1732,0.8186,0.2366,0.0000,1.5469,0.3601,45,10,4,7,0
casual_2258,45.8540,87.8990,185.3429,12.5669,19.5369,38,0.0000,472.1060,580.5239,0.5827,0.0230,2.4217,0.2373,0.0672,0.3615,0.1570,0.2553,0.0858,0.0000,1.0765,1.0014,165,14,3,8,0
aimbot_0000,134.2646,128.9017,24.7516,2.8345,1.0650,43,0.0602,412.9751,614.1119,0.5180,0.0063,2.0777,0.0546,0.0055,0.6935,0.0541,1.9007,0.8779,0.0000,5.3195,10.2871,70,61,35,3,1
casual_0059,60.9231,67.9335,112.1509,13.9648,16.7379,24,0.0221,447.7849,472.9239,0.2748,0.0003,1.6731,0.4501,0.1916,0.3755,0.3425,0.9497,0.1759,0.0000,0.0356,0.7568,137,24,4,15,0
casual_2883,118.8502,79.5393,95.5784,9.1177,14.4547,4,0.0285,435.8514,589.4890,0.0200,0.0059,2.2754,0.7103,0.1786,1.1321,0.1346,0.6777,0.1579,0.0000,1.4715,0.5742,29,4,7,1,0
casual_1938,96.3028,76.3117,90.2475,6.1828,13.0319,18,0.0254,427.2174,620.0000,0.3059,0.0169,2.0050,0.7091,0.2048,0.2642,0.3336,0.3124,0.0497,0.0000,0.9444,0.3894,84,4,4,4,0
casual_2576,218.1157,84.9000,84.0785,24.5615,9.3452,14,0.0241,496.5306,620.0000,0.1532,0.0064,2.3636,0.6226,0.1645,0.7525,0.2928,0.6511,0.1948,0.0000,0.1624,0.4489,68,13,1,8,0
trigger_0011,155.4444,79.0169,38.6125,0.5000,3.4057,37,0.0110,388.1219,540.5235,0.4514,0.0137,2.7287,0.0634,0.0034,0.5127,0.0081,2.3191,0.4724,0.0000,4.5663,2.7129,70,33,14,6,1
casual_1078,200.6947,78.9761,69.6626,16.2607,13.8031,27,0.0099,600.0000,466.6594,0.3016,0.0080,2.7313,0.2375,0.1733,0.4625,0.3618,0.6819,0.1381,0.0000,1.3829,0.2055,144,19,0,11,0
skilled_0249,267.6315,72.1286,58.3302,2.3915,9.3619,31,0.0036,305.0894,542.4473,0.3361,0.0035,3.0065,0.2343,0.0645,0.5088,0.1159,0.2000,0.3464,0.0000,1.8040,1.6380,98,33,19,0,0
skilled_0127,94.5765,85.1967,83.0162,5.2673,3.5513,57,0.0231,397.3895,620.0000,0.5782,0.0059,1.9444,0.4539,0.0497,0.6447,0.2248,2.1425,0.3540,0.0000,2.7364,0.6644,174,61,4,12,0
casual_2488,59.9216,28.0172,81.2994,10.3858,16.0982,10,0.0166,474.0993,566.8936,0.2641,0.0052,2.8271,0.4092,0.0413,0.8682,0.1903,1.2969,0.1362,0.0000,1.7131,0.9766,53,7,4,8,0
casual_0940,101.4257,27.5832,93.1900,13.6083,13.6454,30,0.0273,249.1029,565.4573,0.3212,0.0121,2.2610,0.5293,0.1759,0.2613,0.1939,0.9739,0.2048,0.0000,1.5154,1.4565,138,28,1,11,0
casual_1080,95.9354,130.2990,80.3351,24.7069,14.8475,18,0.0197,428.6464,540.9521,0.3467,0.0033,2.4871,0.3740,0.0829,0.2551,0.2690,0.9232,0.1246,0.0000,0.0000,2.1100,64,7,9,6,0
casual_0187,55.5060,81.6742,199.9233,21.5798,14.4177,3,0.0133,365.2611,541.7304,0.4530,0.0017,1.2529,0.4616,0.2084,0.5415,0.2417,0.4301,0.1079,0.0000,0.1857,0.8106,19,2,9,7,0
casual_2634,170.6634,27.5488,101.5703,18.9819,15.5030,42,0.0262,253.4919,620.0000,0.1167,0.0107,2.2632,0.5503,0.0458,0.5516,0.2931,0.8275,0.0200,0.0000,0.2291,0.8845,167,3,8,12,0
casual_2085,101.1384,28.3300,177.9864,28.1973,9.1675,18,0.0203,451.6240,620.0000,0.4833,0.0128,2.6791,0.3471,0.1049,0.7668,0.3725,1.1155,0.0818,0.0000,1.6674,0.9313,101,8,9,15,0
casual_2249,123.2535,67.8890,120.9091,20.9699,13.6247,25,0.0051,348.4333,495.2436,0.1871,0.0080,2.6088,0.4579,0.1263,0.6272,0.3710,0.5662,0.1820,0.0000,1.0549,0.9680,141,25,4,4,0
speed_0040,63.9330,79.1193,113.2245,7.8723,9.2630,33,0.0204,826.2749,1295.4303,0.4394,0.6254,2.5587,0.3611,0.1936,0.6750,0.0200,1.1315,0.2769,0.0000,3.9943,3.5119,158,43,7,2,1
casual_2023,97.0394,72.8029,93.0195,18.4077,10.5592,35,0.0239,362.2154,577.9796,0.4115,0.0030,1.7635,0.6156,0.2253,0.7147,0.2158,0.5602,0.2851,0.0000,1.5165,0.0931,175,49,11,12,0
skilled_0539,229.0243,68.5858,116.1536,1.0000,3.3780,7,0.0006,448.5673,578.5783,0.4376,0.0162,2.4983,0.1200,0.1985,0.5365,0.2360,1.4797,0.2131,0.0000,2.6767,1.1276,21,4,13,9,0
skilled_1048,187.1640,75.4984,104.9067,11.6028,10.3641,34,0.0354,597.0928,594.6669,0.6539,0.0063,2.7562,0.2907,0.1268,0.7563,0.1487,1.8595,0.3012,0.0000,2.4751,1.1738,101,30,17,9,0
skilled_0606,72.4428,55.6641,90.9599,4.5723,7.4621,33,0.0196,534.8291,608.4063,0.4799,0.0125,2.7732,0.4038,0.0300,0.8018,0.1899,1.7610,0.3131,0.0000,2.9627,1.7809,107,33,2,13,0
casual_0226,36.7121,45.5622,149.4169,29.5329,16.6244,17,0.0191,461.9693,595.4281,0.2241,0.0043,1.5720,0.5991,0.1451,0.6667,0.3125,0.8504,0.1722,0.0000,0.8695,0.9663,116,19,3,4,0
aimbot_0097,30.8716,135.6878,18.4430,1.4790,1.1182,37,0.1084,341.9426,547.7337,0.2818,0.0017,2.6391,0.0753,0.0111,0.4921,0.0319,1.6221,0.9710,0.0000,3.8245,2.9267,59,57,18,3,1
casual_1929,148.5782,93.3201,48.7887,11.8506,11.3405,25,0.0000,305.7594,498.5535,0.2217,0.0026,2.6185,0.6417,0.1089,0.8658,0.0906,0.1000,0.1125,0.0000,1.0714,0.5460,134,15,11,6,0
skilled_0055,33.1901,86.1877,15.0000,10.2301,3.6130,17,0.0424,442.9515,548.4839,0.4154,0.0216,2.2350,0.3648,0.0460,0.2354,0.1940,1.2568,0.3288,0.0000,2.0098,1.9847,46,15,13,6,0
esport_0239,182.4568,100.6298,59.3705,5.7898,6.6322,13,0.0046,413.1833,602.4417,0.1731,0.0158,2.7111,0.1329,0.0564,0.3357,0.1684,2.5420,0.5799,0.0000,3.1752,1.8369,34,19,31,2,0
casual_1404,81.1281,53.5178,48.8525,21.6921,1.1509,23,0.0336,600.0000,479.7410,0.5998,0.0141,2.8835,0.4505,0.0400,0.2374,0.2584,0.9241,0.2274,0.0000,1.7195,0.4496,147,33,4,2,0
casual_2179,291.8383,70.3701,74.2127,10.4954,18.8809,12,0.0089,539.6250,506.5385,0.5783,0.0033,2.1933,0.6904,0.1672,0.1500,0.1176,1.1559,0.2173,0.0000,1.1335,0.6444,62,13,9,17,0
casual_0697,189.5011,95.4406,116.9481,24.5877,15.6005,15,0.0326,327.1449,607.9919,0.6452,0.0016,2.3573,0.7348,0.0400,0.6648,0.0494,1.1479,0.1447,0.0000,0.6690,0.1190,73,10,0,17,0
casual_1124,144.3438,94.9711,71.2828,6.7722,13.3273,3,0.0006,486.3798,498.0934,0.3230,0.0137,1.5821,0.4734,0.1222,0.1500,0.1411,1.3653,0.1886,0.0000,1.0769,0.5569,29,5,8,13,0
skilled_0361,60.6241,92.9024,103.7944,9.6809,2.2942,50,0.0272,476.9845,594.6419,0.5386,0.0100,2.1369,0.1885,0.1505,0.4032,0.1980,0.6874,0.4171,0.0000,2.7313,0.3615,122,50,14,8,0
skilled_1135,199.5241,86.4977,83.5221,12.0038,1.0000,11,0.0003,412.2069,538.9275,0.5544,0.0003,2.3465,0.2940,0.0704,0.4687,0.1715,1.2651,0.4353,0.0000,2.1478,1.6749,47,20,17,10,0
casual_1778,123.4372,50.3685,151.5707,13.2899,7.7199,19,0.0229,439.2387,620.0000,0.5114,0.0022,2.2514,0.5172,0.1702,0.6182,0.1787,1.0553,0.2789,0.0000,1.6076,1.4059,115,32,11,4,0
casual_2858,231.9032,70.9852,175.9943,2.6717,14.8413,24,0.0256,556.9303,573.6466,0.5443,0.0087,2.7619,0.4607,0.1491,0.6725,0.0991,1.2486,0.0200,0.0000,1.3079,1.5206,120,2,9,4,0
casual_1037,140.2023,15.2703,110.4601,29.3380,11.3796,15,0.0019,57.3517,522.6596,0.0721,0.0221,2.5442,0.5160,0.1572,0.3760,0.4229,1.0309,0.2818,0.0000,2.4208,0.4358,68,19,0,2,0
esport_0206,122.7313,123.0987,39.4269,3.9891,0.7759,15,0.0288,348.5917,605.8172,0.4678,0.0007,3.1615,0.1906,0.0413,0.6371,0.1551,1.9500,0.6448,0.0000,3.5209,3.2323,58,37,20,3,0
casual_2256,275.6453,33.4317,110.0025,21.8855,10.6331,37,0.0189,308.4353,530.3628,0.3650,0.0278,2.3679,0.5990,0.1704,0.8847,0.3241,1.2043,0.2189,0.0000,0.6716,1.1146,126,27,4,10,0
casual_0313,129.2282,40.4667,57.3455,15.9072,9.4491,10,0.0218,402.2547,573.7974,0.4170,0.0072,1.7335,0.6462,0.0722,0.5420,0.2365,0.9570,0.4173,0.0000,0.8432,0.0500,59,24,1,2,0
casual_2281,80.7881,88.8100,35.5423,8.5888,2.7962,16,0.0167,340.9761,520.5231,0.4669,0.0072,2.7506,0.3122,0.1703,1.2908,0.2060,1.0916,0.3009,0.0000,1.5296,0.9156,108,32,3,11,0
casual_1416,177.3324,88.1686,131.0356,19.2903,1.0000,17,0.0067,464.1434,531.0539,0.1962,0.0064,2.0323,0.2975,0.1597,0.5577,0.2352,1.4920,0.1480,0.0000,2.0058,0.9142,112,16,7,8,0
casual_1036,122.4379,33.7848,154.3555,27.3342,2.3582,21,0.0190,350.0230,589.2069,0.5258,0.0261,2.9759,0.9712,0.1548,0.3956,0.2828,1.3398,0.0200,0.0000,0.5934,0.4062,95,1,8,3,0
casual_2159,41.4636,23.0927,134.5641,17.4152,9.3778,15,0.0363,482.4071,564.2781,0.2308,0.0007,1.9484,0.7567,0.0819,0.5117,0.0985,1.5362,0.0655,0.0000,0.8709,0.3050,124,8,8,8,0
skilled_1163,134.7090,92.4912,77.3793,11.3200,10.8643,40,0.0301,359.1844,571.8761,0.5334,0.0053,2.2691,0.3224,0.0779,0.2702,0.1609,0.6354,0.3936,0.0000,3.0867,1.5023,169,66,9,0,0
casual_1754,124.3822,17.4853,125.1659,13.8414,19.1924,34,0.0401,422.8863,543.7728,0.4975,0.0037,2.2755,0.6334,0.0665,0.9266,0.0877,1.1033,0.1373,0.0000,1.5859,0.9773,130,17,1,15,0
skilled_0112,95.7908,108.7096,95.0825,15.2073,6.4473,15,0.0194,514.3284,585.3869,0.4662,0.0020,2.9214,0.2160,0.0955,0.7458,0.0287,1.2829,0.1857,0.0000,3.0847,0.5122,117,21,9,6,0
casual_2813,40.7855,10.0000,170.4015,4.1063,25.6792,6,0.0164,509.1390,548.7151,0.2810,0.0024,1.6439,0.4675,0.1567,0.7734,0.1766,0.9625,0.1198,0.0000,0.7870,1.0089,33,3,9,4,0
casual_2698,136.1915,123.1786,174.8244,14.7924,14.8443,2,0.0248,521.8620,505.4334,0.6823,0.0015,2.2216,0.5891,0.1201,0.6659,0.2434,1.2039,0.1891,0.0000,1.8422,1.4926,23,4,0,11,0
skilled_0207,80.9797,106.9748,78.0209,16.0495,14.2354,32,0.0005,536.6256,620.0000,0.4346,0.0149,3.0633,0.2990,0.1002,0.3361,0.0494,1.8580,0.5600,0.0000,3.2484,1.4273,138,77,4,0,0
esport_0100,78.1577,193.3399,77.9893,1.1505,7.3876,25,0.0419,530.5941,614.2142,0.1535,0.0038,3.2267,0.1283,0.0630,0.3236,0.1968,1.7123,0.4481,0.0000,3.5383,0.8000,79,35,24,1,0
skilled_0431,236.0367,119.0644,81.5775,12.6556,10.0975,14,0.0210,507.1784,592.1773,0.6299,0.0076,2.5166,0.3945,0.1040,0.6191,0.2033,0.8989,0.3803,0.0000,3.7517,0.9722,37,14,8,1,0
casual_1506,228.8747,36.3135,158.6781,13.8500,15.4532,27,0.0118,305.4934,514.1408,0.3708,0.0035,2.7935,0.4085,0.0727,1.0003,0.2384,0.3164,0.2250,0.0000,0.8116,0.6771,122,27,2,12,0
casual_1923,127.1099,18.6938,108.6254,19.0668,14.9845,24,0.0126,297.1634,620.0000,0.0200,0.0015,1.7530,0.6404,0.1378,0.6165,0.5298,1.3561,0.2809,0.0000,1.9099,0.9207,127,35,7,14,0
casual_0448,44.7151,81.3710,55.2623,22.8590,8.1115,22,0.0164,290.8173,518.1432,0.1915,0.0051,2.3664,0.3677,0.1930,1.1260,0.5070,1.5503,0.1406,0.0000,0.3122,0.9693,152,21,5,3,0
skilled_1128,39.9062,118.0932,71.3604,4.9793,5.8891,20,0.0157,425.6034,588.6837,0.4122,0.0133,2.2693,0.3702,0.0823,0.5240,0.1781,1.2926,0.2872,0.0000,1.1363,0.3380,51,14,2,11,0
casual_2528,253.8536,64.3607,107.3048,28.4235,13.4796,4,0.0183,436.4199,552.4856,0.3473,0.0015,1.3011,0.4164,0.1369,0.3183,0.2522,1.1684,0.1519,0.0000,0.5265,0.6062,24,3,7,16,0
trigger_0044,80.4712,93.4359,47.6386,0.5000,5.6897,16,0.0061,385.6959,589.8053,0.4151,0.0223,2.4298,0.1612,0.0050,0.4708,0.0036,1.9692,0.3680,0.0000,5.3357,2.4558,34,12,21,6,1
casual_2789,134.0618,70.5863,119.3638,12.2571,17.1654,18,0.0075,377.4667,603.7204,0.7793,0.0047,2.8124,0.4218,0.3168,0.2131,0.2313,1.0314,0.2093,0.0000,1.4330,1.2012,177,37,6,9,0
casual_0361,62.3281,49.5952,42.7386,7.9183,12.7227,25,0.0087,506.1525,553.6566,0.5124,0.0026,1.8006,0.6232,0.1879,0.7700,0.2752,0.8965,0.1262,0.0000,1.6368,1.3316,127,16,0,10,0
casual_2183,68.3681,98.1160,127.1027,22.6782,8.6996,28,0.0188,335.0859,499.1742,0.3133,0.0198,3.3986,0.5404,0.1734,0.2513,0.1826,1.1514,0.2061,0.0000,0.8573,0.9007,179,36,0,13,0
casual_1134,293.6993,67.3833,20.0000,9.1089,11.6201,10,0.0118,458.8256,550.2445,0.3381,0.0098,2.4912,0.7812,0.2437,0.5537,0.0657,1.2420,0.2294,0.0000,1.2309,0.3915,69,15,7,12,0
skilled_0880,78.9359,125.5329,86.8244,9.1649,7.0350,35,0.0332,295.3903,620.0000,0.8047,0.0023,2.2702,0.4464,0.1364,0.5477,0.0807,1.3405,0.3140,0.0000,2.4938,0.8780,99,31,8,9,0
casual_2155,261.3523,19.7316,122.8532,28.9892,19.2235,5,0.0069,365.8854,620.0000,0.1908,0.0044,1.3430,0.2000,0.1604,0.8026,0.3544,0.5632,0.3092,0.0000,0.8275,0.8928,78,24,9,6,0
casual_1830,156.4465,126.2226,123.9562,6.0333,20.9891,5,0.0238,293.4144,612.4095,0.1379,0.0005,2.0558,0.7193,0.2056,0.3201,0.2010,0.7516,0.0818,0.0000,0.0000,1.0219,27,2,11,10,0
casual_1053,67.4367,30.6610,44.3834,25.1536,9.8358,34,0.0022,298.6938,473.5050,0.3466,0.0142,2.2234,0.8260,0.2283,0.7795,0.2330,0.7527,0.3272,0.0000,0.7974,0.9014,154,50,2,6,0
casual_0022,292.0885,34.3659,106.4891,2.9589,3.0733,45,0.0131,551.4944,584.8403,0.1755,0.0038,2.2795,0.6983,0.1134,0.7085,0.2940,0.9791,0.2237,0.0000,0.3496,0.8327,169,37,4,15,0
casual_2066,165.6515,38.7544,112.4197,24.0586,12.5889,26,0.0058,485.7483,555.9469,0.3637,0.0307,2.6417,0.5932,0.1134,0.6077,0.1876,0.8890,0.2784,0.0000,0.7967,1.4681,153,42,6,3,0
casual_1653,66.4603,87.7060,135.7864,10.4134,8.4674,22,0.0065,340.9018,620.0000,0.4379,0.0004,2.5837,0.4437,0.2155,0.9986,0.2945,0.6596,0.3054,0.0000,1.9766,0.2756,104,31,8,12,0
casual_2587,74.8181,93.7441,73.0513,17.9098,24.9317,9,0.0229,183.5088,543.9880,0.0200,0.0016,2.0411,0.6400,0.1522,0.8111,0.2589,1.2707,0.3152,0.0000,1.4181,0.2011,103,32,11,11,0
skilled_0210,123.9161,103.9396,31.9707,2.2876,4.4942,34,0.0250,353.3337,563.5778,0.7290,0.0008,2.7456,0.3076,0.0991,0.5167,0.1061,1.0201,0.2837,0.0000,2.1086,2.4782,174,49,12,11,0
esport_0052,162.4683,156.2930,46.9457,7.7127,1.7346,31,0.0178,478.6531,605.2767,0.5506,0.0108,3.1751,0.1263,0.0274,0.2637,0.0500,2.5210,0.4947,0.0000,2.1764,4.1771,106,52,33,6,0
skilled_1036,182.0266,100.8774,57.1283,10.6301,11.3283,51,0.0358,398.8647,559.4988,0.5691,0.0095,2.7201,0.3375,0.1192,0.4264,0.2274,1.1018,0.4984,0.0000,1.5977,1.1695,191,95,13,6,0
casual_2325,296.2280,17.9385,109.6855,15.9758,21.7308,4,0.0291,469.6039,532.6272,0.2233,0.0042,2.5491,0.8274,0.1212,0.4819,0.1210,1.3412,0.0967,0.0000,1.5613,0.7259,20,1,3,10,0
casual_0460,184.5516,33.3518,99.4992,26.6266,10.3578,3,0.0226,336.5095,552.1289,0.3723,0.0013,1.8254,0.3546,0.1805,0.8400,0.2695,1.0774,0.0200,0.0000,1.3524,0.0500,21,0,4,8,0
casual_1067,215.0655,78.8622,26.9637,19.5865,16.7545,9,0.0000,527.4092,558.3555,0.3640,0.0054,1.8442,0.2000,0.2075,0.3804,0.3965,0.5959,0.2763,0.0000,1.1273,1.1068,125,34,10,15,0
casual_0087,154.7069,27.1113,95.2083,21.7069,13.4077,41,0.0000,499.5562,465.5362,0.0200,0.0008,2.4717,0.3105,0.1826,0.4486,0.1860,0.5772,0.1124,0.0000,0.2308,0.0853,168,18,9,1,0
casual_1430,281.2848,49.1270,161.7739,19.3115,13.0440,14,0.0081,489.1812,594.8628,0.5016,0.0077,2.8634,0.6701,0.2211,0.5167,0.0300,0.4161,0.0948,0.0000,1.2771,1.0092,101,9,0,15,0
casual_2647,245.6625,83.5624,20.0000,9.7737,9.8373,24,0.0186,351.1971,620.0000,0.2590,0.0092,2.0795,0.5084,0.2203,0.5208,0.1872,0.5581,0.2293,0.0000,0.7374,0.0500,158,36,5,14,0
casual_0282,93.9211,86.3215,85.5724,36.8414,9.1225,13,0.0442,456.6709,553.3379,0.4553,0.0157,2.3329,0.2711,0.0596,0.6526,0.1537,1.0813,0.2122,0.0000,0.4189,0.5305,52,11,8,12,0
casual_0462,285.4266,91.0382,87.3386,19.1808,6.6047,20,0.0085,356.5505,566.8107,0.3183,0.0127,2.3960,0.5466,0.0764,0.9959,0.1235,0.2634,0.3508,0.0000,1.1231,0.5794,77,27,0,17,0
casual_0212,83.9394,83.0314,77.4385,23.3632,18.2724,24,0.0145,444.9767,529.1751,0.4305,0.0049,1.9410,0.6227,0.2816,0.9694,0.0300,0.1000,0.0946,0.0000,1.1601,1.1676,124,11,10,10,0
casual_2499,164.6220,31.9713,64.9065,14.2910,20.4535,19,0.0072,410.5576,537.7722,0.2805,0.0145,2.8343,0.6439,0.1278,0.2634,0.1746,0.4485,0.2818,0.0000,1.6498,1.7565,124,34,1,13,0
casual_1368,80.8881,108.3650,70.0587,29.3308,7.5636,2,0.0269,420.4867,501.1967,0.8290,0.0081,2.3339,0.6836,0.0774,0.3261,0.1868,0.5608,0.3091,0.0000,1.0460,0.1684,10,3,8,12,0
casual_0234,281.9163,48.3125,20.0000,14.6326,13.4119,32,0.0000,362.7301,620.0000,0.4601,0.0011,2.1445,0.4306,0.1952,0.5289,0.4087,1.7866,0.2368,0.0000,1.1831,0.4030,110,26,0,12,0
casual_2770,73.6813,70.7108,160.1189,24.1775,11.8791,13,0.0000,464.9221,620.0000,0.5049,0.0061,1.9242,0.4229,0.1076,1.2473,0.2628,0.8365,0.1373,0.0000,0.8066,0.7170,103,14,2,1,0
casual_0597,201.1178,124.6415,85.4768,20.0945,20.4477,28,0.0208,333.2548,425.1379,0.3696,0.0072,1.6679,0.5983,0.1158,0.3421,0.1738,0.9028,0.2069,0.0000,1.1682,0.8314,129,26,2,7,0
esport_0170,132.8667,152.4971,32.1935,2.9546,3.4914,52,0.0745,523.7485,603.9251,0.4396,0.0069,3.0292,0.3373,0.0440,0.5045,0.0642,2.1457,0.3798,0.0000,3.0624,4.3243,168,63,16,5,0
casual_2250,174.1545,174.8684,127.2832,15.3259,14.0591,19,0.0142,394.3583,620.0000,0.6363,0.0158,2.1532,0.4678,0.2076,0.5492,0.3315,0.9487,0.1647,0.0000,1.5320,0.5771,120,19,11,12,0
skilled_1031,151.6174,120.1998,47.3499,3.3461,9.4050,37,0.0228,419.3335,582.6830,0.3148,0.0139,2.3887,0.3637,0.0550,0.5295,0.1016,1.1702,0.2830,0.0000,1.3184,1.1059,101,28,2,4,0
casual_2283,220.0200,42.6043,45.0165,33.8011,10.0435,2,0.0057,331.9836,540.0670,0.1299,0.0050,1.9603,0.9199,0.2116,0.3562,0.1402,0.5030,0.1556,0.0000,1.2407,0.5866,28,4,10,7,0
casual_0662,80.6503,157.2459,73.7909,17.2549,1.0000,22,0.0277,497.5286,530.7763,0.2272,0.0062,2.9018,0.3591,0.1400,0.7187,0.2820,1.0475,0.0200,0.0000,0.9521,0.9683,114,2,0,5,0
trigger_0038,248.9535,54.2057,22.0279,2.6865,3.2759,70,0.0235,551.6405,543.7713,0.3380,0.0082,2.1653,0.0633,0.0051,0.7027,0.0055,1.9411,0.4121,0.0000,2.7929,3.9059,123,50,35,3,1
casual_2285,55.2674,100.9466,141.8378,9.6786,13.5163,3,0.0201,412.7911,552.3949,0.4728,0.0197,2.3485,0.4678,0.1606,0.4269,0.3598,1.2949,0.2299,0.0000,1.0602,1.0288,30,6,8,9,0
esport_0466,152.0154,187.4487,86.6436,3.0315,5.9807,22,0.0488,453.2338,570.5299,0.4459,0.0048,3.0974,0.1378,0.0706,0.4831,0.0594,1.2213,0.6249,0.0000,4.9779,4.2617,57,35,10,3,0
skilled_0193,36.5659,80.9314,65.4875,8.6813,9.2729,29,0.0016,424.8431,620.0000,0.2751,0.0171,2.4425,0.3130,0.0647,0.4144,0.0884,0.9133,0.4415,0.0000,1.8501,1.3381,72,31,16,3,0
casual_2503,253.8706,49.3755,137.4610,22.5685,18.5531,21,0.0123,600.0000,576.8020,0.3359,0.0002,2.3265,0.5588,0.1660,0.5635,0.1480,0.6470,0.2467,0.0000,1.2575,0.8429,96,23,4,17,0
skilled_1043,66.7050,75.5806,66.3978,10.4723,9.2064,44,0.0300,416.5908,595.1226,0.4610,0.0500,2.2709,0.3338,0.1504,0.5591,0.1704,1.7435,0.4099,0.0000,1.9518,0.9135,147,60,9,5,0
casual_0779,260.9827,64.8524,109.2128,6.8835,10.6831,8,0.0370,504.2799,573.3879,0.4055,0.0056,1.6942,0.6311,0.1848,0.1904,0.1779,1.1029,0.1390,0.0000,0.0000,0.3011,47,6,10,3,0
skilled_1019,129.8032,80.6832,122.5032,20.7066,8.3555,8,0.0005,315.0601,569.6499,0.4880,0.0026,2.7336,0.3228,0.0861,0.3179,0.1098,1.7669,0.4437,0.0000,4.6060,0.9474,24,10,19,12,0
skilled_0426,206.3163,82.6687,102.9824,15.1851,1.1331,31,0.0098,394.5109,567.0702,0.4729,0.0001,2.6317,0.3534,0.0979,0.9158,0.0908,1.3837,0.3373,0.0000,0.5338,1.3046,99,33,11,6,0
esport_0056,111.7014,133.1596,68.2335,4.4197,1.9610,33,0.0379,458.0844,608.0330,0.5129,0.0108,2.3337,0.2052,0.0859,0.3436,0.1566,1.6498,0.6504,0.0000,4.2894,1.9242,89,57,7,5,0
skilled_0196,256.5611,115.3735,62.0128,20.9499,13.2348,36,0.0256,337.6080,620.0000,0.3484,0.0075,2.4300,0.1409,0.0736,0.5306,0.0200,0.7997,0.2569,0.0000,2.0185,0.8173,147,37,6,13,0
aimbot_0085,84.1625,107.5529,23.5663,0.6632,0.6887,76,0.0688,356.5142,521.5707,0.3533,0.0159,2.8715,0.0760,0.0073,0.4318,0.0547,2.6066,0.8707,0.0000,5.8899,9.5197,133,115,29,5,1
casual_0685,122.6890,82.1871,155.2092,5.5352,13.1587,36,0.0311,311.8627,561.9180,0.3193,0.0346,2.0327,0.4570,0.1105,0.7069,0.2894,1.4095,0.2331,0.0000,1.2110,1.3938,122,28,7,2,0
skilled_0169,186.3075,131.4189,101.4342,14.3613,7.1618,43,0.0053,342.9619,554.9763,0.4603,0.0002,2.4222,0.4407,0.1100,0.1165,0.3167,1.3328,0.1729,0.0000,1.4608,1.5995,170,29,17,2,0
skilled_0926,139.1840,87.7508,41.0688,7.0897,4.6407,10,0.0112,359.7395,620.0000,0.3637,0.0022,1.6573,0.3221,0.1337,0.5715,0.1508,1.3394,0.4779,0.0000,0.9487,3.3122,47,22,6,13,0
skilled_0434,142.4786,57.5346,48.2420,12.4610,9.9491,17,0.0277,260.0109,540.2374,0.2245,0.0082,2.1746,0.4233,0.0693,0.5018,0.1597,1.1324,0.2315,0.0000,2.6024,2.9055,114,26,7,11,0
casual_2171,99.4905,71.2796,97.5473,23.2702,6.1276,13,0.0326,308.4089,606.3515,0.2524,0.0026,2.0418,0.7735,0.2111,0.6937,0.2370,0.8059,0.1160,0.0000,0.6436,1.0636,85,9,8,11,0
skilled_0689,165.0373,91.4864,69.2099,16.9781,1.0000,12,0.0297,386.5773,597.3224,0.1023,0.0167,1.9360,0.2940,0.0774,0.1915,0.2498,1.4632,0.2557,0.0000,3.2891,2.5569,47,12,11,5,0
casual_1850,92.2834,80.9608,88.2534,3.3323,7.7164,16,0.0090,419.1551,532.1826,0.4202,0.0124,2.6040,0.4579,0.2298,0.8016,0.2633,0.2871,0.1185,0.0000,1.7750,1.0074,61,7,4,15,0
casual_0487,90.9101,70.2798,98.2011,10.5588,1.0000,29,0.0387,277.3611,569.2034,0.3192,0.0063,2.5093,0.5965,0.1825,0.6425,0.1976,1.2482,0.2538,0.0000,1.0987,0.0500,146,37,6,10,0
casual_1688,187.3140,68.5329,86.6705,16.8629,14.7145,26,0.0316,461.9637,550.7698,0.4668,0.0051,1.4754,0.6412,0.2300,0.3118,0.2362,0.8816,0.2235,0.0000,0.9116,0.3617,122,27,10,10,0
casual_2230,121.5343,76.1876,135.3196,28.4869,13.7318,38,0.0000,349.6166,585.9707,0.4632,0.0192,3.5000,0.6975,0.1658,0.9400,0.2818,0.6074,0.1531,0.0000,1.1773,0.5819,161,24,2,7,0
skilled_0264,278.1258,73.9691,48.9820,11.9549,7.5727,32,0.0154,595.6817,618.1566,0.2033,0.0087,2.9523,0.3080,0.2010,0.2809,0.2451,1.0092,0.3248,0.0000,2.4814,2.0141,102,33,16,13,0
casual_2320,38.8000,121.7415,165.5835,28.1704,5.2654,10,0.0226,370.1457,561.6573,0.4159,0.0015,2.5673,0.5037,0.0806,0.5208,0.3058,0.6115,0.2039,0.0000,0.8742,1.0847,48,9,7,1,0
casual_0782,152.7035,39.8761,42.6850,25.5546,6.8421,15,0.0205,251.0259,514.1653,0.2890,0.0001,3.2505,0.2389,0.0524,0.3177,0.1763,0.7021,0.0200,0.0000,1.1728,1.2244,62,1,5,14,0
casual_0521,130.5106,121.1630,98.9146,29.7853,6.4009,30,0.0305,303.2420,515.9199,0.4793,0.0019,2.1445,0.5502,0.2696,0.4444,0.1671,1.0251,0.0200,0.0000,0.8987,1.0809,148,2,9,12,0
casual_0522,71.4755,40.3864,66.7831,24.0422,6.1383,20,0.0255,401.7880,526.4969,0.2252,0.0300,2.5321,1.0124,0.0991,0.8538,0.1083,0.5274,0.3273,0.0000,1.7709,0.1322,134,43,7,17,0
casual_2837,103.0269,112.1324,77.8705,16.0155,12.0370,5,0.0362,300.7822,609.3182,0.4879,0.0075,3.2493,0.4921,0.0810,1.0165,0.2124,1.0478,0.2052,0.0000,1.3018,1.1521,23,4,10,5,0
esport_0289,119.5755,135.3797,55.2126,7.2673,1.7760,66,0.0391,499.0069,597.1727,0.3614,0.0019,2.6372,0.1840,0.0515,0.4630,0.1904,2.2773,0.6872,0.0000,2.6845,4.1667,177,121,33,1,0
casual_2398,63.4600,83.9643,212.2785,3.5436,16.2160,13,0.0116,452.2923,556.0779,0.3481,0.0041,2.5749,0.5275,0.2145,0.5799,0.1791,0.5597,0.1190,0.0000,1.2181,0.5084,108,12,2,12,0
casual_2207,149.5171,63.6272,128.4568,14.6905,16.6357,3,0.0230,426.6754,516.0792,0.3643,0.0003,1.9621,0.9993,0.1489,1.0722,0.1030,0.3262,0.2451,0.0000,0.9007,0.5121,30,7,6,2,0
skilled_0477,215.1516,90.6903,123.8655,19.5521,5.7287,40,0.0397,481.4160,579.5592,0.3645,0.0101,1.6956,0.3548,0.1041,0.6829,0.1977,2.0036,0.2330,0.0000,2.7619,2.1965,118,27,15,5,0
skilled_0552,203.8702,98.8374,83.2870,11.3025,7.6116,18,0.0179,493.1634,607.7378,0.4782,0.0065,2.5812,0.2257,0.0950,0.8318,0.1570,1.9526,0.3315,0.0000,2.2382,1.7330,76,25,13,2,0
skilled_1087,202.4219,157.1346,36.6141,8.3116,10.8331,53,0.0072,268.8152,614.5366,0.3338,0.0016,2.8299,0.4217,0.0753,0.5407,0.2034,0.7245,0.3360,0.0000,2.9369,4.1718,176,59,12,4,0
casual_2822,44.5947,78.3502,76.0049,17.1969,4.4419,18,0.0104,581.7982,505.2691,0.6289,0.0025,2.0595,0.5526,0.1458,1.0235,0.2060,1.0035,0.0200,0.0000,1.2993,0.6286,119,2,8,14,0
casual_1511,83.6176,73.5457,94.5260,10.8770,25.4564,51,0.0058,241.4710,620.0000,0.3820,0.0158,2.1807,0.6684,0.1210,0.7964,0.0374,0.8580,0.2287,0.0000,1.2833,1.5087,179,40,10,13,0
casual_1882,140.2472,10.0000,20.0000,8.5132,6.4830,15,0.0044,323.6644,583.1246,0.3486,0.0075,0.7938,0.2933,0.0400,0.6640,0.2814,0.5196,0.0755,0.0000,0.2908,0.2524,117,8,4,8,0
casual_0651,271.8214,80.8151,92.9141,23.1549,14.7506,3,0.0103,310.9865,620.0000,0.1263,0.0155,1.2107,0.5613,0.1055,0.7887,0.3217,0.2949,0.1961,0.0000,0.0000,0.9750,18,3,9,16,0
trigger_0005,113.9958,57.3340,78.9806,9.1780,1.8918,74,0.0230,330.4373,574.3838,0.3424,0.0225,2.8620,0.0596,0.0015,0.3944,0.0047,2.2393,0.5766,0.0000,4.6831,3.2226,145,83,11,0,1
skilled_0089,156.0018,79.5297,87.2826,6.3254,2.3141,41,0.0271,479.2481,590.1356,0.2525,0.0025,2.6768,0.3419,0.0347,0.5918,0.0874,0.6837,0.1000,0.0000,1.1436,0.8505,161,16,4,10,0
casual_0369,272.5590,102.8797,88.0994,21.4678,9.4169,12,0.0207,239.1603,435.0442,0.6789,0.0125,1.7750,0.3562,0.1604,0.3707,0.2764,0.9050,0.2020,0.0000,1.8186,0.9624,74,14,1,1,0
trigger_0072,102.9655,164.0149,29.4860,9.2531,5.9563,84,0.0138,437.5452,607.0439,0.5577,0.0215,2.5479,0.1217,0.0065,0.4529,0.0083,2.1608,0.5836,0.0000,4.9396,6.0688,150,87,30,6,1
casual_0118,146.6651,37.3016,79.9501,15.0727,12.6455,4,0.0047,376.9877,526.4043,0.2769,0.0054,2.7844,0.3026,0.2326,0.1500,0.1135,0.8304,0.0781,0.0000,0.7425,0.2428,65,5,7,3,0
skilled_0320,106.2893,38.4416,116.6021,4.6968,6.3469,33,0.0098,355.2860,536.3332,0.3764,0.0500,3.1571,0.2694,0.0755,0.3001,0.2280,1.5547,0.2603,0.0000,2.5501,2.2779,121,31,12,6,0
skilled_0034,192.4825,87.8565,77.5846,7.2542,8.8718,31,0.0029,414.0006,620.0000,0.4193,0.0105,2.2086,0.4287,0.0625,0.6690,0.2238,1.3423,0.3199,0.0000,4.1005,0.7626,124,39,17,7,0
casual_2216,60.7852,24.3594,131.7190,13.8260,6.1472,15,0.0414,556.4986,490.5482,0.2270,0.0048,2.4939,0.4281,0.1729,0.4145,0.1298,1.6184,0.2607,0.0000,1.9219,0.2282,85,22,0,13,0
skilled_0542,60.3094,74.7722,133.0455,8.6784,1.0000,10,0.0268,335.8029,619.9820,0.3181,0.0076,2.6771,0.3611,0.1398,0.2621,0.0263,1.3234,0.5909,0.0000,1.3542,1.7218,44,26,7,9,0
casual_1613,132.1459,10.0000,114.9424,27.2717,14.1654,3,0.0375,344.5556,536.8343,0.5230,0.0146,1.8801,0.2685,0.2150,0.1500,0.2133,0.5281,0.1741,0.0000,0.3757,1.2475,163,28,10,11,0
skilled_0151,107.7113,100.9786,138.2494,13.8977,5.4289,38,0.0221,366.9547,577.6444,0.2891,0.0359,2.5364,0.2519,0.0657,0.4308,0.1464,1.6390,0.4027,0.0000,2.9424,1.3373,117,47,7,13,0
casual_0962,65.5738,14.0526,57.4900,35.6531,11.4178,13,0.0014,468.2925,463.2911,0.2861,0.0017,1.6891,0.4217,0.1634,0.3919,0.3602,0.7704,0.1870,0.0000,2.2790,1.1344,74,13,3,10,0
casual_2510,154.9020,68.1464,113.1873,30.4570,20.0580,4,0.0138,378.5308,590.7714,0.1291,0.0027,2.6160,0.5944,0.2130,0.4503,0.1783,1.1411,0.2175,0.0000,1.1164,0.8213,42,9,4,3,0
skilled_0831,31.3979,42.7656,62.1908,22.1869,4.8134,18,0.0279,510.9710,589.6965,0.2215,0.0048,2.5415,0.3035,0.1332,0.7340,0.1633,1.1381,0.3853,0.0000,2.3746,1.2413,60,23,17,5,0
casual_2823,288.0823,40.3259,102.7620,21.9697,9.3454,29,0.0214,345.5905,558.3793,0.1965,0.0002,2.7605,0.3639,0.1287,0.3568,0.2290,0.8685,0.1966,0.0000,1.4765,0.4507,128,25,5,15,0
esport_0093,106.9995,131.5650,60.5017,9.7263,2.4934,58,0.0744,507.6923,583.5183,0.6877,0.0384,2.3412,0.2198,0.0465,0.5636,0.0935,1.5043,0.5033,0.0000,2.9159,3.0388,169,85,27,5,0
skilled_0032,135.7163,68.5504,54.4888,8.0918,7.1418,36,0.0192,536.5459,600.9294,0.3601,0.0022,2.3938,0.3534,0.1099,0.6214,0.2009,0.8450,0.3651,0.0000,2.9110,1.2150,166,60,12,13,0
casual_2415,58.9675,87.6473,57.8153,22.8347,16.4127,17,0.0321,405.6678,598.3638,0.3382,0.0004,1.6939,0.5632,0.1795,0.8970,0.1605,1.3134,0.2361,0.0000,1.3743,0.5533,101,23,1,8,0
esport_0404,122.2527,121.5500,76.4581,2.9399,6.4657,40,0.0421,544.3100,625.0000,0.7152,0.0200,2.8003,0.1419,0.0660,0.2405,0.1733,1.8482,0.7060,0.0000,3.0077,3.8016,155,109,14,1,0
skilled_1236,102.9143,103.0671,43.5946,9.0567,6.4589,26,0.0134,459.6882,584.8436,0.5991,0.0089,2.4085,0.2823,0.0718,0.4538,0.2349,1.3230,0.2194,0.0000,2.4743,1.1838,104,22,12,4,0
casual_2185,75.8942,45.2271,32.3833,13.4640,8.4983,30,0.0082,248.4717,539.2461,0.1039,0.0032,2.4475,0.4038,0.0772,0.8402,0.2094,0.7588,0.1972,0.0000,0.5928,0.9238,141,27,0,12,0
skilled_0669,112.4038,125.4732,30.0693,8.3356,8.2313,11,0.0085,458.9654,592.1507,0.6822,0.0036,2.8222,0.1625,0.1889,0.3508,0.0395,1.1474,0.3738,0.0000,1.5810,1.8009,44,16,12,7,0
casual_2037,36.0126,63.7664,103.7864,11.7702,5.9482,22,0.0305,405.4836,585.0588,0.0200,0.0015,1.6977,0.7092,0.1729,0.7431,0.1557,0.1221,0.3823,0.0000,0.9252,0.5431,123,47,1,10,0
esport_0112,116.4162,102.7012,29.4613,7.5289,5.6781,31,0.0594,403.2304,625.0000,0.4035,0.0132,2.7033,0.1945,0.0865,0.4779,0.1733,1.7643,0.3027,0.0000,1.8996,3.5559,152,46,6,4,0
casual_0772,189.3528,61.8756,99.9493,20.3514,21.7466,6,0.0231,395.2647,590.8911,0.6633,0.0008,1.8997,0.4740,0.2030,1.1861,0.2117,1.2069,0.2301,0.0000,0.0000,0.9061,49,11,0,7,0
casual_1284,280.2277,86.7094,81.4287,2.0000,9.5288,29,0.0308,343.7654,528.3244,0.9264,0.0049,2.9671,0.5854,0.1792,0.4986,0.2539,0.1000,0.0693,0.0000,1.5721,1.2936,94,6,9,8,0
esport_0353,232.3256,85.5249,74.9175,6.5104,2.8834,35,0.0296,472.2820,607.4793,0.4892,0.0056,2.5791,0.1700,0.0200,0.4771,0.1157,2.0164,0.5473,0.0000,3.5374,3.6751,163,89,28,6,0
aimbot_0044,175.6255,114.4784,13.3807,1.0996,1.4967,90,0.0513,541.1024,534.5650,0.7553,0.0021,2.6329,0.0380,0.0076,0.5172,0.0563,2.4267,0.7064,0.0000,6.4795,12.8545,108,76,17,2,1
casual_1414,64.2725,10.0000,82.5453,13.6189,11.8476,5,0.0220,305.2653,595.7659,0.7218,0.0051,2.2760,0.6010,0.1125,0.6562,0.3866,1.2942,0.4327,0.0000,0.7588,0.0500,35,15,2,6,0
casual_1234,87.8049,34.1508,108.3577,16.0805,12.8696,14,0.0219,509.0432,545.1127,0.0777,0.0005,2.3269,0.4102,0.1644,0.7249,0.3138,1.7877,0.2559,0.0000,0.9246,0.2679,79,20,11,17,0
casual_2699,265.0980,10.0000,62.5634,5.0289,14.0483,38,0.0217,474.9210,549.6250,0.3050,0.0042,1.9746,0.3710,0.1695,1.0799,0.3769,1.0725,0.2193,0.0000,0.1817,1.9461,161,35,1,2,0
casual_0435,84.4812,80.6086,52.8941,11.8638,5.4508,31,0.0103,444.3625,570.3886,0.5410,0.0158,2.7834,0.4934,0.1712,0.5500,0.2879,0.7589,0.2388,0.0000,0.4639,0.8507,159,37,11,9,0
casual_1674,240.8264,115.3970,41.7169,30.5860,17.7282,20,0.0283,403.8157,558.1418,0.5307,0.0319,1.9758,0.6096,0.3036,0.5133,0.2043,0.8506,0.2417,0.0000,1.4136,0.7828,72,17,3,15,0
casual_0365,143.0242,54.5516,149.0117,9.7201,12.3641,12,0.0000,356.3853,611.4257,0.6591,0.0075,2.5007,0.6173,0.2082,0.8312,0.2227,1.0685,0.1632,0.0000,0.5417,0.8592,72,11,5,6,0
casual_2649,258.5126,122.5740,50.5514,3.1570,13.6768,14,0.0226,350.7385,620.0000,0.5552,0.0102,1.6298,0.7182,0.1346,0.3041,0.2249,0.8646,0.0499,0.0000,0.6858,0.3019,57,2,3,8,0
casual_0231,143.1609,47.4299,180.7123,32.9487,5.3786,16,0.0089,400.6556,620.0000,0.4750,0.0047,1.6570,0.4084,0.2031,0.4312,0.1048,0.6268,0.1996,0.0000,0.7615,0.2532,69,13,6,8,0
esport_0017,102.0970,127.5822,91.2843,6.8787,2.4266,42,0.0131,493.5637,625.0000,0.5646,0.0114,2.6122,0.2337,0.0591,0.3213,0.1651,1.0900,0.4774,0.0000,2.9930,1.8784,138,65,15,6,0
skilled_1041,207.6830,92.0732,174.2534,8.4150,5.6419,19,0.0129,464.7874,588.4485,0.3983,0.0218,2.2579,0.1948,0.1123,0.6182,0.2718,0.9295,0.2549,0.0000,2.4054,2.1961,64,16,11,13,0
esport_0149,223.9655,120.2174,73.9487,0.7045,5.5626,40,0.0343,396.3306,604.5857,0.2756,0.0018,2.3679,0.2612,0.0900,0.6251,0.1318,2.3028,0.5425,0.0000,3.2139,2.3091,149,80,26,9,0
casual_0407,255.9621,57.8141,87.7907,7.9442,7.6011,26,0.0457,291.9072,570.7535,0.3142,0.0030,2.4248,0.5171,0.2331,0.4973,0.4907,1.4569,0.3355,0.0000,1.4200,1.3867,127,42,9,1,0
casual_2090,127.5507,33.4827,75.3331,35.3269,11.4554,8,0.0265,337.4912,457.6448,0.2444,0.0039,1.6439,0.7099,0.1212,0.5906,0.2379,1.2126,0.1583,0.0000,0.1992,0.3478,54,8,8,13,0
casual_0086,225.0370,10.0000,91.7400,12.8356,5.2664,12,0.0175,369.4956,555.6661,0.3590,0.0018,1.3717,0.9222,0.0855,0.6201,0.1535,1.4753,0.2941,0.0000,1.5610,0.0500,37,10,9,10,0
casual_0844,55.3994,86.0965,95.2596,23.6024,12.0161,46,0.0129,326.3054,581.9751,0.5874,0.0140,2.5182,0.4731,0.2757,0.8637,0.2502,1.1039,0.1587,0.0000,0.8346,0.5009,174,27,11,12,0
casual_1031,224.3413,61.6185,172.8893,17.2144,13.3266,8,0.0018,341.1680,578.3677,0.4833,0.0072,1.4699,0.2600,0.2289,0.6243,0.1810,1.3202,0.0768,0.0000,1.3388,0.8009,86,6,2,2,0
casual_2855,283.6771,44.5207,31.8425,22.6345,21.5847,32,0.0127,338.6638,620.0000,0.2171,0.0062,1.6863,0.8789,0.0400,0.5449,0.0833,1.1322,0.0985,0.0000,2.0066,0.0500,154,15,7,10,0
skilled_1109,205.4191,89.9444,99.6608,6.0039,2.0830,26,0.0242,488.9743,615.0084,0.5963,0.0105,3.0064,0.3514,0.1222,0.4766,0.1072,0.9513,0.4474,0.0000,2.4472,1.0918,80,35,2,11,0
esport_0146,275.4190,146.3475,26.9996,0.7104,2.3286,57,0.0195,471.1189,625.0000,0.8137,0.0123,3.2162,0.1190,0.0623,0.1958,0.0300,1.4730,0.7742,0.0000,4.0104,3.9718,123,95,13,7,0
skilled_0893,140.0521,89.5581,67.8643,18.3186,5.9556,43,0.0020,457.8410,603.7469,0.6170,0.0116,2.8319,0.2983,0.1503,0.5890,0.2470,1.2696,0.4682,0.0000,0.9098,1.2053,177,82,9,8,0
casual_2658,58.6044,75.9619,58.8054,27.3325,17.0196,13,0.0211,259.2262,459.5838,0.2534,0.0006,2.7316,0.7456,0.1340,0.4946,0.2611,0.2910,0.1055,0.0000,0.8660,0.9514,52,5,9,17,0
casual_0855,156.8462,132.3429,27.2681,27.0262,12.9543,46,0.0055,411.8913,508.9845,0.4959,0.0014,2.6129,0.3679,0.1378,0.5099,0.1699,0.4074,0.1420,0.0000,1.4377,1.1724,171,24,2,12,0
casual_0078,180.3987,57.6365,135.2288,8.7373,13.7686,11,0.0283,367.0999,587.7769,0.6487,0.0168,1.3677,0.3602,0.1912,0.1500,0.2383,0.6040,0.3576,0.0000,0.8386,1.5810,72,25,2,13,0
casual_2247,199.2771,46.5834,111.6123,15.1518,5.2478,21,0.0036,373.9757,514.1585,0.3686,0.0001,1.8777,0.6788,0.1459,0.4144,0.3318,0.4589,0.0276,0.0000,1.4335,0.7416,88,2,1,16,0
esport_0320,269.5865,144.0402,58.0249,2.5082,1.3922,46,0.0161,423.0773,625.0000,0.5881,0.0001,2.5807,0.1910,0.0714,0.3622,0.1394,2.3438,0.6372,0.0000,2.1105,4.2590,194,123,7,0,0
skilled_0656,212.1730,80.7596,91.0095,10.9202,5.5957,50,0.0303,356.0805,543.1496,0.3461,0.0017,2.0468,0.2241,0.1614,0.3382,0.1709,2.2956,0.1893,0.0000,2.5396,0.8758,143,27,4,0,0
skilled_1151,237.7669,107.0802,71.3479,10.0005,8.7707,60,0.0222,352.6569,580.5107,0.4282,0.0038,2.7534,0.2856,0.1068,0.7774,0.1876,1.3513,0.3495,0.0000,2.9899,0.8424,182,63,17,10,0
skilled_0378,31.5445,54.2908,33.2376,11.4813,5.4004,24,0.0142,455.8722,620.0000,0.2276,0.0012,2.4981,0.4177,0.0663,0.3903,0.1031,1.6267,0.3642,0.0000,1.5698,1.6325,89,32,10,4,0
casual_2279,205.0674,50.7701,129.5901,37.6652,3.8760,10,0.0126,241.8224,578.1649,0.4734,0.0110,2.1327,0.6768,0.1972,0.6973,0.1135,1.5131,0.1223,0.0000,0.8286,0.7494,46,5,8,8,0
casual_2598,284.4762,91.3546,136.5701,12.9587,21.5064,10,0.0179,470.5794,620.0000,0.5520,0.0021,2.8662,0.7200,0.2377,0.8243,0.3334,0.8124,0.3191,0.0000,0.5484,0.3848,104,33,3,1,0
skilled_1159,122.7767,91.6111,127.2012,9.4775,6.8650,9,0.0175,380.6642,581.6240,0.1591,0.0175,2.6283,0.2709,0.1640,0.6077,0.1076,0.8392,0.2498,0.0000,2.5748,1.2781,26,6,2,12,0
skilled_0870,212.4755,95.2070,173.4711,10.6421,5.3174,36,0.0000,325.8098,556.8073,0.1652,0.0038,2.9880,0.2322,0.0782,0.1123,0.2685,0.9170,0.3912,0.0000,2.1967,1.9465,178,69,3,3,0
skilled_0428,263.7459,131.8327,45.0126,19.2165,5.1206,64,0.0140,191.1963,555.4230,0.4136,0.0015,2.4221,0.4569,0.0802,0.7792,0.2257,1.2393,0.2766,0.0000,2.6990,1.2830,187,51,14,10,0
casual_2176,141.6202,91.3076,58.7723,29.3479,8.8718,33,0.0166,418.7698,550.6986,0.1059,0.0014,2.0672,0.3199,0.1822,0.3457,0.2535,1.5707,0.3295,0.0000,1.1028,0.5437,132,43,2,8,0
casual_0424,193.5998,51.6455,136.7112,6.7789,14.3208,1,0.0084,410.9515,549.2112,0.3182,0.0029,2.0499,0.6347,0.2236,0.1500,0.1582,1.2289,0.3427,0.0000,2.2410,1.1922,12,4,2,9,0
casual_0392,188.8297,79.9367,228.2257,33.0968,7.0544,31,0.0313,440.2935,549.5786,0.3995,0.0026,1.9418,0.5733,0.0526,0.4741,0.1650,0.8972,0.3282,0.0000,1.9741,0.4869,154,50,7,16,0
esport_0476,179.4313,167.5051,61.7293,2.7141,2.9853,53,0.0562,417.1148,625.0000,0.5162,0.0247,2.4091,0.2079,0.0387,0.4051,0.0818,1.9966,0.6160,0.0000,3.1083,3.6593,153,94,17,8,0
skilled_0693,159.5404,97.9820,125.2775,14.4723,6.8944,4,0.0116,431.2763,568.1938,0.2205,0.0045,2.3443,0.2764,0.1312,0.5013,0.1704,1.3639,0.2131,0.0000,2.1129,1.3861,32,6,15,10,0
casual_0104,240.2627,66.6441,127.1904,30.3325,19.4754,10,0.0492,367.1681,458.0270,0.5338,0.0046,2.9684,0.7137,0.2043,0.5430,0.2028,0.2085,0.1261,0.0000,0.4661,1.0433,114,14,10,14,0
skilled_0994,263.7059,79.8448,90.4783,9.3125,4.8865,24,0.0077,503.9328,574.7718,0.2435,0.0023,2.5997,0.2655,0.0795,0.4777,0.1275,1.6472,0.2194,0.0000,2.7149,1.3588,111,24,12,7,0
esport_0162,83.8085,141.0426,64.6245,3.6834,1.2360,23,0.0629,549.1664,625.0000,0.9902,0.0173,3.0503,0.1624,0.0525,0.5063,0.1499,1.7915,0.3810,0.0000,2.7726,4.1204,44,16,5,4,0
casual_1948,34.8225,79.5200,142.5840,32.0049,15.4787,26,0.0185,304.5025,579.3489,0.4361,0.0018,2.2190,0.7081,0.1773,0.6339,0.2800,0.6419,0.2510,0.0000,1.2354,0.3753,171,42,1,13,0
casual_1459,132.1437,32.3603,62.7435,23.0043,9.8144,8,0.0246,348.0189,544.4211,0.0718,0.0054,2.6225,0.9161,0.1511,0.2580,0.1386,1.2095,0.1776,0.0000,0.8745,0.9964,38,6,8,10,0
skilled_0257,119.7959,56.5192,15.0000,1.0000,8.9791,33,0.0279,389.8014,620.0000,0.5500,0.0053,2.4763,0.3633,0.1302,0.5244,0.2146,1.1718,0.4439,0.0000,1.5778,1.2744,97,43,12,9,0
casual_2803,190.8816,85.8289,139.5215,24.7108,25.1531,20,0.0208,433.1934,576.4492,0.6977,0.0049,2.8550,0.2000,0.2232,0.2759,0.3123,0.4610,0.1168,0.0000,1.1772,1.1558,66,7,1,7,0
casual_2706,270.9708,90.4690,63.0408,19.3175,20.5706,6,0.0302,570.2323,603.2055,0.4228,0.0185,1.7120,0.4768,0.1285,0.7350,0.2664,0.6497,0.1415,0.0000,1.4697,1.6185,30,4,8,8,0
aimbot_0039,100.5010,146.7604,9.4574,1.4443,0.8874,55,0.0584,379.5155,505.6049,0.2186,0.0069,2.4669,0.0304,0.0104,0.2685,0.0965,1.6877,0.8596,0.0000,4.4818,8.9976,84,72,23,1,1
casual_1587,180.3905,33.0314,20.0000,19.3700,11.0147,18,0.0410,355.2033,620.0000,0.1202,0.0113,1.9341,0.7877,0.1677,0.4348,0.1739,1.0247,0.1207,0.0000,0.6348,0.8256,136,16,8,4,0
skilled_0659,52.6926,118.6835,36.8910,7.9750,5.7244,27,0.0241,500.1358,565.9019,0.3581,0.0136,2.3245,0.4286,0.0921,0.5233,0.0408,1.8059,0.1683,0.0000,1.4924,1.7338,100,16,4,3,0
casual_1731,43.7378,158.2248,72.8804,12.7237,18.1153,11,0.0212,540.3733,544.3562,0.3629,0.0030,2.7617,0.6193,0.0757,0.5334,0.2194,1.3887,0.1683,0.0000,0.8880,0.2094,51,8,2,11,0
aimbot_0014,173.0848,165.0510,24.5079,1.3526,1.7827,83,0.0777,360.6450,607.0944,0.2436,0.0188,1.8925,0.0412,0.0049,0.3190,0.0788,1.1477,0.7481,0.0000,5.2462,10.2103,110,82,23,1,1
skilled_1224,67.5509,79.1969,79.4717,22.6020,8.1377,33,0.0126,425.1247,555.7954,0.4322,0.0189,2.4620,0.1797,0.1207,0.1000,0.0895,1.7653,0.3996,0.0000,1.9070,2.0693,120,47,10,7,0
skilled_0681,39.7110,61.5950,69.4292,6.7072,18.6725,21,0.0337,483.1691,579.7151,0.6356,0.0151,2.8996,0.2422,0.0754,0.6414,0.2288,1.8881,0.4010,0.0000,0.7880,1.5241,78,31,4,0,0
casual_1791,113.0697,78.6486,83.9345,10.6981,11.8662,12,0.0000,269.1247,620.0000,0.2995,0.0306,1.8391,0.8880,0.1957,0.4222,0.3065,0.5709,0.2877,0.0000,1.1173,0.8814,59,16,9,4,0
casual_2355,244.7919,102.4538,67.4639,30.8661,4.8627,2,0.0166,273.6307,571.3787,0.3148,0.0091,2.2379,0.5822,0.1339,0.5014,0.3542,0.2863,0.2250,0.0000,0.7119,0.1645,14,3,7,13,0
casual_1940,90.3694,28.0346,71.8609,25.5491,15.0732,20,0.0184,425.1797,568.4733,0.3411,0.0168,2.0866,0.8298,0.0611,0.8539,0.2133,1.3101,0.2753,0.0000,0.8553,0.2657,159,43,11,17,0
casual_0702,71.9692,24.8239,90.9388,17.9713,9.4006,10,0.0000,226.5897,586.0010,0.3149,0.0031,2.6407,0.7306,0.0839,1.1165,0.2441,0.1765,0.1122,0.0000,0.1183,1.4127,134,15,6,10,0
casual_2442,84.6494,101.4077,145.9902,2.0000,25.1351,26,0.0000,244.8153,581.9515,0.3834,0.0019,2.9826,0.6867,0.2132,0.4638,0.3519,0.7207,0.2537,0.0000,0.4122,0.1598,108,27,7,3,0
esport_0125,120.8424,164.6330,38.9330,6.9023,4.0305,47,0.0536,506.8431,595.3139,0.1589,0.0236,2.4923,0.0800,0.0612,0.3421,0.0300,1.8806,0.7685,0.0000,3.3425,2.8791,128,98,5,2,0
casual_0496,146.4829,97.7378,86.8843,6.3166,10.6324,17,0.0330,297.5044,525.1442,0.2222,0.0009,1.5301,0.5757,0.2259,0.3470,0.3676,1.4791,0.4035,0.0000,1.8301,0.9686,63,25,1,17,0
casual_0464,186.0646,60.8920,36.6456,9.3387,9.3942,9,0.0124,443.7715,521.1147,0.4923,0.0049,2.4519,0.6923,0.1451,0.2271,0.2541,0.1000,0.1059,0.0000,0.0450,1.6482,101,10,5,15,0
skilled_1071,88.8687,109.4842,128.0858,11.5012,5.4738,39,0.0524,394.0299,620.0000,0.3971,0.0125,2.6844,0.3120,0.0664,0.3271,0.1662,0.9294,0.3785,0.0000,0.7996,2.0090,191,72,4,9,0
esport_0083,289.9562,132.7648,70.8002,4.4265,5.1187,54,0.0393,473.1248,591.4958,0.4571,0.0073,2.6676,0.0800,0.0542,0.3998,0.0997,2.5565,0.5905,0.0000,4.7377,5.5863,159,93,28,1,0
casual_0172,99.1106,71.5630,108.7306,21.7843,15.3305,9,0.0000,322.2958,571.9437,0.6082,0.0043,1.9966,0.7882,0.1118,0.5521,0.1790,0.6248,0.0200,0.0000,1.1536,1.1179,164,3,9,13,0
trigger_0018,247.4164,105.4472,28.0575,9.7428,7.1453,46,0.0210,401.3231,478.7297,0.4400,0.0149,2.7719,0.1288,0.0044,0.4467,0.0010,2.5916,0.4474,0.0000,1.9662,5.2445,112,50,29,4,1
aimbot_0046,162.4114,121.1839,8.6084,1.6329,0.0907,52,0.0552,457.2270,572.9976,0.2033,0.0125,2.5512,0.0274,0.0097,0.3813,0.0709,2.2538,0.8165,0.0000,6.2016,5.5022,73,59,27,5,1
casual_2540,166.9413,56.4734,175.1178,16.4918,14.0730,13,0.0154,597.8500,565.9858,0.4855,0.0002,2.6001,0.5906,0.0504,0.6025,0.3440,0.2797,0.0960,0.0000,0.5483,0.7257,66,6,1,7,0
skilled_0262,277.4073,112.1449,55.4661,8.8352,3.4627,15,0.0038,505.8296,560.5454,0.7533,0.0021,2.5015,0.5657,0.0871,0.3539,0.0886,0.9882,0.4224,0.0000,4.0430,1.7400,45,19,3,10,0
esport_0430,237.7702,123.2856,41.4687,1.1377,4.0915,23,0.0378,395.8839,612.5787,0.5289,0.0297,3.1078,0.2022,0.0221,0.1415,0.1523,2.0411,0.6243,0.0000,2.8194,2.1845,77,48,26,0,0
casual_2260,218.5460,89.9570,72.0668,28.8293,12.2104,9,0.0282,265.9116,523.1244,0.4234,0.0003,2.1255,0.6320,0.0636,0.1749,0.1822,0.9741,0.2392,0.0000,0.9480,1.1300,52,12,8,6,0
casual_2112,78.0364,118.0336,118.2258,16.6638,14.0807,14,0.0085,490.6613,508.6198,0.2348,0.0061,2.2168,0.2247,0.0635,0.4102,0.1381,0.2158,0.1878,0.0000,0.9579,0.3071,92,17,0,9,0
casual_0900,156.4725,42.8830,43.0868,16.2781,16.1478,32,0.0062,396.9318,556.2385,0.2455,0.0168,2.0583,0.4527,0.1768,0.7566,0.2898,1.2883,0.2459,0.0000,1.0426,0.0500,172,42,2,10,0
casual_1446,276.3612,23.6466,87.1737,5.7808,27.7754,15,0.0311,497.5333,618.9626,0.2285,0.0083,2.3624,0.5479,0.1695,1.0205,0.2835,1.5723,0.1442,0.0000,0.4336,0.2665,103,14,11,12,0
skilled_0573,166.4836,92.9649,83.8836,23.9079,8.9603,25,0.0224,396.8227,507.9449,0.1865,0.0164,2.8407,0.2012,0.1154,0.3981,0.2402,1.9418,0.4630,0.0000,2.6431,1.9872,74,34,14,3,0
casual_0741,60.2590,22.3644,199.6371,29.3959,9.2287,31,0.0029,557.3840,493.1925,0.0469,0.0081,1.9814,0.8319,0.1767,0.1500,0.0634,0.8517,0.1910,0.0000,1.0381,0.0500,148,28,4,17,0
casual_2293,113.0597,71.7124,128.8097,22.0897,9.6614,30,0.0173,230.5064,620.0000,0.1843,0.0032,2.3669,0.5844,0.2872,0.6656,0.2341,1.7619,0.2044,0.0000,0.9724,0.5146,154,31,1,2,0
casual_2452,203.2177,110.1097,116.5869,9.5178,11.4585,13,0.0049,568.9879,527.6880,0.3296,0.0013,1.5788,0.4701,0.2381,0.3640,0.1274,0.8418,0.1837,0.0000,0.9624,0.9767,85,15,0,1,0
casual_2622,91.6508,75.7452,48.2499,6.1486,12.3828,21,0.0164,278.5902,620.0000,0.5172,0.0155,1.6223,0.4579,0.2468,0.8445,0.2844,1.2899,0.1928,0.0000,1.5357,0.9276,123,23,5,1,0
skilled_1078,77.3098,103.6798,97.6997,12.8468,1.0767,51,0.0167,427.1662,584.2685,0.4665,0.0500,1.8667,0.2331,0.1271,0.5795,0.1953,1.3746,0.4522,0.0000,1.5666,1.5885,134,60,7,3,0
casual_1206,192.4208,80.6865,121.0507,20.2331,14.9816,2,0.0240,542.4834,591.4232,0.1124,0.0034,1.5177,0.4545,0.0902,0.9787,0.1833,1.6411,0.3150,0.0000,0.6149,1.3691,11,3,5,4,0
casual_0509,61.2813,72.2392,161.9586,7.7156,22.3879,8,0.0000,377.6916,532.5742,0.1101,0.0024,2.4098,0.4419,0.1227,0.2223,0.1848,0.9339,0.3491,0.0000,0.9316,0.9231,39,13,5,9,0
casual_2620,266.9188,47.8505,147.1278,22.2889,13.1882,32,0.0000,339.6003,594.3079,0.5344,0.0003,2.6008,0.4677,0.0400,0.2720,0.2483,0.6518,0.3261,0.0000,1.3638,0.9013,163,53,8,15,0
casual_2802,46.5521,10.0000,56.5884,40.2571,7.2143,8,0.0141,380.8374,593.5745,0.0945,0.0400,2.3546,0.9064,0.2163,0.4102,0.2713,0.3499,0.3383,0.0000,0.0000,0.0500,54,18,5,4,0
skilled_0313,66.0943,72.2085,95.2291,5.7222,4.1413,76,0.0000,466.0609,552.3337,0.5846,0.0137,1.8935,0.3734,0.0754,0.4910,0.2206,0.9742,0.3288,0.0000,3.1055,0.4790,185,60,6,13,0
casual_1549,103.6572,85.0869,105.8956,16.9430,13.9227,27,0.0040,437.5463,606.2485,0.0557,0.0085,2.4425,0.7082,0.1913,0.8798,0.1196,1.6219,0.3968,0.0000,2.0171,1.5119,138,54,6,4,0
esport_0313,144.1024,177.0870,37.6379,7.1692,8.2566,17,0.0521,490.8331,573.1397,0.4384,0.0054,1.9245,0.1601,0.0740,0.6170,0.1056,2.0154,0.6754,0.0000,3.3972,6.2517,48,32,11,7,0
casual_2202,271.5767,58.6851,132.4675,32.9845,12.0876,22,0.0152,233.2290,503.6181,0.5005,0.0112,2.4813,0.6490,0.1808,0.4544,0.2624,1.2412,0.0626,0.0000,2.5575,0.9316,133,8,9,16,0
casual_2566,41.1383,43.1009,140.2622,17.8162,26.4927,28,0.0440,200.2680,555.4241,0.2410,0.0005,3.0697,0.4715,0.2070,0.4541,0.3832,0.7839,0.1577,0.0000,0.8226,0.0500,113,17,8,5,0
skilled_0892,186.9704,100.4191,82.4750,7.2155,7.6183,28,0.0000,560.5981,596.2287,0.3548,0.0045,2.8615,0.4018,0.0939,0.7161,0.1620,1.9031,0.5584,0.0000,2.2565,1.1178,76,42,7,4,0
casual_2044,294.8713,89.6582,69.4202,18.4764,19.6650,22,0.0146,508.9896,489.6731,0.1597,0.0113,3.4808,0.5767,0.1584,0.4880,0.1533,1.0376,0.0909,0.0000,1.6384,0.6822,97,8,10,5,0
casual_0767,38.4465,68.2334,60.7346,13.2227,18.1415,13,0.0150,416.8292,528.0707,0.3857,0.0008,2.3123,0.2413,0.0541,0.4366,0.2448,1.3868,0.2856,0.0000,1.0431,0.3234,94,26,1,7,0
speed_0022,91.1386,102.7889,128.2286,23.4427,12.9460,26,0.0183,788.5563,1051.8463,0.5382,0.5947,3.1687,0.6388,0.0300,0.3056,0.1210,1.7797,0.3437,0.0000,0.8000,2.6197,142,48,23,8,1
skilled_0738,194.6105,71.4386,123.4071,15.9590,6.1444,20,0.0361,505.5807,547.1030,0.3622,0.0043,2.3038,0.2859,0.1725,0.4443,0.1662,1.3494,0.2427,0.0000,2.6874,1.5002,50,12,5,7,0
casual_0421,39.7639,57.9195,177.8008,8.7586,9.2253,17,0.0059,368.6452,457.3677,0.5476,0.0018,2.0547,0.7424,0.1803,0.5577,0.1161,0.4866,0.3103,0.0000,1.2693,1.2374,86,26,9,13,0
casual_0123,142.2680,54.5408,73.1565,35.8646,17.5927,8,0.0273,386.9819,503.4978,0.0776,0.0002,3.0011,0.3576,0.1290,0.3217,0.2349,1.4082,0.1590,0.0000,0.7185,1.0471,29,4,11,11,0
skilled_1162,178.1843,112.7487,64.5606,6.2009,5.1867,13,0.0178,554.8946,613.4732,0.7657,0.0160,3.0364,0.1488,0.1046,0.4440,0.1664,0.7981,0.2638,0.0000,2.7565,1.5852,48,12,7,13,0
casual_2628,107.9093,157.1239,155.1727,25.6786,4.5205,32,0.0235,429.6606,594.1043,0.1350,0.0057,2.3734,0.5303,0.4096,0.7518,0.3137,1.4443,0.1906,0.0000,1.3328,0.8779,103,19,4,10,0
casual_0819,103.7605,63.7715,60.0833,24.5092,10.7466,12,0.0000,417.5458,612.1560,0.2756,0.0046,2.5594,0.3900,0.0986,0.5752,0.2678,1.0971,0.1668,0.0000,0.0435,0.1895,45,7,11,2,0
casual_1403,113.8766,75.3056,184.8346,11.6277,4.8383,14,0.0116,401.4380,609.5386,0.4948,0.0098,1.6291,0.5472,0.1325,1.2615,0.2112,0.1245,0.2835,0.0000,0.0036,0.7673,100,28,9,17,0
casual_1382,174.3422,68.1586,99.2111,10.4251,1.0000,28,0.0199,514.9299,506.2544,0.2903,0.0021,2.7210,0.5742,0.2264,0.2183,0.2669,0.1000,0.2555,0.0000,0.5963,1.6286,145,37,7,14,0
casual_2148,237.9245,47.6498,50.5122,24.7222,6.0787,37,0.0282,422.8925,566.8113,0.3921,0.0016,2.7328,0.5250,0.0580,0.1500,0.1737,0.1000,0.2202,0.0000,0.9963,0.0500,164,36,2,16,0
casual_1575,90.7980,37.9021,62.5621,29.4195,4.5760,20,0.0219,392.9454,505.4385,0.1566,0.0048,2.3143,0.6776,0.1208,0.6412,0.1985,0.8062,0.3254,0.0000,0.9879,1.3170,161,52,10,4,0
casual_1638,96.3864,127.4757,132.0652,11.5066,8.9133,6,0.0120,414.5327,561.7624,0.3692,0.0036,2.5039,0.7142,0.2004,0.6939,0.1263,1.1470,0.2399,0.0000,1.1844,0.9648,32,7,7,14,0
casual_1795,109.6552,81.3698,132.4523,7.8864,18.4665,25,0.0183,458.5192,611.1528,0.3303,0.0057,1.4365,0.5009,0.1579,0.4592,0.2264,0.8470,0.2566,0.0000,0.3086,1.2194,161,41,7,2,0
aimbot_0065,164.3899,135.0344,13.4079,5.0369,1.3641,112,0.0214,474.1455,575.1479,0.4872,0.0054,2.4243,0.0608,0.0123,0.5323,0.0629,1.7872,0.7261,0.0000,5.9456,7.7396,140,101,20,1,1
casual_0399,149.4248,10.0000,87.5788,19.3932,13.1189,5,0.0217,458.7459,592.2666,0.3808,0.0012,2.1497,0.2832,0.1873,0.7820,0.3326,1.0961,0.3003,0.0000,1.2141,0.7103,36,10,2,15,0
casual_2310,298.6525,98.7780,173.5837,15.3454,9.8422,33,0.0000,343.6332,500.8485,0.4175,0.0024,1.6635,0.7512,0.2362,0.4578,0.0300,0.8809,0.0884,0.0000,0.9447,1.1175,123,10,7,15,0
casual_0882,282.5530,44.3797,102.2094,21.9655,14.3456,9,0.0042,328.4348,511.1105,0.7486,0.0055,2.1768,0.7702,0.1493,0.1500,0.1088,1.0822,0.3196,0.0000,0.5044,1.1468,35,11,0,11,0
trigger_0048,213.1870,99.1090,66.9428,9.7313,2.6869,27,0.0234,512.7362,499.2841,0.5630,0.0009,2.3719,0.0761,0.0072,0.4408,0.0024,2.2070,0.4811,0.0000,3.9044,3.8130,47,22,33,4,1
casual_2897,85.0835,31.1703,20.0000,22.2663,18.5062,31,0.0167,315.8418,586.6799,0.4227,0.0197,2.0960,0.8097,0.1074,0.6794,0.3636,1.0383,0.1862,0.0000,0.0000,0.4800,164,30,6,16,0
casual_1352,106.7872,129.2310,127.1995,19.4392,16.1496,13,0.0067,434.1966,545.6541,0.3237,0.0253,1.9666,0.5551,0.0873,1.1232,0.3120,0.3061,0.2521,0.0000,1.6426,0.4819,53,13,8,16,0
casual_2742,77.2440,52.2158,90.0977,17.5544,1.9277,33,0.0167,311.5271,596.8280,0.2058,0.0087,2.4810,0.7890,0.2079,0.6899,0.2319,1.2479,0.3391,0.0000,0.8080,1.1198,166,56,3,9,0
esport_0300,73.4628,72.0242,56.4523,4.5474,2.9242,20,0.0303,409.5587,576.6770,0.4772,0.0004,2.5953,0.2368,0.0594,0.4072,0.1123,3.1127,0.4844,0.0000,4.0608,2.3045,52,25,16,0,0
casual_2130,84.5709,62.3618,127.1954,20.7320,6.6117,12,0.0000,403.9823,572.3805,0.4701,0.0132,2.9884,0.5465,0.1637,0.8473,0.2141,1.3751,0.2167,0.0000,0.8077,1.0151,72,15,10,15,0
casual_0982,230.2360,61.4562,57.8759,9.2087,1.0000,27,0.0000,337.0446,583.7924,0.5444,0.0075,1.4852,0.5398,0.0682,0.3196,0.3038,0.6429,0.2001,0.0000,0.9703,0.6934,127,25,3,4,0
casual_0456,294.6073,52.1208,121.0725,17.3969,7.7669,8,0.0233,460.0277,460.0135,0.4218,0.0007,2.6079,0.6993,0.1333,0.6616,0.1927,0.3516,0.1248,0.0000,1.1063,1.2410,60,7,2,9,0
skilled_1119,212.5879,87.6429,99.0381,18.9083,6.1313,48,0.0144,545.1694,571.5309,0.4175,0.0018,2.4232,0.3490,0.0300,0.4960,0.1265,1.1636,0.3489,0.0000,2.7005,2.5388,151,52,9,12,0
casual_1079,120.2100,94.0434,79.9478,21.6035,4.0229,23,0.0227,501.5713,542.4974,0.3445,0.0166,2.4076,0.5269,0.1333,0.4870,0.3349,0.5213,0.0200,0.0000,1.1859,0.6317,106,2,11,6,0
casual_1950,287.0208,60.2572,176.0477,9.7359,3.4218,25,0.0114,450.8165,591.5610,0.6562,0.0036,2.4044,1.1032,0.1772,0.6333,0.1414,0.2922,0.1691,0.0000,1.0992,1.3412,119,20,11,1,0
esport_0064,187.7098,86.5965,72.3293,5.7295,3.1107,93,0.0463,421.7489,625.0000,0.5273,0.0102,1.9805,0.1740,0.0262,0.3623,0.1670,2.0328,0.5828,0.0000,3.1969,4.8574,199,115,29,1,0
casual_0689,176.0313,39.0801,170.9453,18.4906,23.5644,12,0.0229,520.0393,620.0000,0.2739,0.0004,1.8167,0.4786,0.1255,0.4975,0.2777,1.0716,0.2968,0.0000,0.1870,0.9073,37,10,2,7,0
casual_2429,234.4843,137.3270,143.6787,8.3013,14.8216,22,0.0124,479.5014,509.3275,0.0450,0.0113,2.8126,0.3714,0.0400,1.3039,0.0852,1.4238,0.2621,0.0000,1.5074,1.3270,91,23,10,7,0
casual_0641,246.2353,48.7071,77.0861,26.6026,10.4804,17,0.0101,274.0772,585.1612,0.3838,0.0101,1.9381,0.8355,0.0747,0.8412,0.3640,0.5903,0.1973,0.0000,1.3272,0.6499,92,18,0,3,0
casual_2392,126.9852,126.9749,127.1966,24.3193,17.2260,32,0.0217,318.3032,620.0000,0.5286,0.0074,1.9513,0.3642,0.1397,0.6230,0.2508,1.0327,0.1385,0.0000,0.0061,0.9683,174,24,0,13,0
casual_1953,291.9544,77.9121,69.1891,13.1582,14.1259,6,0.0283,377.5356,562.6119,0.3557,0.0127,2.3151,0.6018,0.1049,0.6421,0.2303,1.0943,0.1134,0.0000,0.8742,0.5420,32,3,1,5,0
casual_2748,164.1970,136.3384,134.7928,17.5963,18.5198,40,0.0194,371.7225,620.0000,0.3564,0.0021,2.5380,0.4439,0.1459,0.8051,0.0605,1.2899,0.0557,0.0000,1.1561,1.4875,179,9,5,17,0
esport_0063,298.0535,111.6732,59.5070,11.2709,2.2596,47,0.0372,428.0137,597.1778,0.6152,0.0310,2.7853,0.1717,0.0670,0.5384,0.1279,1.9393,0.4921,0.0000,5.8398,4.2427,121,59,6,6,0
skilled_0435,226.3764,134.1776,83.6850,7.8824,11.1609,18,0.0117,357.7956,578.8714,0.4364,0.0081,2.2752,0.3236,0.1294,0.6402,0.1254,1.0142,0.4077,0.0000,1.9508,1.8999,56,22,3,4,0
skilled_0336,37.4149,82.5472,42.0475,7.4398,6.3437,4,0.0222,333.8901,590.0227,0.5958,0.0303,3.0842,0.4238,0.1053,0.7044,0.1345,1.4717,0.2729,0.0000,2.8163,1.5565,31,8,14,4,0
aimbot_0016,85.8405,118.1830,17.5838,0.3531,0.8395,27,0.0544,315.7559,601.6567,0.4194,0.0239,2.3921,0.0870,0.0053,0.4797,0.0439,1.9055,0.8572,0.0000,5.3028,7.3190,34,29,35,2,1
skilled_0370,274.9313,99.2249,112.4387,9.1292,7.3768,37,0.0177,390.0041,563.6098,0.3997,0.0104,2.7708,0.3094,0.1147,0.6395,0.1589,1.4741,0.2371,0.0000,2.4622,1.3828,106,25,17,12,0
casual_1884,120.0585,64.8449,48.1869,8.4654,13.8278,34,0.0267,149.5332,591.4505,0.2234,0.0135,2.5799,0.5288,0.0851,0.9254,0.0445,0.6739,0.1484,0.0000,1.4331,0.5670,176,26,5,14,0
casual_0389,259.6441,75.7930,105.1345,5.2613,12.0765,17,0.0107,455.4189,620.0000,0.5919,0.0079,3.0354,0.6155,0.2132,0.2999,0.2948,0.1000,0.2853,0.0000,1.6097,0.9728,95,27,3,13,0
casual_2494,268.5899,73.4620,106.2302,24.2783,7.5441,11,0.0260,230.4331,533.3398,0.1200,0.0034,2.0651,0.4653,0.0400,0.7889,0.1827,1.0931,0.2708,0.0000,0.7914,0.7821,105,28,4,2,0
skilled_0878,86.4381,113.4423,21.2021,5.6505,9.6299,56,0.0222,514.4919,588.2281,0.6828,0.0116,2.4393,0.5348,0.1520,0.2872,0.1483,1.3018,0.2109,0.0000,2.3301,2.1735,150,31,4,8,0
skilled_0856,64.7572,127.0856,32.9033,19.8207,6.2365,48,0.0303,397.3637,620.0000,0.5736,0.0072,3.1615,0.1301,0.2035,0.5213,0.1062,1.2187,0.3139,0.0000,4.2344,1.0240,181,56,19,5,0
casual_0845,270.2072,67.5092,38.2749,3.2293,16.0559,7,0.0074,426.3979,515.5806,0.2644,0.0140,2.2189,0.4999,0.1585,0.7981,0.0460,1.8577,0.1453,0.0000,1.9979,1.8585,43,6,9,3,0
casual_0542,256.5488,91.3760,56.3720,15.5871,10.9372,2,0.0003,402.3658,569.5931,0.5619,0.0150,3.2782,0.2000,0.1987,0.4899,0.1444,0.9995,0.1903,0.0000,0.3703,1.0361,16,3,10,14,0
casual_0091,218.0065,64.0357,33.1795,28.3603,14.7539,4,0.0229,121.1384,559.1307,0.5386,0.0267,2.3182,0.2865,0.1226,0.8099,0.2958,1.3173,0.1498,0.0000,1.9622,0.7664,29,4,3,8,0
skilled_0889,119.6341,100.8013,80.1428,9.5852,10.8977,25,0.0000,292.1438,523.2003,0.3135,0.0212,1.9140,0.3131,0.0373,0.8341,0.2707,1.1742,0.3270,0.0000,2.8153,0.8594,98,32,15,6,0
casual_1979,88.1158,82.4918,91.8925,33.7081,12.3298,5,0.0155,545.5584,609.1013,0.4825,0.0047,3.2370,0.5824,0.2751,0.5674,0.1553,1.4712,0.1487,0.0000,0.0000,0.1192,44,6,3,1,0
casual_2812,217.2465,100.3965,20.0000,20.6291,15.3094,4,0.0019,440.8439,572.8890,0.6901,0.0063,1.8455,0.6949,0.1648,0.9825,0.2819,0.9997,0.1422,0.0000,0.2028,1.4920,20,2,5,9,0
skilled_1082,278.7430,110.0998,62.8761,9.3931,8.8196,27,0.0219,221.5141,580.5889,0.3775,0.0021,2.2643,0.3511,0.1320,0.3506,0.1870,1.2330,0.3433,0.0000,2.2505,2.0592,166,56,4,0,0
casual_2902,70.2915,10.0000,20.0000,17.0183,20.3481,22,0.0089,455.8637,516.3682,0.2800,0.0011,2.2118,0.2644,0.1592,0.8639,0.1475,1.4870,0.1751,0.0000,0.9600,0.5561,144,25,6,10,0
casual_2529,200.4472,32.7898,32.8337,18.1511,2.2830,23,0.0142,272.5346,493.4006,0.3797,0.0018,2.8535,0.3451,0.1878,0.5459,0.4657,0.4336,0.2669,0.0000,1.7044,1.7585,101,26,6,5,0
casual_1676,226.6612,54.8761,99.1356,17.0098,13.1913,12,0.0190,494.8745,620.0000,0.3867,0.0281,1.8886,0.5981,0.1529,0.5176,0.1661,1.5396,0.0497,0.0000,1.1578,0.7905,97,4,0,5,0
casual_1048,262.3702,61.0526,72.0265,29.0042,9.9382,27,0.0177,463.5055,542.0724,0.4936,0.0049,2.7935,0.4990,0.0951,0.6319,0.3881,1.1425,0.0421,0.0000,1.9435,0.9776,143,6,11,10,0
casual_1960,195.9789,40.8241,70.1381,37.9633,7.8870,9,0.0348,325.5062,487.5282,0.5563,0.0040,2.3864,0.5234,0.0400,0.4983,0.3146,1.6556,0.2439,0.0000,0.1010,0.4138,76,18,11,6,0
casual_2530,197.4396,65.0974,87.3909,4.0584,16.1415,16,0.0158,541.6251,620.0000,0.5216,0.0008,1.1728,0.7204,0.1332,0.8638,0.2202,0.6638,0.3978,0.0000,1.1647,0.9739,75,29,3,15,0
skilled_0992,125.4773,50.4770,117.6560,7.0650,6.0959,36,0.0266,533.4423,599.4135,0.7533,0.0036,2.8607,0.4103,0.0957,0.5822,0.1638,0.8817,0.2907,0.0000,2.7630,2.6867,126,36,3,9,0
casual_0237,241.8861,107.2473,166.3065,8.4776,17.3307,1,0.0000,513.3609,586.3727,0.3372,0.0037,1.5271,0.5988,0.2282,0.5826,0.3162,1.4099,0.1668,0.0000,0.6178,0.8002,12,2,3,17,0
skilled_0097,257.9862,116.5135,72.6878,7.4399,5.9801,36,0.0163,437.3296,600.3999,0.5824,0.0046,3.3751,0.2727,0.0796,0.5759,0.1598,1.8521,0.3552,0.0000,1.9937,1.1596,115,40,4,3,0
skilled_0488,101.4874,119.8591,74.4785,10.4817,8.6336,52,0.0133,544.9742,544.4945,0.4909,0.0061,1.9361,0.3950,0.1803,0.7833,0.1115,0.9716,0.4734,0.0000,2.7318,2.5279,180,85,7,2,0
casual_1133,226.5177,41.1563,146.7971,11.1950,23.2238,30,0.0212,517.1108,524.6454,0.1374,0.0016,2.0489,0.5469,0.1012,0.7718,0.2004,0.7665,0.1645,0.0000,1.5125,0.1988,179,29,3,11,0
casual_1805,214.2988,98.4640,98.7180,6.1910,18.3738,9,0.0359,361.8016,586.1914,0.2347,0.0341,2.6739,0.5878,0.2588,0.1504,0.1380,0.5962,0.2746,0.0000,0.5772,1.6882,52,14,4,15,0
esport_0067,235.0245,148.7491,42.3205,0.5000,4.9004,76,0.0119,562.9417,602.9823,0.5486,0.0036,2.7665,0.1924,0.0636,0.4365,0.1911,1.9853,0.6624,0.0000,2.3306,3.8676,189,125,10,3,0
casual_0163,40.1014,116.4968,149.5533,15.6215,7.3191,35,0.0141,460.8551,589.7074,0.2531,0.0019,2.9396,0.6072,0.2315,0.8689,0.0300,0.8326,0.0627,0.0000,1.0184,0.8992,127,7,7,6,0
skilled_0492,98.7540,91.3789,78.8311,12.8973,4.0414,21,0.0294,465.8527,617.9970,0.4196,0.0098,2.2205,0.2447,0.1496,0.4615,0.1102,1.3910,0.3261,0.0000,2.4177,0.1000,109,35,7,13,0
esport_0459,211.5270,157.7104,100.1942,7.1986,1.9444,48,0.0558,428.4183,619.0986,0.3011,0.0041,2.8898,0.1077,0.0783,0.4401,0.1125,2.1182,0.5069,0.0000,4.4800,5.9753,162,82,34,7,0
esport_0380,260.5113,170.5487,65.1285,6.5173,0.6766,37,0.0449,517.2841,574.8734,0.6381,0.0004,3.0870,0.1137,0.0482,0.5151,0.0786,1.0769,0.3222,0.0000,1.6851,3.9882,193,62,10,4,0
skilled_0453,39.8588,94.5684,144.3000,11.4472,1.5561,27,0.0144,432.0990,579.5590,0.3707,0.0030,2.3381,0.3301,0.0534,0.5438,0.1518,0.9525,0.3660,0.0000,2.8959,1.1433,118,43,13,12,0
skilled_0199,226.7842,60.1719,105.1687,9.6172,5.0334,15,0.0163,308.4867,516.9184,0.4908,0.0011,3.0015,0.1558,0.0958,0.3868,0.2254,0.9535,0.2336,0.0000,2.4675,1.9474,64,14,12,8,0
skilled_0634,100.2210,104.6140,113.8064,12.0114,4.7065,34,0.0191,542.6886,620.0000,0.5798,0.0002,2.9418,0.2033,0.1350,0.6673,0.1913,1.6235,0.4257,0.0000,2.5090,1.3705,167,71,8,11,0
skilled_0939,264.8911,94.1336,88.9551,10.9213,4.4126,20,0.0187,574.8067,564.3863,0.5555,0.0165,2.9128,0.3681,0.1379,0.4881,0.1836,1.1808,0.4104,0.0000,2.6784,0.1000,188,77,7,12,0
casual_1811,149.0599,63.4200,20.0000,14.9681,23.1118,39,0.0000,334.6887,584.2550,0.1550,0.0194,2.6932,0.4627,0.0915,1.0024,0.1075,1.1631,0.4632,0.0000,0.2267,0.7769,175,81,9,15,0
skilled_0649,116.8957,51.9608,60.5147,1.0000,3.3067,32,0.0044,495.5380,572.1803,0.4745,0.0154,2.4080,0.1282,0.1262,0.4566,0.1968,1.4491,0.3264,0.0000,1.3737,0.6170,102,33,6,0,0
skilled_1049,87.6413,85.5393,119.3584,9.9433,10.7309,33,0.0051,395.2486,566.1482,0.5211,0.0232,2.6685,0.3274,0.0300,0.4109,0.0652,1.3754,0.3160,0.0000,0.7521,2.3216,162,51,8,2,0
casual_1428,240.5649,81.8648,79.6810,10.7875,1.7733,18,0.0254,505.0783,554.7722,0.4351,0.0149,2.4716,0.5909,0.1517,0.6305,0.3231,0.9737,0.1885,0.0000,2.1901,0.5582,81,15,7,13,0
skilled_0613,269.4232,100.6459,76.5200,4.9663,4.5744,23,0.0471,444.8592,571.1978,0.2514,0.0091,2.3017,0.2706,0.0300,0.6629,0.0683,2.2220,0.5792,0.0000,2.5836,1.3891,75,43,12,13,0
skilled_0131,277.6989,62.4663,94.7208,12.0853,7.4245,29,0.0357,339.0677,577.6500,0.5382,0.0397,2.1894,0.2085,0.1046,0.4512,0.1988,1.5927,0.3529,0.0000,2.3764,1.6847,149,52,18,10,0
skilled_0396,85.0619,91.4423,93.8247,8.1422,9.1676,15,0.0305,507.5276,590.4788,0.4860,0.0074,2.3835,0.1624,0.1257,0.6352,0.1780,0.4638,0.2123,0.0000,2.1669,2.3503,71,15,9,1,0
esport_0210,199.9450,102.9879,67.1321,8.5653,4.9681,29,0.0654,444.5529,624.4682,0.4634,0.0169,3.0419,0.1199,0.0757,0.6076,0.1402,1.1520,0.3944,0.0000,4.4554,0.8000,79,31,25,1,0
esport_0399,236.6770,136.9945,67.3492,2.6735,2.9066,15,0.0310,508.8883,625.0000,0.6178,0.0119,3.1162,0.1944,0.0669,0.3632,0.1512,2.6382,0.6270,0.0000,2.6802,2.9511,56,35,6,4,0
casual_2820,107.7084,110.1973,65.0678,9.8629,8.9010,39,0.0268,531.9438,583.5583,0.0838,0.0045,2.0265,0.6483,0.0707,0.8621,0.3878,0.3876,0.0871,0.0000,1.6965,0.4376,148,12,11,4,0
casual_1452,263.3169,56.6849,91.9187,11.9322,15.2877,38,0.0000,374.0633,550.5707,0.3680,0.0099,2.2352,0.6414,0.1117,0.4170,0.3001,0.7354,0.2328,0.0000,0.0000,0.5750,164,38,4,7,0
casual_0593,191.5888,83.4653,145.9706,17.2892,10.5534,24,0.0326,443.2516,476.9816,0.7888,0.0016,2.4778,0.2000,0.0400,0.2667,0.3160,0.9956,0.1182,0.0000,1.7257,0.3358,169,19,6,2,0
casual_0041,254.8231,74.1693,165.2296,7.9372,12.3385,29,0.0000,372.0324,611.7322,0.2537,0.0007,1.7943,0.6316,0.1515,0.8424,0.0780,1.1126,0.1792,0.0000,0.0000,0.4399,138,24,3,7,0
casual_0560,52.7111,78.4508,97.8430,18.9855,13.5608,12,0.0017,450.2067,507.7413,0.3938,0.0215,2.8700,0.4111,0.1567,0.8058,0.3013,0.4368,0.2303,0.0000,0.1186,0.1598,59,13,2,17,0
skilled_0273,192.6324,89.5620,94.3307,2.1977,7.1975,61,0.0032,299.3163,558.0279,0.5372,0.0089,2.2922,0.2829,0.1572,0.3272,0.1180,0.9640,0.3725,0.0000,1.4849,0.1181,198,73,13,10,0
skilled_0244,200.4791,68.3793,128.7272,9.2256,2.0222,15,0.0104,409.7303,604.1737,0.4355,0.0069,2.1408,0.2974,0.1098,0.6368,0.2047,0.7802,0.3139,0.0000,1.2969,1.4329,68,21,8,13,0
casual_0243,173.3078,100.2081,61.6102,17.4437,8.7285,4,0.0080,440.3888,596.1278,0.2761,0.0178,2.6742,0.4299,0.1773,0.8645,0.3315,0.7982,0.1278,0.0000,0.2991,0.1455,28,3,1,16,0
casual_1339,131.1053,83.8110,26.9512,13.2096,13.1040,5,0.0014,356.7757,566.6839,0.3563,0.0094,2.4786,0.3886,0.0665,0.4436,0.1242,0.7635,0.1229,0.0000,0.0933,0.5035,54,6,5,6,0
casual_2780,61.5758,159.9613,104.5463,18.6408,1.5004,8,0.0079,358.3718,615.1248,0.1754,0.0186,1.9417,0.6172,0.1471,0.7642,0.3092,0.4357,0.1990,0.0000,0.9778,0.0500,38,7,11,16,0
skilled_0187,41.1949,93.8803,91.1644,12.3457,7.0092,9,0.0135,411.5539,575.4282,0.5939,0.0102,2.6428,0.1205,0.1968,0.6645,0.2206,1.9187,0.4774,0.0000,0.8558,0.8425,34,16,10,3,0
skilled_0799,272.9662,83.5163,15.0000,17.2869,8.6704,9,0.0077,423.4242,620.0000,0.3658,0.0148,2.5525,0.3477,0.1103,0.3629,0.1416,0.7788,0.4069,0.0000,1.7544,3.6627,43,17,16,12,0
casual_1442,71.4725,10.0000,63.7068,23.6972,1.0000,15,0.0108,559.9706,489.2996,0.2303,0.0008,2.7020,0.7839,0.1857,0.6208,0.1353,1.1632,0.3110,0.0000,0.9361,0.4123,83,25,7,6,0
casual_0261,252.6593,65.9469,77.2137,2.0000,25.4491,4,0.0177,348.3148,513.6781,0.3306,0.0027,2.1312,0.5547,0.1774,0.7476,0.3223,0.5896,0.2740,0.0000,1.5335,1.2127,31,8,11,3,0
casual_2764,49.5628,56.1039,83.4487,17.9669,12.3518,42,0.0065,397.3394,573.0692,0.1701,0.0034,2.1034,0.5294,0.0400,0.6617,0.0443,0.9592,0.1772,0.0000,1.7895,1.9361,168,29,4,2,0
casual_1689,136.6775,72.3609,91.7045,27.7761,13.1742,12,0.0338,453.1365,560.0653,0.2704,0.0004,2.3692,0.6280,0.2467,0.2443,0.2644,0.8439,0.3038,0.0000,0.6561,0.6803,71,21,6,11,0
casual_1725,44.9067,48.2646,101.6805,22.5242,11.0881,7,0.0191,563.2272,537.2380,0.1666,0.0061,1.6300,0.6565,0.1105,0.9082,0.3725,0.7164,0.0600,0.0000,1.6596,0.5354,37,2,7,12,0
aimbot_0042,104.6955,186.8690,14.0454,2.2863,0.3371,70,0.0990,357.5411,524.5791,0.4903,0.0085,2.9563,0.0378,0.0121,0.4487,0.0507,1.5027,0.9800,0.0000,5.1782,5.7879,91,89,25,2,1
casual_0834,225.9578,85.6149,97.6161,2.0000,25.0362,6,0.0120,289.3855,577.0896,0.0200,0.0067,3.2290,0.4463,0.0578,0.6843,0.0300,1.6414,0.0799,0.0000,0.8016,1.3360,31,2,6,5,0
casual_1866,281.8920,55.0870,56.5296,28.1466,1.4514,9,0.0166,299.4771,510.5483,0.4967,0.0028,1.8902,0.5957,0.1738,0.5588,0.0997,1.0856,0.0615,0.0000,0.6310,0.8065,47,2,11,14,0
casual_2496,179.1083,150.0608,160.0865,24.2563,13.7362,14,0.0127,421.6209,620.0000,0.2741,0.0087,2.0183,0.7346,0.2256,0.6844,0.2691,1.1770,0.3698,0.0000,0.2792,0.6676,66,24,9,8,0
casual_2010,42.7906,43.5082,110.0285,21.1303,5.2382,7,0.0318,348.6260,505.0837,0.0200,0.0046,2.1641,0.6554,0.1214,0.5811,0.2344,0.6332,0.2381,0.0000,2.0673,0.4516,62,14,9,15,0
casual_0340,67.1001,56.7982,255.0943,21.8939,19.6369,29,0.0011,371.1684,534.7605,0.3087,0.0008,2.7413,0.5308,0.1010,0.5230,0.1241,0.8063,0.3487,0.0000,0.8765,0.7216,141,49,3,1,0
casual_2988,73.2913,129.7577,130.6548,9.8978,10.5843,16,0.0258,281.2347,504.4476,0.6557,0.0072,2.0710,0.5204,0.1062,1.0565,0.1703,0.6040,0.2169,0.0000,1.3386,0.5573,128,27,8,7,0
casual_1601,67.8150,69.7296,121.0705,19.2132,8.8955,16,0.0332,497.9160,584.3644,0.1734,0.0138,1.7143,0.5632,0.1525,1.1055,0.3297,0.8540,0.3063,0.0000,0.9719,0.5887,44,13,1,7,0
skilled_0875,38.1440,71.2635,79.7806,10.9321,7.1497,37,0.0215,439.5299,567.1378,0.3891,0.0192,2.8955,0.1416,0.0721,0.5636,0.0340,1.0052,0.4432,0.0000,1.8213,1.7486,141,62,15,0,0
esport_0444,102.3174,108.3076,37.0915,6.4689,3.7640,40,0.0433,435.4896,595.4227,0.3953,0.0229,2.6964,0.1769,0.0912,0.3391,0.0811,1.6672,0.6363,0.0000,5.1943,5.0267,157,99,10,3,0
casual_0480,140.3714,57.4678,84.2614,4.3345,11.6298,50,0.0031,418.4717,548.1439,0.3273,0.0118,0.9726,0.4052,0.1449,1.1016,0.2582,1.3465,0.2388,0.0000,0.6408,0.5840,168,40,6,14,0
casual_2825,229.5501,81.2627,82.7024,16.3951,18.9822,19,0.0018,456.0684,539.1483,0.0200,0.0171,2.4400,0.5273,0.2153,0.8274,0.0580,0.1985,0.0732,0.0000,1.7830,1.0627,109,7,6,4,0
esport_0079,262.3514,134.5969,35.2774,6.3191,2.4254,5,0.0322,405.8209,618.1368,0.6996,0.0219,3.0258,0.1667,0.0813,0.3275,0.0781,1.9460,0.4672,0.0000,5.4487,6.3224,37,17,33,1,0
skilled_0540,94.2499,83.0063,35.4077,3.8425,10.1629,32,0.0306,493.8095,595.3091,0.5199,0.0011,2.9202,0.3010,0.0720,0.2569,0.1605,1.2586,0.4375,0.0000,1.4882,1.1521,119,52,15,13,0
esport_0388,245.1151,92.8938,94.9264,0.5000,5.7898,27,0.0320,406.9713,584.9695,0.4274,0.0088,2.8709,0.1989,0.0452,0.3890,0.1203,2.6010,0.5392,0.0000,4.6278,6.4671,83,44,16,0,0
skilled_0046,86.7746,101.9999,101.3273,9.3071,10.3726,14,0.0136,477.4490,564.6527,0.3510,0.0095,3.2979,0.5093,0.0904,0.3960,0.3130,1.7452,0.3921,0.0000,2.1638,2.2720,69,27,7,1,0
skilled_0990,199.3417,80.8970,63.4888,7.5166,3.0666,58,0.0218,455.7163,579.2258,0.4575,0.0049,2.0302,0.3334,0.0300,0.1322,0.0698,1.1220,0.3516,0.0000,3.0597,0.2032,156,54,16,6,0
casual_1766,297.2522,70.2796,132.6751,34.5594,6.2237,31,0.0145,391.6959,468.6642,0.2489,0.0023,2.3819,0.4043,0.1322,1.1077,0.3017,0.3366,0.1057,0.0000,1.7307,0.6485,165,17,5,17,0
esport_0223,284.0126,92.9844,32.6100,6.1450,3.9230,82,0.0167,452.0547,609.6543,0.7619,0.0023,2.7514,0.1343,0.0715,0.4825,0.1362,1.3872,0.5888,0.0000,4.5506,0.8000,186,109,20,9,0
casual_2453,243.3657,26.1852,109.2254,28.5306,18.8841,31,0.0195,272.5460,602.5792,0.2871,0.0021,2.3809,0.3433,0.0430,0.4552,0.2751,1.9546,0.1511,0.0000,1.3775,0.7110,144,21,10,11,0
casual_2877,138.3527,136.2259,73.8817,40.9744,15.0113,26,0.0246,321.9690,583.4773,0.1491,0.0236,1.5128,0.4039,0.1706,0.8807,0.3553,0.9263,0.0820,0.0000,0.6614,1.0684,110,9,0,11,0
skilled_0815,89.9806,90.0648,80.9980,7.7994,8.5850,51,0.0056,560.7118,620.0000,0.5294,0.0208,2.0679,0.3751,0.0667,0.4915,0.2994,1.2864,0.4223,0.0000,2.5753,0.6586,176,74,11,13,0
skilled_1016,277.8950,69.9670,102.4284,6.2012,3.5463,42,0.0401,518.5794,586.0477,0.6544,0.0049,2.9607,0.3663,0.0773,0.2895,0.0863,1.0249,0.5384,0.0000,1.7868,1.3810,136,73,10,11,0
esport_0427,204.7065,101.2899,43.7055,2.5081,2.8887,73,0.0469,435.8566,604.9511,0.4252,0.0035,2.5792,0.1660,0.0700,0.6384,0.1186,2.3131,0.3104,0.0000,2.7143,3.2825,188,58,25,4,0
skilled_0679,106.3036,30.0000,72.6707,9.4170,6.8455,44,0.0176,566.5738,605.9056,0.4909,0.0044,2.4833,0.2912,0.0941,0.3646,0.1517,2.0989,0.3901,0.0000,3.3677,0.7048,165,64,14,10,0
casual_1271,132.7977,118.6346,73.7812,33.8882,11.2266,12,0.0145,495.4627,552.8493,0.4643,0.0102,2.0575,0.4913,0.2399,0.7214,0.2421,0.6702,0.0512,0.0000,1.5511,0.7665,66,3,9,8,0
skilled_0077,71.1721,132.2753,95.4892,9.2032,4.8040,60,0.0285,519.2805,601.7023,0.1234,0.0028,1.9582,0.3257,0.0574,0.2574,0.2979,1.1812,0.4108,0.0000,1.0183,2.2530,190,78,11,7,0
esport_0251,205.7517,90.9732,46.9533,3.0866,5.2928,12,0.0400,416.3163,574.9771,0.6167,0.0059,2.9208,0.2172,0.0391,0.5291,0.1653,1.9682,0.4650,0.0000,4.6105,3.4781,55,25,9,3,0
skilled_0094,44.9754,65.6829,60.2997,5.1631,5.2894,9,0.0066,342.7581,620.0000,0.4088,0.0500,2.4926,0.3743,0.1059,0.6231,0.0369,1.1044,0.3390,0.0000,3.2006,1.3743,62,21,6,8,0
esport_0403,68.5400,131.5585,27.0238,4.7703,4.7735,21,0.0050,509.5020,612.9938,0.4652,0.0600,3.2140,0.1848,0.0961,0.3330,0.0620,1.8630,0.4584,0.0000,3.5196,2.6946,51,23,29,0,0
casual_0347,98.4135,131.0268,128.1699,6.5772,10.6726,31,0.0072,261.8961,521.2884,0.2950,0.0032,2.3524,0.3613,0.0973,0.7203,0.1441,0.6448,0.3277,0.0000,1.7148,0.7916,97,31,8,14,0
skilled_0881,106.8892,134.6497,64.4291,7.5222,9.3094,11,0.0328,360.4723,604.7490,0.7259,0.0034,2.2041,0.4165,0.0709,0.5937,0.1508,0.7054,0.3515,0.0000,3.1003,2.2594,81,28,2,10,0
esport_0373,162.6574,208.7538,46.6437,0.5000,4.7235,85,0.0692,477.3041,608.0204,0.6622,0.0052,2.7293,0.1067,0.0262,0.3369,0.1092,1.1466,0.3358,0.0000,3.4503,3.8434,198,66,9,8,0
casual_2562,231.6176,82.3347,87.7833,27.2239,17.8333,15,0.0128,444.8394,620.0000,0.5723,0.0010,0.5906,0.4763,0.1520,1.0171,0.2532,1.5851,0.2920,0.0000,1.3999,0.9957,56,16,4,14,0
esport_0340,95.6883,99.6513,36.1911,3.5612,4.7601,46,0.0249,491.3766,621.6546,0.7608,0.0054,3.1582,0.2695,0.0563,0.3998,0.0976,1.9804,0.4152,0.0000,1.9907,3.9887,159,66,19,0,0
casual_1423,134.3122,99.5379,107.3745,2.0000,10.5669,34,0.0106,387.4936,512.3767,0.6987,0.0042,2.3748,0.5519,0.2118,0.4034,0.2116,0.7398,0.0992,0.0000,1.9633,0.7719,137,13,3,7,0
casual_0656,260.4031,50.8548,101.8861,22.5834,20.0423,31,0.0146,365.0491,547.4729,0.1836,0.0030,2.2985,0.7501,0.1252,0.4122,0.1666,0.1545,0.0384,0.0000,0.0934,0.3526,149,5,6,9,0
casual_2102,247.8749,18.5065,20.0000,30.8929,1.4723,40,0.0033,373.9540,511.2713,0.1541,0.0070,2.6038,0.4201,0.2194,0.4258,0.2432,0.5537,0.1550,0.0000,1.3224,1.1333,175,27,4,17,0
casual_0632,39.9821,128.6808,129.5527,15.6771,10.2264,11,0.0159,371.3078,586.4944,0.1583,0.0043,2.0612,0.6525,0.2187,0.9140,0.4040,0.6899,0.0240,0.0000,0.3488,0.0500,67,1,10,2,0
casual_2892,196.7683,87.7682,43.2102,7.0642,8.4220,19,0.0332,375.5856,572.3323,0.1746,0.0202,1.9534,0.5220,0.1941,0.5370,0.2339,0.6721,0.1477,0.0000,0.8894,0.4565,132,19,4,6,0
casual_2493,279.2917,46.0396,102.3180,10.0700,3.5224,22,0.0295,296.9392,508.2625,0.3940,0.0049,2.4729,0.2891,0.2350,0.8336,0.2497,0.8605,0.1375,0.0000,1.2084,0.5746,134,18,4,17,0
casual_2665,247.5706,80.1093,107.4666,26.7815,14.3069,5,0.0172,441.7289,553.6125,0.0768,0.0090,1.9864,0.8011,0.1426,0.5449,0.3468,1.0826,0.2209,0.0000,1.1787,0.3357,28,6,4,17,0
skilled_1015,38.6013,125.3600,53.8107,3.3574,7.7198,39,0.0184,482.3423,568.9022,0.5019,0.0210,2.5508,0.2095,0.1266,0.8161,0.0200,1.1226,0.4135,0.0000,3.3754,0.9706,176,72,3,2,0
skilled_0662,66.5216,91.6361,87.7131,6.9831,2.6332,47,0.0107,410.8184,583.3125,0.5302,0.0032,3.0143,0.1200,0.0384,0.6056,0.0925,1.0974,0.5439,0.0000,0.2000,0.4078,129,70,11,12,0
skilled_0307,97.8316,164.2978,81.7350,3.6448,8.9793,49,0.0466,428.7216,576.7899,0.3083,0.0230,2.3905,0.2068,0.0652,0.2148,0.1341,2.0155,0.2840,0.0000,2.2563,1.3979,109,30,5,6,0
skilled_0096,68.5127,91.5481,115.2941,15.4139,9.5703,19,0.0252,455.3948,612.3224,0.6414,0.0012,2.5056,0.3754,0.0922,0.6692,0.2295,1.8079,0.2709,0.0000,1.6132,0.6247,55,14,14,13,0
skilled_0919,261.2139,110.5131,112.0915,16.7431,7.9242,48,0.0490,394.7623,620.0000,0.4889,0.0142,2.0749,0.1200,0.0300,0.4964,0.2236,1.1683,0.2506,0.0000,2.8642,0.7765,188,47,11,2,0
casual_2500,39.1470,105.6584,91.3514,28.3473,7.3026,5,0.0357,313.8908,484.7664,0.6678,0.0279,1.8653,0.6921,0.0489,0.4833,0.1944,0.9939,0.1912,0.0000,0.6160,0.1783,20,3,5,10,0
casual_1465,211.6704,34.5076,61.7916,18.6192,1.0000,34,0.0290,254.5737,538.2725,0.0712,0.0189,2.3986,0.4409,0.1480,0.8310,0.1866,0.6179,0.1562,0.0000,0.2650,0.8530,157,24,5,9,0
casual_2833,253.1308,52.9509,121.7394,16.7564,17.6044,44,0.0000,306.2033,620.0000,0.5943,0.0037,2.7461,0.4081,0.1660,0.5346,0.0300,1.3745,0.3230,0.0000,1.0602,1.0043,130,41,8,10,0
casual_0115,261.2859,101.1144,141.5312,21.7739,17.9358,27,0.0169,205.1191,620.0000,0.6527,0.0163,2.2381,0.4980,0.1670,0.2573,0.4173,0.2533,0.1845,0.0000,0.8947,0.6907,155,28,10,13,0
casual_1821,162.7894,132.4732,115.5715,32.9434,19.2118,32,0.0279,581.2701,558.9172,0.4157,0.0059,3.0121,1.0410,0.0619,0.5817,0.4649,0.6059,0.3280,0.0000,1.0881,0.0500,124,40,5,2,0
casual_1494,145.6059,21.3321,83.4567,19.0268,10.1855,8,0.0089,281.4671,558.5095,0.3894,0.0261,2.0928,0.5445,0.1521,1.1305,0.1423,0.7841,0.1904,0.0000,0.7725,0.0528,47,8,5,3,0
casual_2401,243.9131,108.5863,163.7739,16.0675,1.0000,20,0.0249,400.1678,582.2699,0.5508,0.0172,2.8740,0.4129,0.2314,0.8508,0.1597,1.0760,0.0247,0.0000,1.6080,1.4664,161,3,5,11,0
casual_1232,82.7814,80.6453,138.6846,9.3338,7.2703,26,0.0128,401.3313,548.1247,0.2893,0.0019,2.1257,0.3960,0.0867,0.7850,0.1074,0.7431,0.1151,0.0000,0.8408,0.6114,172,19,0,14,0
casual_2661,137.0692,86.1401,92.9264,26.9566,13.3200,31,0.0126,449.3664,561.7641,0.2282,0.0054,2.0390,0.6412,0.1700,0.8800,0.2685,0.9016,0.2011,0.0000,0.9720,1.0093,141,28,2,12,0
skilled_1100,31.1109,93.5429,85.4072,18.5212,7.7819,9,0.0367,392.5100,552.3136,0.4616,0.0095,2.8993,0.3238,0.0573,0.6222,0.2130,1.3920,0.5135,0.0000,1.9928,2.4216,24,12,4,11,0
esport_0323,144.3991,180.5733,82.9685,3.7992,0.6952,33,0.0774,503.3236,625.0000,0.6530,0.0040,3.1253,0.1979,0.0721,0.4120,0.1022,1.9913,0.3933,0.0000,3.0056,1.0506,83,32,11,3,0
casual_1153,71.4519,41.3605,65.3460,30.4228,7.2270,2,0.0232,474.9135,550.0464,0.4073,0.0032,1.0881,0.4476,0.0638,0.5324,0.1369,0.3204,0.0392,0.0000,1.3306,1.0308,29,1,10,8,0
skilled_0848,242.4045,67.5142,134.4238,4.9979,5.9914,21,0.0113,399.5385,573.0851,0.2799,0.0093,2.2781,0.4193,0.0630,0.7893,0.2635,1.6975,0.3839,0.0000,3.6775,0.9108,95,36,10,10,0
casual_0057,183.5601,92.4255,20.0000,24.6304,11.1277,20,0.0275,471.1290,551.1152,0.0200,0.0021,2.4166,0.3571,0.1871,0.6191,0.3592,0.9516,0.0200,0.0000,2.0241,0.0940,153,3,5,7,0
skilled_1104,35.8623,106.2725,135.7285,12.1836,8.5008,16,0.0230,458.8384,611.9121,0.4133,0.0178,2.6477,0.1736,0.0685,0.2644,0.2222,1.5639,0.3683,0.0000,2.3914,1.4764,51,18,19,3,0
esport_0038,139.5789,158.9566,88.3680,5.7110,2.9636,52,0.0210,438.8978,597.4508,0.4671,0.0275,3.1825,0.1537,0.0388,0.5450,0.1507,1.8607,0.3609,0.0000,4.7326,4.8277,126,45,32,6,0
trigger_0020,182.7811,81.6310,49.8299,1.6624,0.7081,28,0.0074,288.4630,559.8483,0.2215,0.0050,3.1421,0.0681,0.0072,0.4755,0.0111,2.0498,0.6308,0.0000,6.4600,1.7232,40,25,9,5,1
casual_1735,231.4384,134.8503,146.3054,34.5544,21.7590,20,0.0032,476.5541,586.6661,0.2515,0.0069,2.5664,0.4026,0.1671,1.1214,0.3262,1.0742,0.2600,0.0000,0.0457,0.3153,61,15,5,15,0
casual_2196,48.2324,72.8486,65.6096,11.1412,8.9564,3,0.0142,539.2349,478.4398,0.1958,0.0007,2.3449,0.5359,0.1161,0.2495,0.2337,0.8310,0.1740,0.0000,1.1121,0.9518,27,4,0,15,0
skilled_0553,140.7176,74.1684,30.3758,10.3528,5.4276,18,0.0334,518.7492,576.3508,0.1019,0.0015,2.5814,0.2955,0.1137,0.5289,0.0786,1.2248,0.5472,0.0000,2.7656,1.7313,74,40,15,11,0
casual_2475,43.6025,32.0168,150.4397,27.5194,12.2130,13,0.0202,423.7019,514.1729,0.1938,0.0088,2.5053,0.4163,0.2226,0.8128,0.0597,1.3795,0.0982,0.0000,1.5082,0.5462,62,6,8,2,0
casual_2564,193.0651,90.6486,200.4347,16.9477,6.2117,12,0.0144,411.0207,610.1555,0.2497,0.0158,1.8738,0.4150,0.0712,1.0081,0.2603,0.5200,0.1339,0.0000,1.0646,1.2144,74,9,4,10,0
skilled_0158,187.1546,122.2503,83.9442,7.8581,10.4519,43,0.0234,435.5316,572.7102,0.4442,0.0073,2.1754,0.3364,0.0531,0.3077,0.0274,1.4636,0.3682,0.0000,2.5627,2.4605,129,47,4,7,0
skilled_1034,110.7789,90.7928,33.3415,3.7219,8.8282,45,0.0206,509.7629,609.5514,0.2576,0.0010,2.7408,0.2258,0.0977,0.6429,0.1081,0.7209,0.2177,0.0000,2.4704,0.1000,163,35,19,7,0
skilled_0655,168.6047,73.8088,82.1014,11.8655,8.0152,24,0.0041,336.1727,586.4215,0.5565,0.0015,2.0718,0.4359,0.1976,0.6691,0.2427,1.1778,0.1835,0.0000,1.5870,0.6449,86,15,6,4,0
casual_0707,241.6325,15.5456,127.6364,18.1025,10.4224,41,0.0076,194.4401,584.4702,0.6802,0.0154,2.3519,0.5918,0.0921,0.7853,0.2805,0.6794,0.2268,0.0000,1.1304,0.3808,146,33,10,10,0
esport_0030,81.6802,138.3324,92.2841,2.6677,4.2999,56,0.0074,531.5063,591.0099,0.6782,0.0124,2.4137,0.1615,0.0398,0.3502,0.1218,1.6523,0.6130,0.0000,3.9263,2.0324,113,69,10,6,0
casual_1093,99.6083,47.4662,164.5446,15.3711,6.0939,7,0.0432,407.0077,468.3949,0.2701,0.0035,2.2989,0.5920,0.0400,0.5250,0.2706,0.7990,0.2365,0.0000,0.5440,1.0833,46,10,6,8,0
aimbot_0089,198.3608,119.5256,12.8390,0.6821,1.5033,49,0.0565,513.1644,539.3495,0.5377,0.0192,2.7090,0.0337,0.0149,0.4923,0.0524,2.9015,0.9387,0.0000,5.2592,6.2108,71,66,38,5,1
casual_1376,205.9508,10.0000,86.0036,22.3507,16.8957,29,0.0272,389.1230,532.5496,0.1347,0.0112,3.1732,0.2188,0.0934,0.5130,0.2351,0.7796,0.2731,0.0000,0.1098,1.1529,131,35,0,9,0
speed_0063,70.2676,160.5396,98.1206,15.0811,1.0000,17,0.0156,575.5236,1722.7807,0.6279,0.2000,2.2473,0.1651,0.1585,0.4464,0.3487,0.8179,0.2025,0.0000,4.3718,1.5002,154,31,11,7,1
casual_0072,260.4188,53.8118,127.2621,42.5505,7.4533,7,0.0183,406.2094,595.2522,0.3580,0.0400,1.8396,0.4984,0.2190,0.3177,0.4212,1.7607,0.1050,0.0000,0.0000,0.0500,39,4,3,8,0
casual_1922,158.8529,112.4112,62.8867,24.2692,12.6126,1,0.0206,371.1894,583.2963,0.1167,0.0382,1.2556,0.7392,0.1199,0.8980,0.0566,1.0708,0.2409,0.0000,0.0700,1.2997,10,2,10,11,0
skilled_0173,236.4028,85.7643,101.9419,13.7993,4.7159,23,0.0000,339.4506,620.0000,0.2029,0.0104,2.8524,0.3171,0.0974,0.2044,0.1086,1.4621,0.2350,0.0000,2.2185,1.8595,62,14,3,11,0
casual_1764,62.4299,66.7138,158.9681,19.0479,11.6632,9,0.0158,305.2039,594.2426,0.1918,0.0052,2.5253,0.6170,0.1358,0.8046,0.1022,0.5949,0.2592,0.0000,0.0000,0.6339,60,15,3,2,0
casual_0743,30.3329,33.3477,93.1324,21.8206,18.1534,20,0.0200,400.4471,578.5013,0.1230,0.0379,2.5101,0.2407,0.1867,0.3068,0.2466,1.1222,0.1892,0.0000,1.3257,0.8952,170,32,10,4,0
esport_0068,109.5372,152.8352,87.9070,1.1699,4.2985,23,0.0262,436.6086,625.0000,0.7569,0.0170,2.7212,0.1820,0.0933,0.3670,0.1288,1.8656,0.4686,0.0000,5.6819,3.4760,77,36,5,2,0
casual_1005,136.0904,72.3835,90.3737,16.2100,17.2514,20,0.0373,417.0803,555.6975,0.5449,0.0004,2.1836,0.4476,0.0507,0.9134,0.3492,0.5011,0.2835,0.0000,0.6261,0.9102,101,28,5,6,0
casual_2668,185.2016,116.9764,141.3062,17.8614,15.9964,12,0.0232,333.1981,577.5772,0.2320,0.0022,2.4645,0.4770,0.1074,0.6291,0.1717,0.8214,0.1730,0.0000,1.1251,0.7925,132,22,5,14,0
casual_1190,151.1570,82.4849,117.5732,25.2006,10.1950,7,0.0000,352.4083,559.3859,0.8037,0.0153,2.1286,0.4920,0.1002,0.7814,0.2557,0.3700,0.1788,0.0000,1.0670,0.9413,46,8,8,6,0
esport_0381,289.8060,173.5005,35.9443,1.3200,2.8963,23,0.0603,408.4823,568.0609,0.8760,0.0035,2.6317,0.1842,0.0668,0.4596,0.1675,1.6904,0.6396,0.0000,4.3086,5.1353,88,56,13,8,0
casual_2601,210.1972,82.5000,105.0167,9.9700,19.3040,18,0.0319,444.0389,528.7603,0.2670,0.0010,2.0144,0.7132,0.1741,0.5245,0.1670,0.3507,0.2002,0.0000,1.5852,1.5760,81,16,11,6,0
casual_1125,179.0899,90.6057,174.7772,10.7136,10.6811,49,0.0105,339.0201,503.2949,0.2059,0.0164,1.5079,0.5226,0.1019,0.9987,0.1684,1.0112,0.2679,0.0000,1.9107,0.3897,155,41,0,16,0
casual_1241,116.5072,32.5183,177.2029,27.7333,23.8429,12,0.0189,314.6943,620.0000,0.2201,0.0012,1.7234,0.7962,0.1076,0.9338,0.3139,1.3405,0.1548,0.0000,0.5815,0.9908,94,14,10,9,0
esport_0356,293.6615,70.2801,87.5466,10.1045,1.2907,67,0.0677,398.6876,625.0000,0.5287,0.0000,2.6420,0.1629,0.1231,0.3466,0.1459,1.7072,0.4382,0.0000,2.0639,4.3617,186,81,12,3,0
skilled_1130,201.8777,101.2776,102.1347,9.2677,6.8020,38,0.0074,372.1219,608.7422,0.5806,0.0148,2.4265,0.2261,0.1109,0.2676,0.1306,0.6828,0.4100,0.0000,2.6065,1.1703,176,72,5,11,0
skilled_0442,161.6570,97.5918,77.7163,6.2414,10.4335,38,0.0184,587.3467,602.7499,0.6039,0.0139,2.5980,0.3839,0.0571,0.6712,0.1900,1.5502,0.2777,0.0000,3.5602,0.5247,177,49,5,5,0
casual_0998,298.2095,96.4338,140.6518,23.8029,8.2166,29,0.0146,405.2524,571.6109,0.6076,0.0080,2.7157,0.6915,0.0852,0.6019,0.0970,0.5142,0.0485,0.0000,1.7183,1.0020,144,6,10,9,0
skilled_0386,69.5130,117.6089,92.1423,7.8154,5.0434,14,0.0029,491.7930,607.5132,0.7337,0.0143,2.3947,0.4486,0.1471,0.9161,0.1233,0.9206,0.3056,0.0000,3.0743,2.2504,43,13,3,1,0
casual_2684,107.0342,66.4050,20.0000,20.6592,20.1049,30,0.0344,498.7796,453.9127,0.2428,0.0096,2.7547,0.4311,0.1609,0.3384,0.0300,1.0233,0.0408,0.0000,0.5588,1.0871,129,5,3,16,0
casual_1577,258.9160,60.8168,148.5029,13.0843,8.5071,21,0.0143,408.5803,620.0000,0.4636,0.0052,2.7280,0.3129,0.2921,0.5032,0.2304,0.5349,0.3037,0.0000,0.0000,0.3113,119,36,0,15,0
aimbot_0040,67.7923,126.1337,22.6105,0.8943,2.5194,117,0.0007,380.7141,559.1145,0.5551,0.0001,2.6510,0.0200,0.0039,0.5521,0.0587,2.1885,0.6696,0.0000,6.5193,8.7901,151,101,36,4,1
casual_1826,169.2356,50.8786,20.0000,18.6844,15.6587,24,0.0235,344.4125,608.3238,0.3401,0.0068,1.8056,0.5939,0.0807,1.0751,0.2876,0.9122,0.1398,0.0000,0.7102,0.4012,135,18,5,12,0
skilled_0292,201.1369,105.3325,126.9716,8.8412,1.0000,58,0.0120,536.6876,577.7034,0.4753,0.0088,1.9413,0.2752,0.1771,0.6657,0.2132,1.7403,0.3408,0.0000,2.5952,1.5247,182,62,9,4,0
trigger_0064,174.7588,135.8311,42.1816,9.8716,3.1131,104,0.0348,448.2841,577.6294,0.2246,0.0034,2.0799,0.1345,0.0048,0.6537,0.0043,2.6788,0.5545,0.0000,4.2273,3.2601,165,91,27,1,1
skilled_0536,245.4256,97.0131,68.0827,7.1439,1.0000,38,0.0338,397.8177,606.6626,0.2820,0.0008,2.4941,0.1810,0.0965,0.4395,0.2066,1.7874,0.2448,0.0000,2.6665,1.7642,144,35,17,12,0
casual_0440,259.8054,49.5640,106.3141,19.6278,8.2238,9,0.0093,378.9317,616.3269,0.4065,0.0074,2.2744,0.9889,0.2403,0.9112,0.1540,1.0120,0.1473,0.0000,0.0000,1.1837,113,16,9,5,0
trigger_0026,164.0573,114.9200,46.4301,3.0710,1.6001,31,0.0015,387.6867,564.2685,0.5423,0.0049,2.7579,0.0891,0.0120,0.4693,0.0049,2.3826,0.5203,0.0000,6.3385,7.0985,66,34,26,4,1
casual_1100,32.0269,90.8233,79.7179,36.7894,17.6134,9,0.0393,416.7585,497.5995,0.5613,0.0114,1.7243,0.6215,0.1652,0.1500,0.1965,1.2552,0.2302,0.0000,0.5819,0.7223,49,11,7,9,0
skilled_1010,230.2008,99.5789,87.3995,5.7503,7.8715,3,0.0460,320.2223,582.8786,0.6178,0.0007,2.7485,0.2788,0.0372,0.5305,0.1444,0.9261,0.3938,0.0000,1.7173,2.3821,60,23,3,5,0
skilled_0058,131.3646,43.5437,126.0077,10.9465,7.2593,44,0.0338,436.0179,588.4611,0.4003,0.0125,2.6285,0.3622,0.0933,0.1841,0.1618,2.3742,0.3145,0.0000,1.1746,0.6726,172,54,13,0,0
casual_0649,37.9940,72.7458,108.1046,24.7747,19.2130,34,0.0111,341.8566,524.3453,0.3891,0.0040,2.8850,0.5480,0.1203,0.7447,0.3211,0.3965,0.2020,0.0000,0.3602,1.1360,163,32,8,2,0
casual_1546,95.0503,83.6257,71.3030,26.7070,8.4326,8,0.0162,461.3073,579.7031,0.3996,0.0009,1.9411,0.7368,0.1389,0.9276,0.3093,1.1887,0.1968,0.0000,1.5843,1.2703,51,10,3,11,0
aimbot_0006,38.7188,186.7484,13.8297,2.8267,1.8919,98,0.0884,299.3393,603.4129,0.4813,0.0013,2.7648,0.0592,0.0099,0.6461,0.0442,1.0475,0.9031,0.0000,6.2674,7.6690,133,120,20,4,1
skilled_0560,41.1574,78.0616,50.6914,10.1066,8.7522,38,0.0195,371.7989,602.0835,0.3968,0.0139,2.0197,0.2587,0.1762,0.2613,0.2133,1.3319,0.3134,0.0000,1.7338,1.7640,144,45,11,5,0
skilled_0886,171.2229,62.4398,88.4599,7.9684,4.9764,71,0.0178,449.8171,586.7121,0.1894,0.0009,2.6475,0.3219,0.1585,0.7158,0.1626,0.8672,0.4192,0.0000,1.9955,1.3342,176,73,6,7,0
skilled_0741,175.5423,72.0105,72.4537,12.8319,4.6622,28,0.0380,358.1231,547.4594,0.3701,0.0182,2.6076,0.3663,0.0753,0.6316,0.1315,0.9374,0.4259,0.0000,2.1620,2.4261,110,46,11,7,0
casual_0630,279.6695,64.0544,77.4499,18.0494,12.4045,13,0.0178,368.0908,620.0000,0.3282,0.0023,2.7615,0.4075,0.2264,0.7102,0.1165,0.6281,0.2484,0.0000,1.4426,0.8577,65,16,2,9,0
casual_0672,299.3466,98.2135,32.7846,24.5811,13.0698,33,0.0067,393.4049,594.2404,0.6343,0.0031,2.2657,0.4529,0.1822,0.3992,0.1704,1.0764,0.2824,0.0000,0.0532,0.4508,132,37,0,14,0
casual_1249,281.0100,20.4047,77.9421,27.6307,7.7430,39,0.0117,385.1943,577.4207,0.2254,0.0018,2.8719,0.4296,0.2245,0.5243,0.2134,1.2925,0.1166,0.0000,1.6190,1.3180,131,15,3,11,0
casual_0482,188.8427,72.2936,49.2920,8.9853,1.6633,7,0.0215,236.6341,620.0000,0.3344,0.0049,2.9412,0.4122,0.0915,0.6216,0.1385,1.0158,0.0200,0.0000,0.4536,0.5870,35,0,1,5,0
casual_1584,193.7008,64.4136,91.3890,20.6824,1.0000,14,0.0086,462.4027,559.0079,0.3216,0.0088,2.1502,0.5037,0.0752,0.4606,0.2907,0.9905,0.1578,0.0000,1.6109,1.5064,48,7,10,8,0
skilled_0074,203.4376,69.8744,115.1230,2.5058,5.4847,47,0.0165,532.8681,616.4176,0.4712,0.0169,2.8616,0.3466,0.1930,0.3833,0.1751,1.4002,0.4776,0.0000,1.5617,1.9237,192,91,3,9,0
esport_0377,138.9119,117.3918,66.4475,4.6718,1.7514,24,0.0357,393.6878,584.7417,0.7541,0.0266,3.0173,0.1774,0.1074,0.4125,0.1899,2.3160,0.5183,0.0000,4.4729,3.1467,114,59,23,2,0
skilled_0038,99.5445,120.3151,64.2565,12.5794,8.7371,5,0.0352,485.8391,592.8839,0.5559,0.0066,2.2541,0.3394,0.0790,0.3901,0.0467,1.5948,0.3558,0.0000,1.9788,1.3051,26,9,11,13,0
casual_1462,79.3584,78.7604,100.7351,13.4349,5.6052,8,0.0000,247.8956,527.9349,0.2174,0.0076,1.8209,0.7223,0.2112,0.5862,0.1658,0.7340,0.1760,0.0000,0.4494,0.6024,64,11,0,15,0
skilled_0929,97.9548,119.5601,77.5616,12.3805,9.4934,35,0.0112,407.8920,620.0000,0.5158,0.0178,2.3711,0.1883,0.1034,0.5459,0.2309,1.6934,0.2443,0.0000,2.8170,3.3162,179,43,4,3,0
skilled_0621,189.7507,126.2288,76.8043,4.4664,13.2547,45,0.0152,461.9456,600.8732,0.5896,0.0033,2.7621,0.4066,0.1072,0.7043,0.1418,1.6277,0.4307,0.0000,2.5335,2.7783,187,80,18,12,0
casual_2578,63.0182,70.4326,81.4910,29.7848,7.4291,5,0.0290,290.1500,487.2172,0.2195,0.0016,1.7939,0.6966,0.0947,0.6840,0.2554,0.6750,0.1354,0.0000,1.3325,0.6392,23,3,11,10,0
skilled_0801,261.7887,90.6088,114.7046,15.4867,7.6600,28,0.0258,490.0555,582.2055,0.5534,0.0181,2.0332,0.2674,0.1250,0.4140,0.1374,0.7135,0.3479,0.0000,2.9691,1.3883,74,25,11,9,0
casual_0049,67.7332,63.1532,89.6700,2.0000,4.4088,40,0.0157,331.6863,620.0000,0.4121,0.0160,1.0650,0.5934,0.1208,0.5532,0.1955,0.9533,0.1981,0.0000,0.5580,0.2236,141,27,9,17,0
esport_0039,278.9953,160.2548,61.7999,1.4366,4.7674,52,0.0347,513.7553,615.3528,0.8699,0.0159,2.3411,0.1843,0.0359,0.4194,0.0300,2.0345,0.5155,0.0000,4.4754,5.2278,94,48,28,3,0
skilled_0344,195.4311,66.2674,55.6486,7.2850,4.1605,24,0.0238,275.7192,596.4305,0.2696,0.0057,3.2339,0.1511,0.0609,0.6730,0.1386,1.0369,0.3443,0.0000,2.2171,3.3536,69,23,2,11,0
casual_0858,132.3442,124.2054,81.2300,24.6239,7.2774,34,0.0019,316.5549,620.0000,0.3667,0.0188,2.1429,0.5238,0.0773,0.4321,0.2665,0.1000,0.2655,0.0000,1.3375,0.6916,159,42,0,6,0
casual_1072,149.8646,59.2365,135.3520,18.5904,18.0949,16,0.0000,315.2690,542.2388,0.3420,0.0272,2.0739,0.4311,0.1290,0.7951,0.1791,0.3353,0.2669,0.0000,1.4211,1.0918,62,16,2,2,0
casual_0719,287.9443,99.8631,58.1483,24.6409,10.2690,42,0.0259,315.4025,501.5765,0.6307,0.0001,2.4276,0.3924,0.1157,0.2892,0.0300,0.8800,0.1587,0.0000,0.3088,0.7854,170,26,11,8,0
skilled_0717,117.7665,130.8153,90.9516,14.0434,5.8160,33,0.0208,419.0305,587.0747,0.3155,0.0111,2.3625,0.1734,0.1611,0.4653,0.1493,1.0316,0.3980,0.0000,1.3385,0.1000,94,37,11,3,0
casual_2631,164.0725,42.9382,39.5763,14.8776,11.5787,5,0.0307,430.3673,552.1389,0.3412,0.0069,2.0192,0.2417,0.2029,0.7035,0.1506,0.6185,0.2167,0.0000,0.1171,1.0485,30,6,6,8,0
speed_0023,163.8500,51.2339,54.8393,13.5106,9.0980,16,0.0330,752.0594,1122.5781,0.7345,0.7273,2.6002,0.4263,0.0707,1.0234,0.1323,1.2896,0.4461,0.0000,3.3026,3.3422,165,73,17,3,1
casual_1660,73.7242,59.7554,78.9940,23.1883,23.9173,26,0.0227,296.9852,620.0000,0.7022,0.0003,2.6197,0.5402,0.2043,0.5066,0.1233,1.0806,0.1512,0.0000,0.6882,0.3674,111,16,3,13,0
casual_1656,90.6662,53.9557,198.8194,18.5469,7.1034,24,0.0158,305.3412,620.0000,0.5171,0.0006,2.7974,0.4106,0.1584,0.7158,0.3238,0.6647,0.0706,0.0000,1.0140,1.1538,178,12,10,7,0
casual_2425,225.9393,54.9748,204.1799,7.0427,16.5560,23,0.0115,421.5063,502.3950,0.3960,0.0237,2.2656,0.4385,0.2068,0.6618,0.2183,0.5024,0.4297,0.0000,1.0872,0.5322,159,68,1,10,0
skilled_0524,87.5723,61.8464,41.5114,11.0507,10.9956,23,0.0293,379.6827,571.5542,0.5818,0.0063,2.3127,0.2817,0.0909,0.6404,0.2004,1.6235,0.3379,0.0000,1.0425,1.3668,98,33,13,5,0
skilled_1229,113.1069,71.0599,145.1331,11.7752,8.3792,63,0.0251,476.0256,596.5741,0.3955,0.0048,1.8771,0.2966,0.0300,0.4655,0.2090,1.6367,0.4789,0.0000,2.2999,1.7971,176,84,12,12,0
trigger_0049,40.7204,69.4768,28.4417,6.2483,5.2674,48,0.0217,452.2116,571.6614,0.3749,0.0052,2.2048,0.1239,0.0057,0.4842,0.0023,1.9671,0.6444,0.0000,2.9523,4.6166,79,50,32,3,1
skilled_0309,57.8071,128.7113,77.5676,15.8556,3.1382,3,0.0258,328.5597,620.0000,0.3580,0.0005,2.7121,0.2758,0.0798,0.7051,0.0776,0.8966,0.3216,0.0000,1.7383,0.4716,21,6,4,8,0
esport_0226,259.6890,133.9681,38.2189,0.5589,2.5113,13,0.0387,332.1002,617.0756,0.5857,0.0269,3.0376,0.0843,0.0488,0.2904,0.2123,1.7684,0.7284,0.0000,3.3760,2.7618,50,36,28,5,0
skilled_0305,262.8684,69.1286,32.9468,15.5543,2.2494,47,0.0115,426.9412,593.9609,0.4809,0.0218,2.2901,0.1871,0.0467,0.7691,0.0571,1.3079,0.4609,0.0000,3.1997,0.5793,124,57,6,11,0
aimbot_0001,167.1192,114.1796,3.0000,0.7878,1.9488,31,0.0911,358.5025,535.9426,0.4698,0.0073,2.9019,0.0765,0.0108,0.5941,0.1000,1.0208,0.7119,0.0000,8.0915,2.5000,39,27,29,3,1
skilled_1126,84.6754,98.3554,85.6959,9.4914,4.1668,65,0.0161,318.9673,586.0884,0.5687,0.0185,2.5132,0.3884,0.1396,0.5716,0.1987,2.1840,0.4139,0.0000,3.0400,1.8396,194,80,14,4,0
casual_2606,195.8337,27.5726,115.1959,31.3901,6.1970,3,0.0121,440.6778,534.9883,0.4377,0.0071,2.1149,0.8308,0.1245,0.5691,0.2492,0.7359,0.0840,0.0000,2.1563,1.2047,15,1,7,13,0
casual_1385,40.9078,36.8310,53.1496,24.0278,4.2202,3,0.0146,413.4067,604.2826,0.2625,0.0044,1.6403,0.5493,0.1021,1.0047,0.2493,0.5589,0.0368,0.0000,2.2194,0.7918,19,0,2,15,0
skilled_0835,149.6960,75.1489,82.0646,13.9690,4.2956,19,0.0196,333.5727,610.9663,0.4768,0.0053,2.6824,0.2274,0.1247,0.6781,0.0879,2.0225,0.2527,0.0000,1.9917,1.5176,81,20,11,10,0
casual_1399,137.2530,123.4996,81.7451,15.7015,17.5964,45,0.0193,359.4981,524.9198,0.3796,0.0055,2.6216,0.4291,0.0936,0.5957,0.2495,1.0130,0.0659,0.0000,0.2315,0.8610,129,8,7,15,0
casual_1195,81.9212,62.5151,61.4578,29.0975,5.6464,4,0.0276,469.4546,517.1184,0.6059,0.0054,1.8801,0.2806,0.1357,0.6717,0.0800,0.6322,0.2295,0.0000,2.0848,0.1035,26,5,8,4,0
casual_1408,264.1718,109.2624,133.3533,13.6775,10.7004,2,0.0117,229.2753,620.0000,0.2230,0.0051,2.0652,0.4880,0.1788,0.7417,0.1929,0.6357,0.1915,0.0000,1.4852,0.6064,11,2,9,8,0
skilled_0824,198.8768,119.7184,119.8761,12.3958,8.3646,58,0.0218,417.0651,620.0000,0.6111,0.0144,2.1814,0.4111,0.1253,0.6412,0.1783,0.9518,0.3098,0.0000,3.0869,2.4303,195,60,12,2,0
casual_1798,179.6571,59.7879,93.5653,2.0000,2.9981,21,0.0039,376.1332,620.0000,0.5161,0.0024,3.1380,0.8995,0.1162,1.1483,0.1222,1.6124,0.1867,0.0000,1.4855,1.0224,156,29,3,12,0
casual_1475,167.2121,68.0583,20.0000,27.2649,11.6875,30,0.0040,465.2692,620.0000,0.3308,0.0030,1.6154,0.8246,0.1257,0.6114,0.3181,0.8451,0.1253,0.0000,0.9182,1.1888,159,19,1,5,0
trigger_0040,99.8122,82.5107,58.1564,8.2311,0.3000,28,0.0309,428.3689,622.0000,0.4303,0.0021,2.7094,0.0710,0.0017,0.4782,0.0030,2.7884,0.6287,0.0000,4.1408,4.5732,49,30,20,1,1
casual_0035,81.1573,141.0990,106.0519,21.2354,12.1185,39,0.0096,367.1522,549.9663,0.4424,0.0005,1.9271,0.5641,0.2086,0.4983,0.1952,1.1707,0.1981,0.0000,0.8824,0.3368,133,26,9,6,0
skilled_0541,185.1927,76.4818,108.8198,5.9403,7.8456,4,0.0267,441.7982,609.8179,0.4005,0.0262,2.6696,0.3110,0.0999,0.6273,0.1219,1.0642,0.2906,0.0000,0.4978,2.3521,20,5,8,9,0
casual_2345,47.9275,54.5969,135.5980,20.9792,3.4120,19,0.0284,392.6479,480.3212,0.3047,0.0100,2.9413,0.4672,0.1627,0.6785,0.1260,1.3789,0.0200,0.0000,1.6599,0.0500,118,2,6,5,0
esport_0428,183.7439,127.6713,50.5767,2.3770,3.3686,60,0.0148,455.3773,609.8003,0.4866,0.0061,2.1316,0.1839,0.0594,0.5076,0.1539,1.6495,0.7072,0.0000,3.7129,2.6028,154,108,30,9,0
casual_2359,70.5350,81.8628,79.0963,7.2152,14.4130,23,0.0368,220.4988,559.6958,0.3056,0.0053,2.4675,0.5667,0.0874,0.9045,0.4043,0.3864,0.2218,0.0000,0.9426,1.2981,105,23,6,2,0
casual_2206,223.8768,86.4104,175.4943,21.6732,8.0835,32,0.0170,343.3975,616.0474,0.5278,0.0015,1.2140,0.4459,0.0839,0.8417,0.1526,0.6473,0.1390,0.0000,0.2835,0.3573,134,18,4,15,0
skilled_0767,264.0611,60.8508,93.9023,4.6315,4.2026,31,0.0233,423.4186,596.0368,0.3549,0.0148,1.9725,0.2797,0.1113,0.5934,0.0558,0.8776,0.3887,0.0000,2.4901,0.7422,159,61,7,0,0
casual_1286,135.7028,56.4744,56.2350,19.4527,10.1685,44,0.0142,331.7561,531.5236,0.4048,0.0118,2.0155,0.2915,0.1359,0.4015,0.2491,1.3778,0.2090,0.0000,0.7623,0.4222,160,33,3,12,0
casual_0349,55.6633,50.4990,131.1221,22.7471,12.3419,15,0.0111,457.4679,489.5562,0.5587,0.0040,1.9714,0.4693,0.1783,0.7577,0.1588,1.6392,0.2566,0.0000,2.0182,0.8018,72,18,4,2,0
casual_2137,238.9636,53.2642,181.5523,21.1098,24.4571,3,0.0090,421.4056,545.3336,0.3151,0.0095,2.0457,0.6589,0.1071,0.8762,0.1917,0.6937,0.1103,0.0000,0.1108,1.4210,57,6,2,6,0
casual_2691,132.9530,53.0285,44.9216,27.5979,12.6649,11,0.0199,312.1761,448.0387,0.1790,0.0087,2.3395,0.2000,0.1004,0.8344,0.2571,1.0700,0.1926,0.0000,1.4134,0.6546,55,10,11,17,0
esport_0310,73.8068,153.5252,51.1681,5.1713,6.3963,53,0.0216,425.5967,613.1908,0.5042,0.0199,3.2454,0.1035,0.0812,0.5665,0.1806,1.7336,0.6240,0.0000,3.4295,3.3039,167,104,14,3,0
skilled_0967,227.2591,117.8613,113.4832,11.6456,5.5389,36,0.0236,472.5563,569.4681,0.5246,0.0049,2.4458,0.1942,0.1144,0.3728,0.1669,1.9146,0.5065,0.0000,3.7696,1.4956,150,75,18,4,0
casual_1681,251.5366,50.7214,22.7510,22.5531,5.3936,28,0.0000,336.7250,552.9221,0.1882,0.0027,2.3526,0.5480,0.0400,0.6941,0.2200,0.7087,0.1296,0.0000,0.3891,0.9609,141,18,9,16,0
aimbot_0084,99.0579,111.9241,23.0623,1.1184,0.2424,23,0.0949,431.6058,587.0180,0.4244,0.0031,2.3496,0.0428,0.0151,0.1000,0.0689,1.5716,0.7510,0.0000,3.6658,5.4699,31,23,18,0,1
casual_1443,47.0987,17.0183,46.7731,20.4708,16.7737,11,0.0238,367.0364,607.6954,0.4330,0.0148,1.8003,0.6858,0.1333,0.6824,0.2687,1.4888,0.1968,0.0000,0.3380,0.0971,62,12,11,4,0
skilled_0243,66.2918,92.6754,105.2075,16.9965,7.5749,31,0.0143,379.0131,543.9389,0.2391,0.0141,1.8354,0.1446,0.1521,0.6153,0.2339,0.5508,0.3705,0.0000,2.6192,0.7777,115,42,9,9,0
casual_1671,197.1074,65.9515,72.8907,17.1123,11.4487,30,0.0066,345.3835,605.3061,0.3244,0.0013,2.1548,0.4284,0.2549,0.7921,0.2281,1.2354,0.0773,0.0000,1.4151,1.1551,168,12,3,17,0
skilled_0836,132.7123,66.8669,76.5739,9.9254,13.5951,13,0.0167,430.4267,620.0000,0.6896,0.0067,1.9813,0.3405,0.1225,0.4563,0.2148,1.4822,0.2662,0.0000,1.1834,1.9724,53,14,10,12,0
casual_1179,86.2624,47.5026,158.3392,16.6471,20.3845,9,0.0238,341.5676,558.2284,0.5032,0.0005,2.5142,0.5178,0.1418,0.3611,0.2166,1.2723,0.1707,0.0000,0.6380,1.8022,58,9,8,16,0
casual_2798,213.4610,71.1310,98.8527,15.8626,14.2841,4,0.0279,434.3789,515.4057,0.4310,0.0199,2.1745,0.6137,0.1685,0.6013,0.2390,0.8252,0.2241,0.0000,0.8934,1.4061,32,7,11,9,0
casual_1692,96.6158,83.5993,100.2253,32.7086,11.7994,22,0.0084,435.2956,508.2963,0.1951,0.0063,2.4558,0.7714,0.3223,0.6397,0.2626,0.8196,0.3632,0.0000,1.5441,1.3965,91,33,6,13,0
skilled_0956,263.4504,104.9560,29.2066,2.6659,8.9915,15,0.0172,424.3379,566.9401,0.2501,0.0083,1.7823,0.2235,0.1123,0.7769,0.3666,1.6519,0.4090,0.0000,2.8244,0.8045,47,19,17,5,0
casual_0372,128.3318,88.0585,204.8755,18.3780,22.1652,5,0.0197,290.7358,580.9598,0.5038,0.0163,2.2092,0.6589,0.2002,0.5078,0.2716,0.8420,0.2700,0.0000,2.7678,1.4106,22,5,10,12,0
skilled_0610,222.9570,110.9691,93.2703,6.0405,10.0853,43,0.0182,318.0959,578.3352,0.3166,0.0098,2.4349,0.3208,0.0830,0.2473,0.1603,1.2123,0.2669,0.0000,3.2806,2.2688,180,48,12,9,0
casual_1916,208.1963,70.8592,129.5322,29.5449,16.2983,20,0.0329,505.2515,528.2202,0.4493,0.0203,1.9032,0.3357,0.1292,0.5646,0.2383,0.6587,0.2363,0.0000,0.1618,1.2410,104,24,2,14,0
casual_1357,155.1924,54.5350,188.7849,23.0545,1.0000,26,0.0105,420.2710,503.0860,0.3207,0.0038,1.7424,0.5254,0.1112,0.5397,0.1234,1.0681,0.0212,0.0000,2.6287,0.2348,126,2,9,14,0
casual_1825,49.3996,35.4557,72.9173,9.4056,11.7908,8,0.0432,323.6772,532.9293,0.3781,0.0024,1.7730,0.7532,0.2342,0.5123,0.3329,0.6463,0.0807,0.0000,1.5669,1.1153,81,6,3,11,0
casual_0786,249.5530,79.8299,97.6823,18.4681,9.0871,6,0.0261,175.2742,574.2873,0.0798,0.0017,2.6865,0.3739,0.1111,0.7535,0.2850,1.1938,0.0758,0.0000,0.3224,0.8785,42,3,10,4,0
casual_0469,167.2552,45.0434,101.2039,13.1892,2.2670,30,0.0170,459.1383,557.7814,0.0499,0.0029,2.5121,0.6539,0.2234,0.7452,0.2721,0.8607,0.0994,0.0000,0.3693,0.6505,138,13,9,8,0
casual_0140,161.3977,96.9745,114.5025,27.5382,14.7333,12,0.0167,375.9229,508.0440,0.4234,0.0129,2.4459,0.4451,0.0861,0.3352,0.2075,0.6020,0.1866,0.0000,1.8484,0.7952,47,8,11,11,0
casual_0788,245.7877,94.3744,156.0956,10.6037,5.2284,19,0.0213,368.5584,594.5681,0.2983,0.0014,2.9220,0.6203,0.2008,1.0524,0.1327,1.5275,0.2857,0.0000,1.0718,0.8918,117,33,1,8,0
casual_0323,174.5674,47.3389,41.9856,17.4305,8.7074,11,0.0239,431.9957,606.9992,0.2339,0.0017,2.1221,0.5757,0.2516,0.3320,0.2277,0.5313,0.1125,0.0000,0.5457,0.4805,59,6,3,11,0
casual_0050,83.9752,79.0751,135.2206,19.8642,12.6028,42,0.0285,504.6196,469.4164,0.4072,0.0010,1.4571,0.5587,0.0415,0.4984,0.3110,0.9332,0.1936,0.0000,0.9192,0.5357,176,34,0,4,0
casual_0714,242.6493,56.2431,104.8029,26.5906,12.4393,7,0.0250,423.2223,557.1467,0.2328,0.0017,1.6265,0.5137,0.1287,0.5136,0.3173,1.2439,0.3100,0.0000,1.4466,0.0500,33,10,6,9,0
speed_0039,106.2592,51.5360,80.9980,18.8782,7.0798,20,0.0263,920.1255,1492.8178,0.5744,0.2967,3.2674,0.3827,0.1350,0.4054,0.1699,1.0635,0.2287,0.0000,2.3608,3.0656,168,38,14,8,1
casual_2840,242.4741,108.8637,25.1746,12.8231,5.5812,36,0.0166,482.7810,595.9749,0.2408,0.0104,2.6636,0.4008,0.1550,0.9144,0.1924,1.1010,0.1989,0.0000,1.5387,1.3730,153,30,8,14,0
casual_2446,43.2500,104.7367,196.1665,31.4797,1.0000,24,0.0207,420.0760,516.9586,0.4999,0.0091,2.3214,0.3694,0.0400,0.1500,0.2721,0.8411,0.2933,0.0000,0.6096,0.8116,154,45,0,8,0
aimbot_0063,136.6417,150.3044,8.3731,2.7530,0.7738,63,0.0460,291.6548,579.1697,0.2273,0.0306,2.5273,0.0550,0.0088,0.4914,0.0434,1.6938,0.6543,0.0000,5.5510,8.6929,76,49,38,1,1
esport_0169,246.5323,100.1630,55.0018,2.1792,3.7181,17,0.0279,435.7848,572.3528,0.1649,0.0126,2.0273,0.2636,0.0402,0.3740,0.1255,1.9078,0.5413,0.0000,1.8650,1.8134,98,53,22,6,0
esport_0346,296.5011,155.8440,82.3341,10.3892,4.3461,15,0.0318,609.7223,615.7328,0.2019,0.0169,2.5864,0.1290,0.0674,0.3543,0.1175,1.9576,0.3587,0.0000,2.0433,5.3932,74,26,34,4,0
skilled_0015,231.6174,138.0634,72.8957,1.0000,5.2268,52,0.0128,325.1769,590.5904,0.4710,0.0206,2.5760,0.2917,0.1083,0.6117,0.1409,1.2375,0.4611,0.0000,2.7763,1.1596,185,85,16,6,0
casual_2666,271.6943,58.3406,85.7824,17.4833,6.7546,12,0.0127,475.2188,543.7923,0.1015,0.0164,3.1412,0.6958,0.1359,0.2391,0.0889,0.7557,0.2210,0.0000,0.5462,1.3258,91,20,4,1,0
casual_0406,106.6553,13.0185,101.5123,20.7416,19.7758,12,0.0020,419.9076,569.1879,0.3700,0.0151,2.0925,0.7631,0.1748,0.4853,0.1967,0.5169,0.1800,0.0000,0.9041,0.1673,50,8,1,12,0
skilled_0724,208.2457,75.7505,121.7182,7.9273,5.0264,13,0.0311,490.8207,581.1170,0.4969,0.0107,2.3800,0.4214,0.1281,0.9093,0.1542,1.0621,0.3002,0.0000,0.7566,1.9530,62,18,3,13,0
casual_1004,200.7164,86.4405,72.6118,25.0794,15.5511,5,0.0140,352.4114,587.0251,0.1129,0.0032,1.9507,0.5369,0.1296,0.8607,0.3332,0.8702,0.3711,0.0000,2.0528,0.2380,19,7,8,11,0
skilled_0787,143.1050,89.2763,44.4057,14.5313,5.2876,44,0.0445,574.0938,573.7916,0.5143,0.0037,2.9898,0.1504,0.1640,0.3870,0.1235,1.4548,0.5353,0.0000,2.1706,0.1000,168,89,19,12,0
casual_0890,121.6590,62.6248,152.9559,18.8003,3.7183,2,0.0302,415.8969,584.8436,0.8193,0.0104,1.8080,0.5149,0.2599,0.2389,0.1609,0.7378,0.2287,0.0000,1.6711,0.2605,12,2,7,16,0
casual_2411,293.1394,67.1861,20.0000,21.3358,9.3082,6,0.0160,201.1195,566.1199,0.4552,0.0115,2.1101,0.3909,0.1785,0.6364,0.3142,0.6404,0.1501,0.0000,0.8362,0.1042,95,14,5,6,0
casual_2545,131.3251,101.0342,35.6305,19.1033,11.0473,14,0.0080,414.2133,591.9803,0.5042,0.0001,1.9389,0.3421,0.1006,0.7716,0.3307,0.1905,0.0900,0.0000,0.5139,1.0171,115,10,6,17,0
aimbot_0083,130.3068,156.8277,20.2551,3.6567,0.9466,99,0.1135,343.4012,562.1252,0.6621,0.0114,1.9996,0.0710,0.0221,0.5016,0.0795,2.3424,0.7344,0.0000,5.5990,3.5034,122,89,37,4,1
casual_2390,189.8759,40.5830,133.7361,33.9248,9.0159,5,0.0157,179.0977,564.8498,0.1822,0.0048,1.8858,1.0500,0.1826,0.7911,0.3338,0.6921,0.1048,0.0000,2.0425,0.9750,66,6,11,15,0
skilled_0940,164.6894,66.6751,75.9748,15.5210,2.5084,41,0.0548,315.6426,589.4873,0.3931,0.0082,2.6863,0.2306,0.0930,0.4200,0.2120,1.3837,0.2380,0.0000,2.3481,0.6784,110,26,18,11,0
casual_0042,219.0716,81.1300,100.1853,32.8115,7.0992,21,0.0107,394.2398,599.5365,0.2888,0.0198,2.2763,0.8360,0.1852,1.0022,0.3000,0.5995,0.2106,0.0000,1.2195,0.3205,75,15,2,5,0
casual_2830,89.9276,137.4579,65.7376,9.1018,16.2660,17,0.0103,286.9798,573.8250,0.1638,0.0150,1.7077,0.9564,0.1006,0.6069,0.2772,0.4824,0.2895,0.0000,0.6209,1.4015,73,21,8,9,0
skilled_0965,117.3064,103.6361,138.6030,8.0282,4.5192,39,0.0000,293.2094,600.3277,0.4897,0.0064,3.0078,0.3104,0.0336,0.3183,0.1670,0.7829,0.2234,0.0000,2.4429,1.3751,158,35,11,4,0
casual_0303,168.8402,108.4065,91.4484,25.3410,16.8573,27,0.0358,272.5148,585.5276,0.3434,0.0035,3.1063,0.4699,0.1670,0.4925,0.2311,1.4003,0.3776,0.0000,1.8154,0.4283,142,53,4,14,0
esport_0263,191.4924,100.8657,50.1357,3.8412,2.2712,37,0.0580,431.1241,615.5504,0.1099,0.0067,3.0629,0.2331,0.0556,0.3689,0.1514,2.1612,0.6493,0.0000,4.8703,4.0486,112,72,5,5,0
skilled_0747,264.9429,168.8316,100.8946,5.0564,9.5130,72,0.0271,333.5677,552.7402,0.6195,0.0000,2.5899,0.3188,0.0632,0.4915,0.1422,1.2668,0.1978,0.0000,3.3049,1.5646,187,36,17,6,0
casual_0664,122.3203,50.0102,92.8214,14.0128,7.1040,4,0.0211,323.4063,618.9346,0.0452,0.0030,2.3411,0.3301,0.0830,0.5627,0.1783,0.9513,0.1565,0.0000,1.1133,1.0468,17,2,7,12,0
casual_1177,129.3342,89.5570,50.9014,38.7363,6.7855,17,0.0248,359.4047,530.3244,0.3188,0.0146,1.3134,0.6552,0.1133,0.2700,0.1974,1.3363,0.1609,0.0000,1.5767,0.7609,101,16,7,8,0
casual_2676,157.4790,86.4338,52.4905,23.9487,8.8239,25,0.0258,436.6147,571.6331,0.5529,0.0120,2.7401,0.6376,0.1455,0.6719,0.1686,1.6027,0.1658,0.0000,1.3710,0.6412,117,19,4,5,0
casual_1947,280.9847,51.0540,71.0047,13.7584,20.4011,17,0.0204,253.4168,456.3991,0.3348,0.0068,2.2465,0.5407,0.1704,0.5667,0.2757,0.8619,0.1148,0.0000,1.0465,0.4906,116,13,2,9,0
casual_2501,214.4140,37.1509,115.4699,17.6042,11.1868,30,0.0060,350.7264,551.8607,0.4119,0.0309,3.1509,0.6285,0.1848,0.7528,0.2470,1.0387,0.2487,0.0000,0.3412,1.3520,146,36,7,9,0
casual_1473,164.3649,51.3362,20.0000,29.7872,8.0649,21,0.0121,410.3512,589.7230,0.6476,0.0026,1.3095,0.7928,0.1428,0.6431,0.1875,1.3666,0.0200,0.0000,0.7404,1.6099,125,2,1,17,0
skilled_0483,86.1225,53.2505,122.3607,8.1049,9.2710,19,0.0379,481.9345,596.7872,0.5553,0.0365,2.3056,0.3114,0.0966,0.4827,0.1427,1.3557,0.2215,0.0000,1.8447,1.8424,79,17,19,1,0
skilled_0520,193.0220,84.9637,39.9238,15.4933,1.0000,55,0.0221,492.9972,598.5138,0.4441,0.0014,2.1846,0.2864,0.1828,0.7260,0.1554,1.9764,0.1794,0.0000,1.1576,1.7445,179,32,5,0,0
casual_2132,297.5186,82.5336,68.3184,21.6701,19.1383,6,0.0198,563.0118,620.0000,0.3593,0.0025,2.0420,0.7693,0.1098,0.4287,0.2817,0.5673,0.0986,0.0000,0.4502,1.2249,49,4,5,10,0
casual_1026,285.8346,40.9894,90.4447,2.1289,16.1548,12,0.0100,434.8627,617.8895,0.2635,0.0111,1.6212,0.4219,0.1136,0.8839,0.2387,0.1000,0.1054,0.0000,1.0600,0.7825,51,5,0,11,0
casual_0961,147.3320,91.9623,95.3821,23.4715,8.6987,10,0.0035,434.5113,533.0802,0.5023,0.0010,2.5400,0.6373,0.0714,0.7065,0.0339,0.5622,0.2051,0.0000,1.8691,0.8049,66,13,6,12,0
casual_2889,64.2519,75.1183,86.1465,5.1846,10.1296,39,0.0046,444.4365,568.9646,0.1382,0.0017,2.4571,0.5577,0.1200,0.4621,0.1097,0.5023,0.1640,0.0000,0.4078,0.3567,179,29,5,7,0
skilled_0134,255.6101,80.2276,129.6924,16.0643,4.0359,25,0.0156,313.0292,597.9745,0.3728,0.0393,2.0646,0.3369,0.1452,0.3088,0.0279,1.4740,0.3813,0.0000,0.7015,0.3321,86,32,8,12,0
casual_2009,215.6342,60.7453,137.2814,15.9023,5.1051,19,0.0063,380.4680,496.1082,0.2431,0.0050,1.6336,0.9450,0.1660,0.5984,0.1825,0.9328,0.1605,0.0000,1.3061,0.3452,90,14,7,7,0
casual_2149,55.1831,73.4899,161.2063,14.1865,15.2094,24,0.0259,433.7823,564.2525,0.4839,0.0002,1.9981,0.6437,0.1479,1.2327,0.2651,0.8309,0.2582,0.0000,2.0846,0.7205,106,27,10,3,0
skilled_0323,30.7842,113.4264,107.0489,2.1829,5.1496,11,0.0006,508.6104,580.3616,0.4118,0.0047,2.2654,0.2099,0.0764,0.5659,0.2034,2.0630,0.2834,0.0000,3.9526,2.3953,60,17,11,11,0
casual_2338,183.2913,108.7922,122.9703,26.0714,10.3557,46,0.0357,296.7206,620.0000,0.4498,0.0002,2.3846,0.6982,0.2027,0.5075,0.2209,0.8851,0.1733,0.0000,1.6494,0.6813,155,26,9,7,0
skilled_0888,275.3704,104.0047,108.4638,18.7948,6.0834,48,0.0251,445.5143,587.8612,0.8483,0.0133,2.4738,0.1200,0.0438,0.5239,0.0671,1.7558,0.2862,0.0000,2.8322,1.4273,131,37,3,10,0
casual_0304,261.5445,95.9449,34.1679,24.4482,12.8730,29,0.0150,343.7087,571.5652,0.4379,0.0153,2.0136,0.5269,0.1343,0.6452,0.2728,0.9830,0.2345,0.0000,0.2652,0.5668,145,34,10,6,0
casual_1440,93.8173,132.0028,56.1941,12.5067,15.2431,6,0.0268,262.7959,572.9677,0.4111,0.0113,2.6246,0.3582,0.1003,0.8367,0.1553,0.9743,0.3562,0.0000,1.8608,0.5788,33,11,1,14,0
casual_1496,261.1818,17.7061,152.4132,28.7341,15.7964,23,0.0282,236.3131,568.1494,0.0200,0.0078,2.1537,0.3378,0.1343,0.7977,0.2388,0.8341,0.1118,0.0000,1.3829,0.9129,179,20,5,6,0
casual_2652,249.7572,75.5277,161.4146,23.7521,6.8155,12,0.0178,400.8097,540.8294,0.2131,0.0100,1.9474,0.3151,0.0673,0.3590,0.2399,0.9068,0.3158,0.0000,0.2076,1.3510,50,15,9,14,0
casual_2875,88.5344,50.3171,117.5467,23.9870,13.1242,18,0.0085,222.3106,559.7181,0.2815,0.0078,1.7595,0.3731,0.1533,0.3920,0.2938,1.0679,0.1634,0.0000,1.0329,1.4362,91,14,1,9,0
casual_0916,49.3920,41.6189,163.6211,17.8497,18.9912,19,0.0229,431.6303,522.9453,0.4057,0.0006,1.9792,0.7197,0.1980,0.5249,0.1194,1.2034,0.3042,0.0000,0.3912,1.1929,145,44,8,16,0
skilled_1182,65.7034,77.7699,85.5579,1.0000,7.7686,25,0.0372,402.2501,577.2999,0.5044,0.0035,1.8540,0.2684,0.1314,0.6587,0.1862,1.6727,0.3084,0.0000,2.8375,2.2034,122,37,6,13,0
skilled_0721,88.3227,104.9449,109.1338,6.3803,10.0333,9,0.0300,509.2800,580.9467,0.4322,0.0044,2.3635,0.2311,0.0901,0.3731,0.1872,1.6808,0.2748,0.0000,2.5332,1.8784,33,9,2,10,0
casual_2772,269.6042,77.9406,76.1653,3.7889,2.5700,21,0.0182,391.0253,604.9000,0.4760,0.0018,2.0127,0.7301,0.1569,0.7885,0.2866,0.8172,0.2466,0.0000,0.6222,1.3936,166,40,5,1,0
casual_1624,136.7134,86.1835,176.5199,13.0190,17.3845,23,0.0251,171.8907,574.7243,0.3470,0.0017,2.0265,0.5182,0.2070,0.4594,0.3499,1.0182,0.1664,0.0000,0.7268,0.4973,86,14,3,3,0
skilled_0837,277.4529,85.5968,74.0582,6.2659,5.4197,53,0.0000,383.4400,549.8107,0.3348,0.0048,2.2924,0.3646,0.0719,0.6540,0.1008,1.2769,0.2927,0.0000,1.9119,2.9682,153,44,16,11,0
casual_0821,190.5333,62.0403,96.8007,6.9354,6.4153,25,0.0000,312.8175,544.7855,0.3295,0.0014,2.4886,0.5155,0.1512,0.7325,0.2007,0.7539,0.0814,0.0000,0.8258,0.3143,113,9,0,8,0
skilled_0964,141.2099,63.4863,66.6817,16.2009,7.5344,21,0.0027,440.3831,620.0000,0.2462,0.0015,2.5725,0.2847,0.1456,0.3901,0.0745,1.0434,0.3870,0.0000,1.6259,0.6906,53,20,19,4,0
casual_1354,266.0702,46.1976,176.9926,22.4480,17.8006,4,0.0178,438.4315,445.9257,0.7444,0.0146,2.1360,0.8126,0.1566,0.7368,0.3851,1.1120,0.1099,0.0000,2.2076,0.6902,22,2,8,17,0
esport_0247,61.4980,178.3712,51.1109,7.3956,3.7953,35,0.0589,461.7763,600.4707,0.6917,0.0035,2.3987,0.1490,0.0399,0.2946,0.0650,1.8212,0.5814,0.0000,2.6576,4.4252,159,92,10,5,0
casual_0850,78.1793,117.3088,176.7954,12.1544,9.8099,20,0.0283,206.8381,602.6407,0.0271,0.0020,1.3791,0.6371,0.2305,0.5944,0.2015,0.8473,0.3180,0.0000,0.2035,0.2222,76,24,1,5,0
casual_1000,46.7570,108.4714,109.4918,22.1830,4.8232,40,0.0070,485.4122,620.0000,0.2921,0.0082,2.1478,0.4903,0.2262,0.6325,0.2120,1.1751,0.3724,0.0000,1.2044,0.8600,141,52,1,6,0
skilled_0377,115.8145,101.6771,86.2507,8.4597,5.3372,45,0.0088,310.1617,620.0000,0.4371,0.0015,2.3333,0.1443,0.1137,0.6017,0.1096,1.4983,0.1742,0.0000,1.1020,1.6409,192,33,12,2,0
casual_0018,253.4604,96.4202,134.7689,26.5880,15.2008,31,0.0031,364.3880,472.7085,0.5261,0.0035,1.9344,0.3798,0.0589,0.6835,0.3160,1.1829,0.1856,0.0000,0.7039,1.5656,178,33,8,3,0
casual_1637,279.3037,66.4095,20.0000,27.5124,13.0360,8,0.0393,407.6124,512.8811,0.4616,0.0021,2.8879,0.6453,0.0907,1.1524,0.2431,1.0381,0.1064,0.0000,1.2671,1.2110,48,5,1,7,0
casual_1667,91.4685,95.9912,112.7095,27.8270,7.4264,19,0.0220,522.4160,556.3608,0.3558,0.0021,1.8844,0.8726,0.1671,0.9274,0.1463,1.3322,0.1020,0.0000,1.0675,0.6328,75,7,10,10,0
casual_0493,115.3778,83.3290,148.2340,11.1673,5.6431,3,0.0179,310.4592,611.7911,0.2044,0.0020,1.9458,0.3528,0.1465,0.7857,0.2086,0.4119,0.3753,0.0000,1.4234,0.3341,18,6,8,16,0
casual_1347,129.8958,119.2957,52.6161,14.9223,8.7370,3,0.0134,318.7031,598.1851,0.0200,0.0108,1.2452,0.8412,0.1873,0.7206,0.1761,1.2222,0.3254,0.0000,1.7221,0.1447,31,10,2,5,0
skilled_0727,255.7993,70.8271,134.9933,3.4704,5.5006,28,0.0209,457.0685,553.7109,0.4558,0.0067,1.9218,0.4100,0.1383,0.7587,0.2116,1.1313,0.3256,0.0000,1.7426,0.6449,104,33,17,13,0
aimbot_0075,176.8542,149.3538,11.2570,1.7866,0.2417,19,0.0827,507.5405,581.1112,0.5994,0.0058,2.4730,0.0411,0.0037,0.4433,0.0811,1.8033,0.7715,0.0000,7.0049,10.4920,32,24,36,5,1
skilled_0614,76.6496,92.7273,81.8888,12.0318,5.6886,29,0.0143,494.9376,595.9973,0.4771,0.0020,2.9114,0.3053,0.0417,0.4861,0.1735,1.1136,0.1911,0.0000,2.7271,1.4887,95,18,3,2,0
skilled_0481,82.8580,82.7496,99.6022,5.2167,8.1542,32,0.0101,391.3878,616.8514,0.5898,0.0013,2.5059,0.2976,0.1387,0.6194,0.1131,0.8375,0.4230,0.0000,2.8026,2.4020,113,47,14,11,0
casual_0687,288.9865,81.4896,92.9858,13.0275,15.5278,19,0.0273,463.7669,520.9352,0.4945,0.0048,2.7760,0.8447,0.2332,0.5496,0.2753,0.8158,0.2910,0.0000,0.8068,1.6358,111,32,7,8,0
skilled_0731,240.8697,78.7249,39.8854,5.8068,11.4137,20,0.0373,406.5395,602.0725,0.4003,0.0140,2.6785,0.2879,0.1014,0.4114,0.1929,0.8264,0.3436,0.0000,3.2760,1.6657,70,24,5,7,0
casual_1608,146.0884,79.5317,80.2066,6.3412,14.0284,46,0.0298,488.0556,546.4342,0.2667,0.0385,2.2225,0.7316,0.1744,0.7798,0.2070,0.6161,0.2052,0.0000,0.0000,0.4958,137,28,10,13,0
skilled_1084,53.4797,59.8691,78.7950,5.6395,4.8148,30,0.0304,474.6833,575.9437,0.5022,0.0007,2.3359,0.1601,0.1032,0.9662,0.1561,1.6470,0.2813,0.0000,3.9340,0.8416,120,33,8,12,0
skilled_0402,119.1007,88.6825,56.5515,9.9330,7.4355,27,0.0064,353.1319,563.2675,0.2851,0.0011,3.0879,0.3410,0.0422,0.5255,0.2670,1.9771,0.2859,0.0000,3.0582,1.0586,107,30,14,5,0
casual_1009,154.4968,40.6762,71.9535,6.0816,11.4767,3,0.0293,453.5063,551.4840,0.3506,0.0009,2.0910,0.7934,0.1176,0.6180,0.2588,0.2230,0.1909,0.0000,1.4587,0.7277,29,5,9,3,0
casual_2408,119.0421,77.0164,98.4330,17.7385,9.0700,41,0.0000,265.9341,595.5965,0.5401,0.0064,2.7874,0.6279,0.2352,0.8085,0.3156,0.8659,0.3306,0.0000,0.7952,0.9897,177,58,10,5,0
casual_1092,108.1164,36.2342,174.5783,13.1467,4.9722,6,0.0159,411.4718,558.0179,0.1245,0.0025,2.1684,0.5916,0.1052,1.3914,0.2926,1.0040,0.3208,0.0000,0.3589,0.4449,35,11,7,1,0
casual_1327,182.5710,80.2134,103.6389,5.3991,5.2085,27,0.0148,386.6556,608.4147,0.4773,0.0219,1.9816,0.9846,0.1265,0.8015,0.1976,1.2685,0.3274,0.0000,1.1703,0.9367,162,53,5,4,0
casual_1677,149.1301,73.4158,95.9307,15.7241,11.3585,26,0.0119,386.7745,569.7552,0.4059,0.0023,2.3646,0.7397,0.2323,0.5725,0.3249,0.5951,0.1287,0.0000,2.0718,0.4483,136,17,2,10,0
casual_1999,170.4194,130.6000,144.9086,10.9578,17.9410,25,0.0151,369.9966,575.1991,0.5838,0.0091,2.0967,0.4037,0.2075,0.8104,0.1766,1.0407,0.1771,0.0000,1.1349,0.5143,95,16,6,12,0
casual_1310,135.9709,43.6787,20.0000,17.5380,12.0806,7,0.0017,413.8141,563.0804,0.3735,0.0183,1.7672,0.9388,0.1635,0.8442,0.1358,0.6830,0.3603,0.0000,0.1025,0.3448,51,18,1,9,0
skilled_0258,92.0147,85.8611,35.2234,8.4728,5.8181,18,0.0046,309.2577,606.9724,0.3428,0.0092,2.5004,0.3242,0.0901,0.2759,0.1936,1.5459,0.4337,0.0000,0.3193,0.6889,68,29,12,6,0
casual_1987,217.0902,58.1883,98.9991,24.5999,6.8167,16,0.0148,315.3008,517.3677,0.1314,0.0122,2.7985,0.4837,0.1720,1.1069,0.1660,0.6219,0.2400,0.0000,0.6701,1.3276,172,41,3,8,0
skilled_0648,257.4067,75.9840,76.0943,5.1741,9.1837,42,0.0000,410.1944,552.4368,0.4458,0.0162,2.3846,0.3735,0.1263,0.5493,0.0243,1.5843,0.2402,0.0000,2.3935,0.9070,140,33,10,13,0
casual_0344,241.3085,10.0000,182.2666,9.3182,6.4620,21,0.0199,293.9300,584.8166,0.6567,0.0043,2.7786,0.5853,0.0937,0.8807,0.0707,1.0369,0.1434,0.0000,1.2590,0.6737,144,20,9,7,0
esport_0232,280.1578,144.0562,43.0038,8.7938,4.7037,16,0.0512,447.4956,625.0000,0.7741,0.0185,2.6638,0.1936,0.0365,0.5928,0.1218,2.4394,0.7387,0.0000,3.8177,3.7837,48,35,14,5,0
casual_0986,122.1745,83.8311,34.7884,34.5448,7.0251,8,0.0136,370.3246,510.5238,0.3171,0.0038,2.3087,0.3070,0.2113,0.7935,0.0300,1.3262,0.1634,0.0000,0.0000,1.1259,35,5,1,13,0
esport_0294,155.0805,125.0215,58.4352,9.9708,3.1844,27,0.0510,418.0606,581.8529,0.5705,0.0098,2.7290,0.1601,0.0235,0.2918,0.1432,1.5794,0.7194,0.0000,3.9436,2.9003,87,62,5,5,0
skilled_0807,268.9344,94.8572,109.9999,3.7598,6.1918,39,0.0000,526.0544,589.5325,0.2613,0.0195,2.6400,0.4217,0.0452,0.3366,0.0971,1.3125,0.1858,0.0000,2.3090,2.3262,185,34,14,0,0
esport_0273,285.4714,127.1467,54.0128,4.2187,2.2257,15,0.0703,554.6895,619.7899,0.8999,0.0306,2.8190,0.1815,0.0569,0.4482,0.2016,2.2095,0.3757,0.0000,4.4754,3.5807,56,21,28,7,0
skilled_1002,72.8502,131.5790,80.6419,11.1037,13.3468,50,0.0110,318.7459,609.8880,0.5206,0.0080,2.7357,0.2613,0.0964,0.4205,0.2225,1.2794,0.2595,0.0000,2.4562,0.1124,194,50,5,3,0
skilled_0091,170.2171,65.8537,101.5728,11.9444,5.0473,37,0.0000,554.3107,528.0529,0.4969,0.0178,2.5448,0.3358,0.0883,0.7361,0.1449,1.2226,0.2736,0.0000,3.0553,2.2270,180,49,14,11,0
skilled_0961,57.2890,75.7432,74.3547,9.3716,8.3790,39,0.0135,401.0110,592.3083,0.4273,0.0009,2.0137,0.1271,0.1038,0.4996,0.1667,0.8100,0.2581,0.0000,4.0133,0.8782,156,40,16,6,0
casual_1142,254.6724,41.1382,20.0000,2.0000,20.3871,60,0.0154,486.3261,535.8844,0.3280,0.0028,2.0155,0.6765,0.1626,1.0240,0.2020,1.0187,0.0621,0.0000,1.5810,1.5111,157,9,3,7,0
casual_2358,297.0548,38.5903,178.2894,3.8477,4.3167,2,0.0049,412.8280,587.7478,0.2701,0.0059,1.9364,0.7195,0.0627,0.6542,0.0997,1.4172,0.0200,0.0000,0.5693,1.3901,15,0,4,16,0
casual_1198,108.0526,43.1718,107.3979,17.2540,15.6915,10,0.0096,356.6529,551.9519,0.2006,0.0023,2.3656,0.5732,0.1809,0.9482,0.3089,0.6232,0.1899,0.0000,1.4209,0.7956,67,12,10,8,0
casual_0085,54.3129,83.2524,153.2235,12.3513,11.6784,24,0.0323,395.2690,479.4657,0.0836,0.0049,2.8687,0.4328,0.0954,0.5346,0.0732,0.9866,0.0744,0.0000,1.6830,1.0836,138,10,2,4,0
casual_1518,71.6942,61.3590,44.7114,10.6540,7.5057,29,0.0130,463.8092,550.2456,0.6517,0.0025,2.7664,0.6201,0.2388,0.8164,0.4335,1.3720,0.3478,0.0000,1.4104,1.1312,115,40,10,7,0
casual_0516,114.7512,68.6786,173.1587,10.0272,4.3698,11,0.0000,364.9468,526.4879,0.4065,0.0187,2.3839,0.6628,0.1149,0.6387,0.2597,0.6632,0.1739,0.0000,0.0000,0.3330,36,6,5,2,0
casual_1381,39.6927,68.9963,75.8385,8.9560,13.0564,34,0.0367,470.6518,490.2430,0.5434,0.0032,3.2010,0.6813,0.1572,0.4279,0.2417,0.8373,0.2347,0.0000,0.7884,0.9147,148,34,5,7,0
casual_2716,165.8582,71.5466,86.5574,14.8085,13.4668,10,0.0000,449.3715,559.4581,0.0932,0.0031,2.3232,0.3506,0.1538,0.5711,0.1940,1.8883,0.5000,0.0000,0.2375,0.0500,40,20,0,10,0
skilled_0084,203.0657,74.6635,94.2498,11.0868,8.2878,22,0.0122,467.6638,578.1774,0.5908,0.0048,2.5494,0.2729,0.1232,0.1818,0.1347,1.0465,0.3370,0.0000,0.9319,1.5220,58,19,4,6,0
casual_1014,122.5327,10.0000,137.9667,14.5471,13.9799,39,0.0126,385.4567,548.7688,0.3667,0.0125,2.3620,0.2912,0.2064,0.4015,0.1933,1.0967,0.1249,0.0000,1.6629,0.3977,148,18,3,14,0
casual_0128,57.9188,76.9733,56.4734,29.4982,5.1092,29,0.0162,434.1833,577.9284,0.1604,0.0117,1.9726,0.3853,0.2237,0.8486,0.1029,1.2181,0.1313,0.0000,1.2302,0.9737,92,12,8,11,0
casual_1364,154.6663,46.9176,87.7466,7.7855,1.0000,15,0.0041,466.8637,593.4894,0.3059,0.0124,1.8622,0.9207,0.1417,0.1500,0.1538,1.2141,0.0593,0.0000,0.3253,0.8413,109,6,10,1,0
skilled_0623,169.2593,76.7022,46.6457,19.0625,1.0803,67,0.0386,426.3974,616.6959,0.5282,0.0037,2.4699,0.3515,0.0502,0.6223,0.1398,1.1811,0.2250,0.0000,2.1566,1.7392,187,42,7,3,0
trigger_0045,118.2364,84.9530,40.8481,7.2473,5.1840,36,0.0192,489.9381,534.2055,0.3347,0.0064,2.1698,0.0975,0.0010,0.3314,0.0078,2.0300,0.5511,0.0000,4.2660,2.3912,72,39,29,1,1
casual_0891,287.8226,58.4831,113.6547,16.9397,13.6378,36,0.0206,392.8597,536.2558,0.3760,0.0098,2.7008,0.4287,0.0703,0.3141,0.2791,0.3493,0.1535,0.0000,1.3870,0.8946,95,14,4,15,0
casual_2793,296.8808,10.1336,165.5469,15.1606,14.5257,19,0.0205,187.7758,572.1776,0.1697,0.0091,2.0815,0.7405,0.2759,1.0927,0.3688,0.8832,0.3145,0.0000,0.8140,0.8991,96,30,11,2,0
skilled_1238,101.7967,111.5610,113.7225,11.3393,7.6893,12,0.0328,333.4336,547.9554,0.4575,0.0273,2.4328,0.2529,0.1175,0.3415,0.0263,0.5261,0.2957,0.0000,1.5047,1.4883,33,9,13,11,0
casual_1359,74.1158,39.7006,90.3393,26.9711,9.8139,8,0.0211,171.7830,578.8495,0.4558,0.0066,2.9186,0.5904,0.1438,0.5504,0.0300,0.6450,0.2087,0.0000,0.7417,0.4941,30,6,7,12,0
casual_0307,202.6821,108.9781,156.7915,11.3034,8.4215,13,0.0302,423.1305,620.0000,0.3429,0.0049,2.6395,0.2766,0.2437,1.1200,0.1858,0.7750,0.1099,0.0000,1.2476,0.6676,89,9,7,12,0
casual_1661,202.5976,96.4991,97.7586,11.9155,10.4078,8,0.0249,412.6488,544.5015,0.1272,0.0027,1.6762,0.2568,0.1261,0.8365,0.2879,0.8410,0.2582,0.0000,1.1831,0.6501,80,20,10,8,0
casual_2431,223.9547,80.2099,111.8817,4.7121,9.2752,29,0.0184,526.6355,584.5837,0.5735,0.0113,2.7470,0.4983,0.1039,0.3443,0.0300,0.5601,0.1022,0.0000,0.7917,0.8120,155,15,0,9,0
skilled_0934,127.9193,132.5137,57.8445,2.4942,7.4905,10,0.0265,355.9746,574.4038,0.2672,0.0211,2.7451,0.2287,0.1336,0.4104,0.2253,1.7851,0.2752,0.0000,2.2145,1.7727,47,12,2,4,0
casual_1317,37.1638,60.6301,51.5524,11.4795,17.4532,7,0.0422,206.5965,463.8670,0.2463,0.0001,1.9235,0.8494,0.1395,0.6372,0.2059,1.1173,0.3893,0.0000,1.8432,1.6419,27,10,11,12,0
esport_0053,247.2898,166.4714,43.2815,6.6501,5.1216,27,0.0308,464.4685,600.1228,0.8190,0.0011,2.5271,0.1240,0.0459,0.4111,0.1241,1.9349,0.5750,0.0000,3.6816,4.3665,86,49,24,8,0
casual_2474,129.4227,71.0763,20.0000,8.4471,16.1462,5,0.0000,226.8816,503.6104,0.4091,0.0091,2.7840,0.6010,0.2494,0.4911,0.0730,0.9411,0.2000,0.0000,0.8446,0.7009,37,7,10,15,0
casual_2542,121.7236,32.8583,20.0000,15.8641,17.4298,41,0.0000,258.5536,585.2189,0.2097,0.0029,2.0180,0.3564,0.2924,0.2378,0.2265,1.4253,0.0802,0.0000,1.0195,1.2752,140,11,10,9,0
casual_1246,194.8310,42.5013,103.6898,4.9114,5.9868,15,0.0230,410.8779,565.9002,0.4589,0.0101,1.9871,0.6686,0.1404,0.8363,0.0842,0.2342,0.1750,0.0000,0.7578,1.1183,117,20,6,1,0
casual_1208,100.2499,190.8916,142.1344,25.4887,22.7448,25,0.0222,425.6127,587.2674,0.3202,0.0002,3.0107,0.5051,0.1527,0.7693,0.0300,0.7355,0.2158,0.0000,1.1819,0.4107,138,29,7,4,0
casual_0216,65.3856,78.3702,164.3546,20.2301,9.5628,6,0.0194,600.0000,598.3946,0.4289,0.0007,1.7665,0.8357,0.1189,1.0463,0.1719,0.7909,0.1499,0.0000,0.1644,0.5866,27,4,7,8,0
esport_0042,72.0384,191.9757,74.2601,5.5804,4.9074,29,0.0375,381.5569,625.0000,0.2881,0.0195,1.9589,0.1449,0.0539,0.4203,0.2096,1.4589,0.5917,0.0000,3.2073,4.6375,74,43,15,1,0
skilled_0062,236.7172,93.8185,115.9507,7.7722,12.6347,15,0.0320,494.7764,563.7085,0.2860,0.0013,2.5533,0.3324,0.1212,0.5920,0.0705,1.1338,0.3800,0.0000,1.7251,1.6073,83,31,13,3,0
casual_1239,66.3668,72.5780,82.8740,13.9767,7.4211,7,0.0176,288.6242,570.8616,0.8228,0.0208,2.4886,0.4619,0.0400,0.8025,0.1684,0.5717,0.1169,0.0000,1.9978,1.5642,117,13,6,6,0
casual_2289,108.9241,117.3842,54.8134,6.4143,1.0000,4,0.0275,398.9768,561.2643,0.3880,0.0199,2.1350,0.5356,0.1657,0.8850,0.1644,1.1850,0.3684,0.0000,0.5309,1.6333,47,17,2,3,0
casual_2740,55.1395,59.3623,156.3493,30.6675,21.1299,18,0.0058,398.8349,523.6435,0.2319,0.0049,2.8487,0.2796,0.2300,0.3899,0.2246,1.3688,0.0860,0.0000,1.2802,0.3805,87,7,1,11,0
casual_0275,136.2802,105.7309,151.3036,2.0000,7.0004,2,0.0000,336.8170,550.8234,0.2608,0.0019,2.4731,0.3443,0.2035,0.6965,0.2328,0.9638,0.1935,0.0000,1.6385,0.8469,10,1,5,6,0
casual_0489,182.7584,107.2509,20.0000,15.9577,12.5602,3,0.0061,570.9327,482.4723,0.1198,0.0014,2.4983,0.7333,0.1273,0.8434,0.1011,0.8172,0.2546,0.0000,1.4468,1.0088,23,5,11,4,0
casual_1035,204.7094,48.3681,219.8688,14.9402,14.4873,9,0.0023,402.2460,486.1110,0.3881,0.0058,2.7752,0.6057,0.1276,0.4101,0.1072,0.2476,0.3049,0.0000,0.5315,1.1299,78,23,9,7,0
casual_1229,46.0614,88.6638,79.1957,17.5203,10.6850,2,0.0143,592.0121,426.1462,0.3639,0.0025,2.3512,0.3553,0.1892,0.3415,0.0427,0.7729,0.4208,0.0000,0.7238,1.0533,21,8,6,8,0
esport_0335,168.6043,135.5201,42.5158,2.9570,4.8832,40,0.0548,464.6252,623.4079,0.5482,0.0168,2.5905,0.2088,0.0785,0.3176,0.1105,2.0730,0.5879,0.0000,4.3578,6.0168,172,101,26,8,0
casual_1008,226.0686,59.3481,20.0000,10.7190,10.3893,23,0.0273,235.1260,582.2106,0.4632,0.0010,2.2586,0.3966,0.2195,0.5911,0.1630,1.0225,0.0992,0.0000,0.7711,0.6952,90,8,7,14,0
esport_0439,247.1384,96.7015,58.7006,9.8792,3.6770,29,0.0445,473.2639,625.0000,0.3105,0.0156,3.0607,0.1387,0.0610,0.4934,0.1065,1.4578,0.4687,0.0000,4.1263,3.5052,103,48,30,4,0
skilled_1026,56.8835,127.0833,75.5794,1.7590,9.9063,32,0.0095,383.2588,588.0736,0.4681,0.0023,1.5899,0.1200,0.1456,0.7373,0.0970,1.6430,0.1000,0.0000,2.2039,1.8426,102,10,9,13,0
skilled_0182,146.8502,70.1420,134.0890,12.5450,8.1351,48,0.0261,369.1339,567.8183,0.6324,0.0083,3.5000,0.3710,0.1158,0.6916,0.1751,1.3976,0.3323,0.0000,2.6265,1.3095,155,51,12,7,0
casual_2532,216.4338,87.0154,130.2966,7.9557,12.2778,4,0.0157,272.0966,599.9415,0.5513,0.0030,2.3498,0.6282,0.1365,0.4944,0.2642,0.6492,0.1772,0.0000,1.7781,0.6088,32,5,9,11,0
skilled_1169,205.5336,109.7175,104.6078,9.5877,1.0000,24,0.0237,374.1009,566.3642,0.3368,0.0003,2.6700,0.1265,0.0715,0.7547,0.2369,1.6191,0.3454,0.0000,1.6419,1.6996,90,31,5,13,0
casual_1058,176.3613,33.8061,116.8354,2.0000,21.0889,29,0.0293,287.4291,544.3978,0.4075,0.0314,1.4611,0.5004,0.1480,0.2045,0.2606,0.3838,0.1371,0.0000,1.1876,0.2571,146,20,9,2,0
casual_2166,271.3106,34.2269,188.9008,31.6124,3.0756,11,0.0281,600.0000,516.5308,0.5327,0.0122,1.7401,0.3205,0.1547,0.6481,0.2670,1.2435,0.1503,0.0000,1.4650,1.0766,54,8,0,8,0
esport_0328,227.6137,109.3176,45.2658,5.6427,3.6295,66,0.0539,424.8336,610.7140,0.2731,0.0207,3.1440,0.1058,0.0375,0.4546,0.1360,2.3616,0.5884,0.0000,2.9482,2.8623,148,87,14,6,0
casual_0281,79.0046,105.5942,138.0575,5.2916,7.2740,23,0.0080,404.3957,589.8482,0.6125,0.0100,1.5074,0.7029,0.1516,0.5340,0.3167,0.6937,0.0922,0.0000,1.2382,0.1168,151,13,2,10,0
skilled_0565,69.8338,152.7331,74.3384,17.8552,8.5176,25,0.0284,579.0759,620.0000,0.2890,0.0131,2.4504,0.3184,0.0700,0.1069,0.1760,1.1690,0.2281,0.0000,2.1963,1.3032,83,18,7,10,0
casual_1316,181.9204,121.2981,74.9340,24.0459,19.3182,28,0.0267,373.6224,562.7408,0.5936,0.0045,1.5181,0.6717,0.2437,0.3072,0.1447,1.1894,0.3724,0.0000,2.1442,0.7277,112,41,2,2,0
trigger_0053,77.7641,105.4871,46.0695,6.4509,1.5941,50,0.0107,394.3918,573.1386,0.4713,0.0107,2.4884,0.0400,0.0084,0.5083,0.0062,2.2574,0.6268,0.0000,4.5857,5.6769,121,75,13,0,1
casual_0968,179.6925,93.1884,167.8669,20.2522,9.3513,35,0.0135,470.8571,620.0000,0.3142,0.0293,1.8236,0.6710,0.2056,0.5182,0.2267,0.8136,0.2483,0.0000,1.0146,0.2941,130,32,6,3,0
skilled_0126,190.0116,153.9985,112.3301,3.8763,6.5547,28,0.0328,444.5824,582.9892,0.5352,0.0001,2.4130,0.3060,0.0999,0.4845,0.2208,1.4225,0.4312,0.0000,2.3497,1.4311,112,48,19,9,0
skilled_0920,207.4121,94.6612,100.7224,1.0000,6.5910,5,0.0179,463.0134,570.2527,0.5026,0.0249,2.5353,0.2805,0.1759,0.4498,0.1355,1.1687,0.3531,0.0000,3.1246,1.4338,45,15,3,7,0
skilled_0166,246.0110,82.8020,123.9372,10.0227,10.5609,25,0.0441,477.4477,620.0000,0.4949,0.0051,2.1149,0.2386,0.0438,0.5022,0.2422,0.9912,0.1868,0.0000,2.1266,1.7720,124,23,12,12,0
skilled_0519,93.2672,106.1503,37.6731,13.0453,6.9205,13,0.0223,456.0330,587.2570,0.3343,0.0028,1.9321,0.2947,0.0966,0.3053,0.0341,0.9377,0.3671,0.0000,1.7200,1.8522,36,13,9,1,0
casual_0619,41.0557,106.1833,87.0840,42.3177,15.1785,15,0.0090,526.3102,572.8444,0.3080,0.0037,2.2908,0.3515,0.0654,0.8204,0.3004,0.4339,0.1480,0.0000,1.8939,1.2707,95,14,5,13,0
skilled_0346,166.1604,68.9232,97.6420,8.6960,3.2062,21,0.0304,550.7226,620.0000,0.4141,0.0037,2.7006,0.2899,0.0873,0.4349,0.0200,1.6285,0.3559,0.0000,3.7631,2.2423,63,22,13,8,0
casual_1742,37.3392,116.2319,35.8728,2.0000,21.2139,21,0.0042,497.6144,546.2900,0.2955,0.0141,2.3181,0.3394,0.1271,0.7530,0.1869,0.9153,0.2219,0.0000,0.1218,0.8096,129,28,7,12,0
casual_1390,282.6860,74.0764,141.5199,28.4610,18.2163,7,0.0186,432.5000,489.4508,0.4013,0.0109,2.0190,0.6746,0.1349,0.4929,0.2235,0.8183,0.0200,0.0000,1.9957,0.9933,44,0,11,3,0
skilled_1050,258.3481,109.4685,115.4311,6.4949,10.1307,42,0.0165,365.0607,620.0000,0.2955,0.0500,2.7412,0.2928,0.0818,0.4833,0.1381,1.1558,0.3123,0.0000,2.0010,1.7494,172,53,13,2,0
casual_1847,203.2216,57.8065,113.3809,7.1323,13.5168,44,0.0116,443.8549,541.7646,0.1644,0.0008,1.7150,0.5506,0.0782,0.7312,0.2961,1.2448,0.1478,0.0000,1.0525,1.0309,172,25,8,12,0
casual_1579,265.6862,114.5284,115.0490,22.4928,8.8984,11,0.0183,282.9351,412.8235,0.5569,0.0003,1.9311,0.7350,0.1527,0.7956,0.2658,0.7607,0.3052,0.0000,0.9983,1.1102,71,21,0,9,0
casual_1655,138.5529,10.2677,40.7463,15.0606,7.3278,37,0.0199,438.7045,481.7091,0.3111,0.0277,2.6236,0.7732,0.1122,0.8757,0.2814,1.5750,0.2768,0.0000,1.2918,0.6411,116,32,2,6,0
casual_2352,93.3699,83.2771,142.0364,7.9433,10.1074,16,0.0128,406.2623,569.4232,0.3233,0.0138,2.5086,0.5095,0.1239,0.7435,0.1256,0.2976,0.2348,0.0000,0.0000,0.7007,80,18,3,5,0
casual_2212,265.5836,73.9442,93.9128,11.1815,9.9624,13,0.0425,358.3134,585.6754,0.1514,0.0001,2.9519,0.5278,0.1849,0.7978,0.1873,1.1017,0.2079,0.0000,0.5003,1.6855,92,19,6,13,0
casual_2020,205.8604,10.0000,115.8759,28.1961,7.8202,25,0.0000,427.9821,618.0329,0.3563,0.0172,3.5000,0.7556,0.1982,0.3476,0.1337,1.5732,0.2961,0.0000,1.5452,1.0345,142,42,9,13,0
trigger_0047,150.3350,62.6691,55.6488,4.6564,4.4839,73,0.0186,506.9651,597.6835,0.4565,0.0079,2.1719,0.0902,0.0010,0.4473,0.0040,2.0789,0.5288,0.0000,3.7125,1.7909,135,71,15,4,1
casual_1956,178.5873,111.2768,131.0775,30.5028,17.5890,4,0.0000,317.1986,547.0038,0.3610,0.0043,2.3945,0.5935,0.1937,0.7764,0.2543,0.8851,0.1283,0.0000,0.7171,0.7200,20,2,0,4,0
casual_1307,210.6159,71.0897,154.9384,13.8371,9.9214,22,0.0175,519.9339,573.9626,0.1574,0.0004,2.1212,0.4485,0.1352,1.0082,0.1236,0.4375,0.1459,0.0000,0.6738,0.5103,152,22,9,17,0
casual_2003,205.7145,78.9874,72.9551,15.0871,17.3539,28,0.0161,408.8250,466.6859,0.3823,0.0081,2.3646,0.7176,0.0429,0.7131,0.2513,0.5410,0.3232,0.0000,1.2584,1.2788,162,52,3,11,0
esport_0205,224.1203,139.7428,48.8487,3.7000,3.5843,73,0.0442,468.5923,620.1470,0.4646,0.0165,2.6108,0.1800,0.0396,0.5577,0.1270,2.4038,0.5233,0.0000,3.9613,6.1004,140,73,31,5,0
casual_0575,166.2937,89.1058,67.6136,17.7064,10.3975,5,0.0041,426.9268,620.0000,0.5675,0.0100,0.8277,0.5982,0.2821,0.6803,0.3160,0.6779,0.0264,0.0000,1.2365,0.4034,20,0,10,12,0
skilled_1089,269.0963,96.7020,87.9512,1.0000,1.0000,26,0.0213,369.5028,620.0000,0.3553,0.0012,2.9635,0.6233,0.0968,0.5672,0.1820,1.9200,0.3482,0.0000,1.9821,2.0797,76,26,18,13,0
esport_0069,127.7571,127.0502,52.4408,3.0116,7.9509,17,0.0468,379.9860,584.4925,0.1091,0.0035,3.1089,0.1453,0.0272,0.2955,0.1071,1.5077,0.6514,0.0000,3.8644,2.9971,38,24,15,4,0
esport_0186,120.7694,131.6509,69.0879,0.5000,1.9586,11,0.0455,438.4836,600.5790,0.7439,0.0037,2.6323,0.1200,0.0557,0.4022,0.0969,1.7858,0.5701,0.0000,4.8036,3.5760,39,22,9,7,0
casual_1706,55.3281,48.8093,111.9829,30.6670,7.8670,10,0.0086,496.2082,582.5752,0.5091,0.0053,1.5915,0.2706,0.1506,0.4092,0.2521,0.8104,0.1828,0.0000,0.4139,0.9879,43,7,8,3,0
skilled_0742,242.5525,56.7101,83.2690,11.5802,5.2871,54,0.0188,376.1430,530.0958,0.4363,0.0042,2.0723,0.2562,0.0803,0.3804,0.0464,1.9057,0.4111,0.0000,0.4986,0.7539,187,76,10,0,0
skilled_0470,89.0762,89.7556,106.0525,6.9946,11.0595,42,0.0525,490.5619,542.9823,0.5462,0.0051,2.8709,0.1851,0.1311,0.6385,0.1325,0.7667,0.4099,0.0000,1.0329,1.0493,184,75,14,1,0
casual_1280,126.8417,65.3423,79.2254,21.2653,13.2427,14,0.0087,506.1223,610.8483,0.2013,0.0051,2.8571,0.6553,0.0658,0.8930,0.4065,0.9541,0.1926,0.0000,0.0461,0.7835,69,13,3,7,0
casual_0861,227.4067,18.3000,103.2585,17.3155,14.6100,16,0.0176,472.9306,442.6011,0.3399,0.0257,2.9890,0.5407,0.1061,0.5548,0.2542,0.8891,0.1342,0.0000,0.3406,0.3159,89,11,5,15,0
skilled_1145,238.4190,31.3953,76.8563,5.3585,5.2340,25,0.0268,323.3115,591.2794,0.3440,0.0142,1.5101,0.2339,0.0642,0.6584,0.1198,1.2615,0.3762,0.0000,0.5146,1.6992,101,37,2,13,0
casual_1801,198.3575,56.4083,175.3384,34.1710,12.4683,22,0.0044,271.7067,563.8781,0.2357,0.0318,2.2914,0.2737,0.2080,0.5689,0.2489,0.7683,0.1952,0.0000,0.7057,0.6971,178,34,5,17,0
casual_1628,82.7839,44.3074,69.5221,27.0846,13.2305,7,0.0000,359.1391,585.9695,0.2786,0.0132,2.1893,0.5167,0.1110,0.5893,0.1945,1.2635,0.1397,0.0000,0.9750,1.3218,34,4,6,11,0
casual_1993,49.2360,111.8594,100.7337,21.0655,13.8014,3,0.0183,449.7354,608.5502,0.2936,0.0010,2.5596,0.6984,0.0400,1.1686,0.1571,0.8527,0.2450,0.0000,1.0459,0.6231,21,5,11,15,0
casual_2639,83.5634,15.2665,20.0000,9.1177,14.5351,19,0.0101,218.1157,523.7301,0.4821,0.0138,2.9930,0.3840,0.2367,0.4459,0.2083,1.1457,0.3052,0.0000,1.6409,0.9645,112,34,11,15,0
casual_0269,35.7100,59.2829,107.2583,15.2162,22.7940,7,0.0000,501.3270,562.6783,0.1311,0.0295,2.1998,0.5154,0.2080,1.2015,0.1875,0.3591,0.2287,0.0000,1.3032,1.2598,66,15,0,13,0
casual_0629,246.5561,26.0381,123.0777,29.4411,18.5418,13,0.0132,312.1873,503.9322,0.7176,0.0006,1.3944,0.5663,0.2456,0.5021,0.1477,0.2289,0.2048,0.0000,1.5556,0.8215,63,12,4,9,0
skilled_0081,80.0633,95.0717,50.4058,18.0732,7.1215,56,0.0423,529.7450,620.0000,0.4507,0.0013,2.4905,0.4595,0.0733,0.4108,0.1232,0.2517,0.3507,0.0000,1.4245,2.1061,152,53,8,7,0
casual_2334,145.6660,10.0000,41.0246,3.4738,3.2477,4,0.0115,339.7529,531.5592,0.2363,0.0000,2.6942,0.6773,0.1282,0.7054,0.1040,0.7872,0.2394,0.0000,1.1998,0.1684,29,6,7,11,0
casual_2966,116.5228,85.9086,56.8665,10.7638,12.0917,11,0.0202,433.0169,481.9034,0.4448,0.0071,2.5720,0.5900,0.1676,0.5816,0.1245,0.9750,0.1622,0.0000,0.7566,0.7356,47,7,3,17,0
casual_0300,240.3290,100.4416,190.4150,2.0000,6.4312,24,0.0108,382.9596,498.0739,0.5478,0.0047,2.1606,0.4282,0.2011,0.3151,0.1335,0.8763,0.0949,0.0000,0.5752,0.5961,138,13,8,9,0
casual_0459,201.8303,42.1512,119.2658,4.1485,7.3690,38,0.0260,535.6282,570.0950,0.2210,0.0051,1.9999,0.3678,0.1215,0.3536,0.1594,1.3364,0.1046,0.0000,0.7699,0.6153,172,17,0,3,0
casual_1447,175.0491,138.0667,96.5287,3.8965,13.1781,41,0.0238,500.1405,572.1906,0.3228,0.0093,2.1188,0.7969,0.1159,0.3200,0.3743,0.9134,0.2533,0.0000,1.0145,0.7358,179,45,7,12,0
casual_1472,58.9743,114.4515,86.3451,14.6283,4.1046,23,0.0351,352.0429,597.9242,0.3352,0.0173,2.1695,0.5524,0.2983,0.5892,0.0300,1.5552,0.1457,0.0000,1.5010,1.1509,100,14,7,9,0
casual_2046,150.1332,45.0658,124.4557,18.2509,1.3681,35,0.0039,413.0168,574.2938,0.2296,0.0150,1.9477,0.3631,0.1373,0.5352,0.4587,1.4992,0.0996,0.0000,0.0638,0.4955,144,14,7,11,0
skilled_1228,131.4400,97.3934,59.9756,12.0004,8.1365,49,0.0443,435.8019,610.6636,0.6161,0.0032,2.1466,0.3615,0.0768,0.6204,0.1913,1.2169,0.4904,0.0000,1.5341,1.9446,142,69,13,6,0
skilled_0764,272.7492,107.4641,15.0000,6.1014,10.6985,7,0.0244,433.3059,574.8326,0.4242,0.0024,2.3926,0.3533,0.1510,0.5896,0.2446,1.5377,0.2612,0.0000,0.8151,0.9441,90,23,17,9,0
casual_2113,195.5395,101.6330,20.0000,17.9591,10.4602,10,0.0134,375.2619,487.1485,0.1271,0.0026,2.2902,0.6586,0.2223,1.0089,0.2654,0.3774,0.4244,0.0000,0.8690,1.1725,68,28,8,12,0
casual_0027,41.8270,25.5819,79.5375,16.1265,8.4216,20,0.0003,380.0056,541.1779,0.7326,0.0150,2.2523,0.8558,0.1723,0.5435,0.4592,1.2797,0.1552,0.0000,0.8425,1.3830,175,27,0,1,0
skilled_0839,53.3431,66.9814,88.9371,6.4533,3.2804,18,0.0053,310.3555,537.1513,0.4033,0.0047,2.8611,0.1200,0.1762,0.2636,0.0978,1.4701,0.2865,0.0000,1.3840,1.9093,58,16,12,9,0
esport_0272,281.2871,134.0900,50.5351,1.1870,5.1734,72,0.0335,420.2075,625.0000,0.7649,0.0106,2.8069,0.1929,0.0200,0.3601,0.1673,1.3526,0.3921,0.0000,4.8001,6.3565,171,67,22,8,0
casual_0837,295.5226,54.6188,125.9092,28.1743,18.9781,13,0.0000,426.2906,620.0000,0.2003,0.0021,2.1194,0.6766,0.1518,0.3053,0.1769,0.9564,0.1727,0.0000,1.3366,1.8130,58,10,11,4,0
skilled_0826,187.4863,77.8110,55.4183,1.7978,5.9860,53,0.0091,383.8683,535.8073,0.6250,0.0084,2.7115,0.3530,0.1512,0.2189,0.1363,1.6043,0.3766,0.0000,1.7517,1.0050,174,65,2,5,0
casual_2008,71.2263,51.7433,126.4308,38.4677,16.6474,24,0.0265,426.7871,577.9299,0.4374,0.0007,2.1604,0.5632,0.1582,0.3689,0.3884,1.7003,0.1523,0.0000,1.9218,0.4306,102,15,0,10,0
speed_0057,127.0739,128.9564,52.4220,16.0768,9.7347,27,0.0466,814.7224,1278.1175,1.1468,0.5880,2.9726,0.3457,0.1147,0.7544,0.1992,1.5662,0.0831,0.0000,4.7820,4.7243,126,10,7,6,1
casual_0503,165.9809,47.2019,145.0324,9.9557,13.4524,15,0.0129,353.9242,519.5947,0.2641,0.0056,2.0959,0.2948,0.1046,0.6854,0.0300,0.8052,0.1480,0.0000,1.0924,0.9346,73,10,4,17,0
skilled_0206,227.8750,77.2879,100.6072,8.9096,6.5159,16,0.0309,340.6371,565.0692,0.1994,0.0046,2.9362,0.3641,0.1002,0.2941,0.0990,1.5907,0.3957,0.0000,1.8737,1.5303,85,33,7,9,0
esport_0054,227.3138,104.4072,56.5483,7.8755,2.6257,52,0.0614,476.7045,584.3317,0.6243,0.0131,2.6239,0.2148,0.0200,0.2256,0.0456,2.0090,0.4006,0.0000,1.5000,3.4256,147,58,25,5,0
casual_0380,179.3081,74.8378,127.5132,15.8337,7.9787,26,0.0117,281.5701,539.2070,0.1831,0.0051,2.0993,0.8544,0.0963,0.4245,0.1978,1.1966,0.1647,0.0000,0.5312,0.4691,103,16,2,1,0
casual_1851,274.5638,72.3789,44.2033,27.2009,10.1653,23,0.0228,350.5303,530.1333,0.3313,0.0368,2.1693,0.5789,0.1344,0.8713,0.0562,0.5932,0.1588,0.0000,0.8161,1.1539,146,23,7,15,0
casual_1525,77.2988,49.8485,67.8256,27.3213,12.5478,13,0.0014,492.9768,494.4221,0.4007,0.0000,2.6711,0.6748,0.1729,0.5786,0.2686,0.1000,0.2507,0.0000,1.0891,0.1006,53,13,9,2,0
casual_2365,215.0079,91.6848,74.3093,5.6166,11.1970,17,0.0222,312.9546,620.0000,0.4383,0.0003,2.2346,0.5480,0.0912,1.0388,0.2024,1.5095,0.3091,0.0000,0.8301,0.2004,135,41,2,5,0
skilled_1147,156.0931,64.7289,98.2189,9.9265,4.2895,19,0.0160,431.6052,620.0000,0.5813,0.0056,2.4066,0.1371,0.0948,0.6322,0.2387,0.3692,0.1705,0.0000,1.7689,1.1983,64,10,5,7,0
skilled_0052,115.5626,128.6682,124.2191,4.6477,4.7787,61,0.0174,504.6627,602.0530,0.5049,0.0022,2.2504,0.2923,0.1121,0.7136,0.2173,1.1794,0.4859,0.0000,1.1121,1.6204,177,86,15,0,0
casual_2884,178.0674,60.5839,37.3339,31.7544,19.5478,19,0.0153,444.8066,537.7928,0.2946,0.0011,1.7478,0.7689,0.1359,0.7802,0.1193,1.7283,0.2792,0.0000,0.8442,0.6618,129,36,10,6,0
casual_2340,75.9862,90.6609,130.7068,12.9281,1.0000,13,0.0058,435.7072,531.1660,0.7375,0.0208,3.0099,0.3795,0.1742,0.9897,0.3626,0.7356,0.1699,0.0000,0.0000,0.5221,116,19,6,12,0
casual_0374,72.5551,94.6405,82.6919,16.6168,13.1079,31,0.0009,459.6562,548.6286,0.3710,0.0056,3.5000,0.4934,0.1938,0.3945,0.3189,0.7605,0.1258,0.0000,1.7747,0.9842,104,13,0,13,0
skilled_0260,136.8601,103.0264,53.5405,11.2306,1.0000,19,0.0232,533.3080,573.1308,0.4241,0.0081,3.1379,0.2812,0.0316,0.6315,0.1683,1.0435,0.2965,0.0000,1.1534,1.9199,66,19,18,8,0
casual_2381,94.1346,69.0750,69.6416,5.9601,10.5920,30,0.0000,330.5746,620.0000,0.6259,0.0181,1.8631,0.4530,0.2057,0.7177,0.1784,0.9942,0.2693,0.0000,0.0000,0.8593,165,44,11,5,0
esport_0059,249.5861,142.4864,76.2608,9.0819,5.3038,44,0.0195,477.0851,624.7956,0.6815,0.0074,2.9323,0.1174,0.0419,0.5796,0.1450,1.5571,0.4840,0.0000,3.3958,3.9301,158,76,5,2,0
casual_0939,57.1068,52.8452,89.9432,24.1181,21.3458,35,0.0090,349.2987,537.9090,0.6094,0.0088,2.2835,0.2000,0.0698,0.7789,0.1846,1.0792,0.3073,0.0000,0.0000,1.5338,135,41,3,2,0
skilled_1198,223.2364,47.1468,92.4089,9.7523,6.3119,27,0.0247,431.3725,589.2454,0.1702,0.0016,2.2310,0.4896,0.0487,0.6342,0.2653,0.6400,0.4476,0.0000,2.4501,1.8362,97,43,11,6,0
skilled_1165,152.9529,117.4271,146.4249,7.8233,2.9662,34,0.0318,500.9112,610.1306,0.4501,0.0121,2.4899,0.3115,0.1782,0.5823,0.1266,1.5127,0.2743,0.0000,2.6966,1.3405,124,34,3,2,0
casual_2799,238.0068,117.9761,114.0505,12.6700,26.4307,46,0.0051,429.2514,578.4980,0.1887,0.0035,2.5778,0.5164,0.2110,0.5242,0.1983,0.2816,0.2099,0.0000,1.7561,0.4546,175,36,6,9,0
casual_2147,298.4527,35.5583,63.3565,22.1886,18.1277,2,0.0000,210.2593,584.7851,0.3008,0.0258,1.4074,0.2454,0.1555,0.9997,0.1688,0.7283,0.2755,0.0000,0.0000,0.8482,18,4,6,5,0
skilled_0817,217.1528,128.9813,49.7401,18.7801,10.6708,8,0.0172,485.9921,550.1947,0.0577,0.0089,2.4540,0.1528,0.1241,0.2581,0.1742,0.6737,0.3735,0.0000,2.9729,0.1784,37,13,11,4,0
esport_0290,94.1521,173.6609,108.9529,4.9425,4.6871,39,0.0570,429.8764,587.2898,0.6101,0.0112,3.1034,0.1052,0.0479,0.4313,0.1754,2.6388,0.5750,0.0000,3.8086,1.6101,123,70,17,7,0
skilled_1216,85.5122,121.6592,43.2864,7.3327,6.6893,7,0.0369,266.3866,586.4780,0.4763,0.0068,3.0037,0.2559,0.0993,0.5963,0.0398,0.4836,0.5413,0.0000,2.4918,0.6308,47,25,15,8,0
casual_2068,99.8856,59.5180,161.8172,12.3110,18.4215,8,0.0239,460.2086,597.0502,0.3125,0.0004,2.1862,0.3715,0.1448,1.3544,0.1420,1.4374,0.0517,0.0000,1.7412,0.8263,33,1,2,10,0
casual_0529,113.9596,23.9740,86.1876,19.1437,13.7753,12,0.0306,263.1328,611.2474,0.4393,0.0034,2.2842,0.3122,0.0897,0.6373,0.4149,1.1963,0.0200,0.0000,2.1236,0.6269,72,1,10,4,0
esport_0354,271.8914,110.9877,74.3194,5.6978,5.5929,49,0.0329,332.0966,625.0000,0.5458,0.0031,2.6645,0.2163,0.0355,0.4335,0.1100,1.5929,0.7800,0.0000,4.4878,3.5284,96,74,12,0,0
casual_0636,212.3325,99.7801,37.8771,15.7739,10.3757,3,0.0016,485.1648,511.0499,0.2887,0.0034,1.7521,0.3325,0.0832,0.5781,0.2134,1.0939,0.0695,0.0000,1.2779,0.1320,18,1,1,14,0
casual_1269,163.2915,88.9213,126.8765,13.0140,9.6910,31,0.0032,243.5958,565.9247,0.3259,0.0055,2.3229,0.6525,0.2020,0.4228,0.3679,0.5142,0.0200,0.0000,0.7964,1.1820,142,2,1,7,0
casual_0185,208.6485,41.1554,75.8421,17.3687,16.3356,5,0.0202,456.8444,478.5591,0.3256,0.0045,2.8842,0.5663,0.1415,0.4878,0.2742,0.4867,0.3238,0.0000,0.9454,0.7488,78,25,7,14,0
esport_0099,138.5418,144.8234,65.1296,5.3140,1.5675,81,0.0434,379.0297,599.8195,0.6307,0.0002,3.2572,0.2392,0.0640,0.4899,0.0772,2.0049,0.5098,0.0000,1.8118,4.2956,177,90,31,8,0
skilled_0179,136.4796,103.9796,105.7237,8.2936,5.4572,56,0.0064,485.0141,577.2637,0.4908,0.0090,2.6366,0.2260,0.0894,0.6659,0.2129,0.4063,0.5593,0.0000,2.6736,1.4266,164,91,19,13,0
skilled_0454,150.3097,120.1711,78.8451,9.2579,7.1586,19,0.0157,393.3438,587.7181,0.4878,0.0082,2.1796,0.2784,0.0708,0.4462,0.1500,1.1614,0.2792,0.0000,1.9998,1.2947,64,17,16,10,0
casual_1797,108.2552,64.5378,85.3664,2.0000,12.5116,16,0.0269,336.8889,466.4823,0.7062,0.0027,2.1069,0.6150,0.1839,0.5922,0.1857,0.8045,0.1391,0.0000,1.2322,0.2496,55,7,5,7,0
casual_2979,266.2770,90.1024,36.1091,2.0000,17.7888,27,0.0073,406.3201,620.0000,0.3284,0.0016,2.5663,0.2289,0.2609,0.9494,0.2233,0.6845,0.0714,0.0000,1.3654,1.7317,179,12,1,5,0
casual_1441,43.2618,100.6479,89.7506,37.6828,19.3993,3,0.0124,367.6571,551.5020,0.2016,0.0400,2.4631,0.4591,0.2981,0.7029,0.2837,0.1000,0.1074,0.0000,0.1104,1.0102,16,1,5,13,0
skilled_0427,106.4300,79.6690,54.6850,4.9525,4.9140,39,0.0108,352.2231,583.7889,0.4085,0.0008,2.0087,0.4528,0.0957,0.5980,0.0409,2.0610,0.2907,0.0000,1.1697,2.3521,114,33,18,3,0
speed_0024,25.6664,101.3836,147.3019,19.6325,6.4078,40,0.0000,856.0901,1493.5048,0.3639,0.6700,2.4972,0.4569,0.1102,0.3853,0.2186,2.1474,0.3539,0.0000,3.8949,2.6591,178,62,21,1,1
casual_1535,159.9032,154.9334,107.4479,17.1081,10.9459,8,0.0312,327.7372,517.2131,0.2053,0.0188,1.8833,0.6088,0.0643,0.8449,0.2887,0.1086,0.0200,0.0000,0.7510,0.9729,58,1,2,3,0
skilled_0443,220.3297,112.3450,21.3138,1.0000,7.2997,19,0.0070,513.1560,579.8699,0.4527,0.0077,2.5692,0.2141,0.0730,0.6512,0.1757,1.5494,0.4777,0.0000,1.9916,0.3875,100,47,15,7,0
casual_1273,187.8832,70.3096,164.4953,15.7826,19.4955,9,0.0150,465.2077,541.8650,0.4149,0.0195,2.9620,0.4347,0.0922,0.4933,0.1256,1.3863,0.2652,0.0000,1.7483,0.7663,51,13,8,12,0
casual_2467,190.2332,59.0767,76.0831,8.7337,20.8083,22,0.0381,376.5705,549.7749,0.2682,0.0154,1.7495,0.7688,0.0500,0.6796,0.2254,0.3858,0.2202,0.0000,0.4901,1.2245,146,32,11,13,0
casual_0607,60.8081,76.1967,22.0791,11.1131,14.4771,14,0.0059,395.3303,620.0000,0.4006,0.0073,2.3804,0.7074,0.1658,0.5505,0.2037,1.0655,0.0741,0.0000,1.2119,0.5426,151,11,3,11,0
skilled_0513,42.2321,99.6555,90.1440,7.8925,4.8140,26,0.0227,414.1459,598.4891,0.4647,0.0097,2.8371,0.4893,0.0828,0.5471,0.0988,1.6727,0.4584,0.0000,0.9156,1.6048,81,37,11,8,0
casual_1712,294.5942,40.7617,161.2878,30.4420,7.2358,8,0.0074,495.4843,620.0000,0.4598,0.0025,2.3075,0.5683,0.0400,0.6472,0.3867,0.7055,0.2612,0.0000,1.6297,1.1738,30,7,1,13,0
casual_2199,208.9896,70.4569,35.2480,14.2375,8.6880,10,0.0174,435.5368,444.9467,0.2735,0.0044,3.0640,0.4052,0.1810,0.2389,0.2549,0.3347,0.2127,0.0000,0.9513,0.6579,42,8,2,10,0
casual_0955,269.7570,60.8264,98.1827,8.5886,20.5004,7,0.0292,424.4475,590.9357,0.4309,0.0053,3.0509,0.4299,0.0860,0.7801,0.1052,0.8682,0.0260,0.0000,0.3666,0.2447,36,0,2,9,0
casual_2579,280.0692,16.0624,83.9523,13.2799,8.5186,21,0.0104,387.0744,554.4201,0.4587,0.0059,2.5184,0.5993,0.0940,0.6185,0.1742,1.6276,0.2590,0.0000,0.1393,1.0915,166,43,2,11,0
skilled_0897,76.5072,152.8548,76.1658,11.1263,6.1945,54,0.0061,336.5073,577.3120,0.6180,0.0183,3.5000,0.4563,0.1381,0.4100,0.0340,1.3150,0.1873,0.0000,2.3953,0.9478,159,29,16,12,0
esport_0175,153.4427,161.7291,61.9019,0.5000,4.4323,61,0.0281,613.1306,611.8025,0.6447,0.0006,1.9849,0.1659,0.0790,0.4748,0.1063,2.1222,0.5642,0.0000,5.7532,3.6802,142,80,23,5,0
skilled_0380,207.4460,96.1120,71.0651,9.1790,4.7801,22,0.0218,384.8053,606.4763,0.4083,0.0054,2.4291,0.1998,0.0811,0.3683,0.1421,0.7413,0.3847,0.0000,3.9131,1.2080,77,29,3,2,0
skilled_0685,200.1949,105.1277,85.2298,5.7658,8.6631,10,0.0000,455.7249,570.8639,0.7394,0.0005,2.4287,0.2425,0.1486,0.8010,0.2353,1.1154,0.3779,0.0000,2.0807,2.0593,38,14,15,13,0
casual_0403,59.8589,61.3612,118.9670,18.6751,13.4838,9,0.0000,478.1140,615.8984,0.2618,0.0056,3.5000,0.5028,0.1049,1.0973,0.1090,1.0115,0.2234,0.0000,0.6850,1.0940,53,11,3,2,0
casual_2071,151.0281,78.2126,109.7009,19.9524,11.9606,19,0.0126,357.4264,584.1630,0.2770,0.0025,2.6129,0.3924,0.0400,0.6132,0.3740,1.0142,0.3360,0.0000,1.2851,0.1098,135,45,0,11,0
aimbot_0005,96.3848,160.3549,14.0733,2.5882,2.5068,45,0.0426,336.5768,594.0772,0.3122,0.0047,2.5812,0.1216,0.0046,0.6458,0.0561,0.8312,0.8800,0.0000,9.0238,7.3077,63,55,20,1,1
casual_1977,284.4935,42.8608,129.7693,14.6375,15.2545,8,0.0147,426.4294,544.3497,0.4839,0.0085,2.9356,0.9152,0.0787,0.8358,0.2560,1.1367,0.0200,0.0000,0.7969,1.1351,41,0,6,5,0
casual_0158,226.2885,46.7228,35.5332,19.6533,12.4358,23,0.0144,380.5692,517.0475,0.4395,0.0007,2.6819,0.7830,0.2404,0.4333,0.1401,0.5473,0.1963,0.0000,1.6066,1.2396,112,21,8,15,0
casual_1748,158.5561,73.5316,126.6116,35.8764,16.4375,25,0.0209,412.5328,530.0534,0.6927,0.0033,2.0355,0.4205,0.1516,0.4754,0.0906,0.6858,0.1933,0.0000,0.3768,1.0852,130,25,11,3,0
casual_2909,183.3091,69.6048,71.2391,10.6235,2.3859,14,0.0000,465.2559,611.5066,0.4828,0.0022,2.6383,0.6597,0.1305,0.1500,0.2988,1.0125,0.1569,0.0000,1.0279,0.0500,73,11,5,9,0
skilled_0534,60.2767,78.4799,71.8247,7.7475,7.7915,67,0.0234,491.6829,582.7794,0.1736,0.0112,1.9106,0.2673,0.0971,0.3948,0.1870,1.4704,0.2859,0.0000,2.4539,1.2608,166,47,5,2,0
casual_0902,42.1967,79.8633,100.7195,5.3905,11.6818,23,0.0251,261.7798,518.2247,0.1303,0.0215,2.8087,0.7220,0.1877,0.4209,0.1709,0.6994,0.2876,0.0000,1.3409,0.8978,97,27,2,11,0
casual_0352,182.5367,105.3185,35.9656,19.4374,14.2627,38,0.0109,472.0072,551.8992,0.5567,0.0010,2.8979,0.5729,0.2044,0.9348,0.1725,0.7901,0.0718,0.0000,1.0361,0.7963,175,12,0,11,0
casual_1230,88.0981,22.9085,116.8839,2.3278,13.2352,32,0.0015,457.6352,554.1766,0.0258,0.0058,1.9830,0.5648,0.1795,0.8092,0.2826,0.2156,0.1820,0.0000,0.8405,0.8244,147,26,2,1,0
esport_0420,232.6017,120.6535,40.5276,6.3776,4.6609,23,0.0235,501.5117,615.1974,0.7573,0.0016,2.8548,0.1863,0.0793,0.5726,0.1597,1.5254,0.7800,0.0000,1.6848,1.5360,51,39,6,4,0
casual_2140,271.7862,60.2932,109.8665,31.8823,14.0967,35,0.0106,392.9039,569.6963,0.1415,0.0080,1.3124,0.5331,0.1483,0.4171,0.2482,0.5181,0.2012,0.0000,1.1001,0.7357,139,27,11,3,0
casual_0444,103.1049,60.2273,134.2477,16.4321,16.3324,14,0.0072,289.5143,579.4423,0.0200,0.0025,2.3840,0.4509,0.2172,0.2967,0.1501,1.3626,0.2576,0.0000,0.0000,1.5512,100,25,7,12,0
trigger_0023,198.8925,90.4385,36.6994,14.4950,3.8940,77,0.0288,299.8207,615.3204,0.4442,0.0097,2.5683,0.0698,0.0015,0.3215,0.0064,2.2023,0.5801,0.0000,3.5512,1.8783,160,92,36,4,1
casual_0754,214.4798,84.9618,45.6840,2.0000,10.8066,39,0.0300,425.0896,600.1914,0.1566,0.0026,1.0018,0.6464,0.1509,0.8037,0.0396,1.0348,0.2156,0.0000,1.9066,0.4878,173,37,11,12,0
casual_1737,88.2997,10.0000,110.4841,11.8276,20.2966,19,0.0009,402.9185,620.0000,0.1821,0.0053,2.1593,0.3659,0.1817,0.7851,0.1333,1.1156,0.1065,0.0000,1.7383,1.1080,121,12,11,16,0
casual_2971,205.7193,130.1335,181.2493,17.1277,6.4185,3,0.0158,482.9506,608.2999,0.2680,0.0044,2.6627,0.2000,0.1383,0.4705,0.2495,1.3167,0.2463,0.0000,0.2867,0.8382,23,5,6,8,0
trigger_0054,233.8275,98.0694,57.0654,0.5000,3.4733,26,0.0305,371.2457,520.6564,0.6531,0.0014,3.1369,0.1207,0.0046,0.5467,0.0060,2.4644,0.6276,0.0000,5.2726,5.2416,80,50,30,1,1
casual_2920,299.8353,19.0880,73.7346,20.1026,16.2257,8,0.0049,359.7126,620.0000,0.0228,0.0235,2.6997,0.6173,0.2046,0.7366,0.2352,0.5417,0.0904,0.0000,2.0883,0.8025,64,5,11,17,0
casual_0311,142.5601,86.9793,177.5589,17.7914,10.6222,22,0.0125,338.7614,524.3314,0.2169,0.0094,2.3475,0.4464,0.2728,0.3548,0.1600,1.2950,0.2740,0.0000,0.8584,0.5305,133,36,1,14,0
casual_0548,233.9391,101.1271,66.9138,12.4948,5.5036,19,0.0326,394.2715,530.8735,0.0363,0.0037,1.9555,0.5264,0.2653,0.8691,0.1649,0.9477,0.1295,0.0000,1.5789,0.8072,88,11,1,10,0
skilled_1052,61.5032,105.5181,44.5702,5.4069,7.7352,62,0.0066,456.7346,608.8876,0.4052,0.0144,2.3591,0.2448,0.0939,0.3268,0.1579,1.6558,0.4944,0.0000,0.9966,2.1936,199,98,16,8,0
aimbot_0011,126.8469,142.2598,14.1969,1.8814,0.5537,109,0.1234,437.0316,538.8068,0.1097,0.0122,2.4242,0.0169,0.0128,0.5581,0.0476,1.4858,0.8246,0.0000,7.7665,3.6201,144,118,13,4,1
casual_1989,70.6615,76.5500,58.5014,15.0417,14.1701,23,0.0118,390.7609,537.3129,0.0200,0.0017,1.7460,0.6641,0.2408,0.8198,0.2539,0.9438,0.1659,0.0000,0.6800,1.2375,107,17,1,9,0
casual_0306,133.9742,29.6942,73.4667,19.5539,15.2176,31,0.0288,448.2118,548.1719,0.0200,0.0094,2.4268,0.7434,0.2262,0.7022,0.1968,1.3063,0.1251,0.0000,1.6199,0.6229,140,17,8,1,0
casual_2335,216.2357,95.9225,82.8924,2.0000,15.5006,18,0.0024,575.4245,580.8625,0.4711,0.0200,1.2261,0.6484,0.1122,0.6375,0.2021,1.0426,0.1504,0.0000,2.0988,0.6141,84,12,1,6,0
casual_0694,275.4475,37.5873,87.4641,19.7099,20.0071,7,0.0156,492.6868,521.7176,0.4400,0.0011,2.7000,0.5097,0.2071,0.7958,0.2166,0.5567,0.0626,0.0000,1.9696,1.1442,43,2,5,6,0
casual_2356,162.0025,131.9779,123.4461,3.3365,11.6484,4,0.0000,353.9382,578.7962,0.5425,0.0051,2.3778,0.5597,0.0400,0.5910,0.0905,0.6534,0.1431,0.0000,1.2499,0.2310,28,4,6,10,0
casual_1927,222.0805,14.1415,44.9293,19.8468,13.9257,24,0.0078,407.7234,620.0000,0.1295,0.0002,2.0664,0.5157,0.0784,0.8491,0.0564,0.8166,0.1476,0.0000,0.9770,0.7248,92,13,4,3,0
casual_0684,201.3259,45.4530,98.3804,20.0593,7.8251,12,0.0067,507.6619,485.1716,0.3602,0.0068,2.5578,0.2270,0.1793,0.5505,0.1269,0.8866,0.2395,0.0000,0.5232,1.5077,59,14,7,13,0
casual_0749,257.1250,74.7871,30.7938,18.2141,14.4969,16,0.0002,454.9754,598.6783,0.3851,0.0009,1.9540,0.6551,0.1654,0.4986,0.1163,0.9520,0.3698,0.0000,1.0629,1.1002,62,22,5,8,0
skilled_1008,63.1370,124.7420,69.0302,17.5652,9.6859,29,0.0039,429.3048,566.2847,0.4990,0.0004,3.0878,0.2095,0.0604,0.4826,0.0244,1.4983,0.3300,0.0000,0.4470,1.5168,75,24,18,11,0
casual_1266,75.9921,81.1402,141.6476,9.9425,6.2323,30,0.0272,243.5105,566.4784,0.6073,0.0010,1.4891,0.3025,0.1516,1.0271,0.0766,0.7095,0.2397,0.0000,0.4502,1.0700,147,35,4,10,0
skilled_0285,125.0329,95.4666,55.9167,6.1701,7.9802,15,0.0191,347.6970,620.0000,0.4390,0.0045,2.4591,0.3411,0.1204,0.4325,0.2116,0.9305,0.1667,0.0000,2.2512,2.1212,44,7,11,10,0
skilled_0529,158.9931,105.2506,107.0693,1.0000,4.5196,35,0.0081,352.5138,580.5149,0.5976,0.0257,2.4710,0.2836,0.1018,0.4249,0.1392,0.8932,0.2770,0.0000,3.0296,0.6942,125,34,9,3,0
esport_0173,235.2238,122.9225,54.9661,4.1630,4.2303,65,0.0134,381.2447,581.0979,0.7455,0.0312,2.7142,0.1650,0.0686,0.4814,0.1848,2.6078,0.6082,0.0000,1.8932,3.2149,157,95,20,7,0
skilled_0984,240.4283,137.0048,40.4649,1.0000,6.5743,13,0.0247,428.6492,596.1257,0.5064,0.0016,2.0470,0.4817,0.0942,0.4269,0.0298,1.7262,0.2274,0.0000,1.2027,2.3451,53,12,6,11,0
skilled_0083,132.7196,116.9476,70.8569,11.6629,8.7627,20,0.0134,451.4156,616.6868,0.0556,0.0087,2.7507,0.2314,0.1617,0.7194,0.1792,0.3941,0.3506,0.0000,2.3834,2.2539,53,18,8,8,0
skilled_0061,176.5967,78.5283,67.8116,12.5350,10.6452,45,0.0359,438.8942,618.3614,0.3107,0.0430,2.7500,0.4668,0.1183,0.4125,0.1292,1.6594,0.2979,0.0000,3.3961,0.6028,178,53,2,8,0
skilled_0025,138.0062,92.1723,47.7661,9.0666,6.7775,53,0.0434,436.9829,619.2980,0.2202,0.0193,3.0770,0.4086,0.1409,0.1558,0.1685,1.3073,0.2280,0.0000,2.6061,2.4169,133,30,19,4,0
casual_0970,98.3598,61.9129,123.3113,21.2494,1.3756,29,0.0227,382.8834,587.4690,0.2796,0.0065,2.4840,0.8048,0.1141,0.5821,0.2752,0.5105,0.0200,0.0000,0.5026,0.1081,147,2,0,10,0
casual_0013,252.1456,126.0017,142.1672,2.0000,21.2627,15,0.0038,365.9259,599.4747,0.1904,0.0034,1.9255,0.5213,0.0610,0.7604,0.2740,1.1284,0.2115,0.0000,0.5676,1.0307,112,23,3,12,0
casual_0873,131.8291,40.8884,154.5953,14.5482,8.4674,16,0.0143,256.6095,569.2790,0.5459,0.0024,1.7569,0.7793,0.1922,0.5987,0.3592,0.5004,0.1143,0.0000,0.9367,1.5835,131,14,0,5,0
casual_0808,166.9690,43.4836,173.6612,28.1379,19.7027,6,0.0116,325.0217,555.8453,0.4696,0.0123,1.4412,0.6370,0.1844,0.8321,0.0300,1.4968,0.0954,0.0000,1.2550,0.8131,59,5,7,4,0
skilled_0198,125.5457,89.8097,73.9480,1.0000,2.3915,29,0.0275,516.7841,595.2034,0.2065,0.0023,2.1242,0.1344,0.0735,0.5935,0.1757,1.2429,0.3069,0.0000,2.3804,1.1821,81,24,16,5,0
casual_0514,120.2151,104.2508,99.5912,12.9207,12.9474,14,0.0328,305.5177,534.3254,0.7141,0.0024,2.5057,0.4206,0.0969,0.8474,0.2801,1.0343,0.1164,0.0000,0.2790,1.1359,86,10,4,9,0
esport_0222,158.1874,92.7368,49.1764,7.7532,3.1500,13,0.0799,477.0507,600.2871,0.4318,0.0134,2.8660,0.1909,0.0741,0.3159,0.1465,1.7813,0.6115,0.0000,4.0149,6.1064,31,18,28,7,0
casual_0409,299.7583,129.0644,131.1129,16.0890,16.7743,20,0.0000,224.5027,586.8702,0.5377,0.0172,2.1348,0.6171,0.1121,0.5741,0.2260,1.2381,0.1425,0.0000,0.7812,1.7503,85,12,11,16,0
skilled_0408,114.6361,116.0335,86.0830,17.4841,7.0559,26,0.0285,397.5146,575.2026,0.4332,0.0028,2.8967,0.2257,0.0781,0.4990,0.0741,1.2663,0.2256,0.0000,1.5626,1.7560,68,15,10,13,0
esport_0092,64.8281,78.5536,57.8990,2.5429,4.8232,65,0.0252,487.4466,608.8549,0.4853,0.0245,2.3532,0.2702,0.0478,0.4555,0.1305,1.8243,0.5024,0.0000,3.7231,4.9335,164,82,7,9,0
casual_0207,212.9678,63.3764,183.7342,22.6867,15.5422,32,0.0018,450.4173,577.8062,0.6571,0.0005,2.2819,0.4110,0.1161,0.9579,0.2767,0.8383,0.5000,0.0000,0.0000,0.6186,163,81,2,11,0
skilled_0691,199.5992,109.5570,129.0721,5.5774,4.8388,27,0.0000,315.6440,580.6558,0.3448,0.0226,2.2929,0.2773,0.0708,0.4502,0.2238,0.9477,0.3020,0.0000,2.3027,1.4563,143,43,11,8,0
casual_0458,241.7019,10.0000,30.0297,42.1090,16.2878,13,0.0272,488.1292,574.9659,0.3887,0.0015,2.4997,0.5026,0.2676,0.7130,0.0503,0.9068,0.2216,0.0000,0.5278,0.0500,90,19,3,14,0
skilled_0471,190.2969,76.9925,67.8841,15.8789,7.1210,14,0.0057,504.8320,612.0658,0.4979,0.0060,2.4261,0.3026,0.0714,0.6054,0.2403,1.8821,0.3020,0.0000,1.4893,1.7504,53,16,8,2,0
casual_2430,253.6134,58.6627,74.2805,18.8725,8.6551,13,0.0224,427.4463,560.6859,0.4777,0.0047,2.5640,0.5540,0.1506,0.5644,0.2713,1.2546,0.1329,0.0000,1.3055,0.1624,61,8,9,7,0
skilled_0657,55.5226,146.2345,77.2985,13.3598,9.3730,17,0.0269,441.0731,595.4888,0.4979,0.0068,2.5463,0.3195,0.0759,0.3022,0.0227,0.8695,0.4334,0.0000,2.9550,1.5349,79,34,8,2,0
casual_0110,153.0596,52.7714,32.7628,13.3871,14.1963,10,0.0153,344.5726,576.9054,0.3134,0.0062,2.5988,0.4855,0.1179,0.7894,0.1809,1.1478,0.2129,0.0000,1.9951,1.4685,52,11,6,15,0
esport_0339,156.6110,130.3232,80.9932,3.6165,7.8734,51,0.0427,439.5566,610.5552,0.5580,0.0039,3.1579,0.2241,0.0318,0.3224,0.0633,1.6588,0.3765,0.0000,3.1789,5.9838,159,59,15,4,0
skilled_1044,203.7247,79.1777,59.4378,3.5366,10.7634,7,0.0262,308.1894,570.4346,0.2939,0.0049,3.5000,0.4654,0.0300,0.4992,0.1030,1.1275,0.6224,0.0000,0.8741,1.2799,31,19,13,13,0
casual_1883,232.2770,135.8307,132.4378,9.7700,5.1818,27,0.0118,492.2022,620.0000,0.3231,0.0229,3.1732,0.6929,0.2067,0.6300,0.2190,0.8298,0.0907,0.0000,0.8565,0.5567,100,9,8,8,0
casual_1713,268.5531,67.9426,20.0000,20.8696,10.9210,16,0.0000,303.2995,620.0000,0.3708,0.0003,2.4943,0.6545,0.1149,0.7844,0.2823,0.8873,0.1988,0.0000,1.0868,0.4715,58,11,9,17,0
skilled_0958,177.2683,153.9394,66.8216,18.9791,1.0000,37,0.0191,465.3557,578.9192,0.7177,0.0006,2.3870,0.4831,0.0300,0.7175,0.1578,1.7563,0.4497,0.0000,2.4767,1.1109,142,63,6,13,0
skilled_0399,201.8292,97.4588,105.7865,13.8913,7.9491,54,0.0347,562.4385,614.8225,0.6088,0.0023,2.4804,0.2307,0.1454,0.1857,0.1769,1.0576,0.4339,0.0000,2.4484,2.0079,170,73,7,4,0
casual_0552,78.8502,107.8481,71.9850,22.7705,10.6559,7,0.0239,394.5063,542.3253,0.1039,0.0048,2.1961,0.6358,0.2025,0.6463,0.2948,0.3464,0.1545,0.0000,1.6664,0.3871,55,8,1,10,0
casual_1439,293.8420,30.2294,30.9879,5.6655,17.4722,2,0.0170,534.9802,598.3331,0.4850,0.0075,2.5667,0.3366,0.1161,0.7981,0.2738,0.7574,0.3063,0.0000,0.8580,1.1488,29,8,6,4,0
casual_2270,199.8160,28.4130,59.0286,7.6159,7.7600,12,0.0040,458.6294,579.8118,0.0580,0.0021,1.7261,0.5161,0.1147,0.5905,0.1200,0.7831,0.0326,0.0000,2.2008,0.6121,40,1,0,8,0
skilled_0144,75.1416,97.7066,83.0450,8.7939,12.6700,10,0.0162,398.6539,516.3364,0.3939,0.0231,2.5283,0.2302,0.1009,0.6649,0.1372,1.4314,0.3723,0.0000,3.4949,2.6601,25,9,3,8,0
casual_2821,213.3692,39.4665,143.1899,26.0881,6.5117,10,0.0228,282.7513,528.0752,0.3368,0.0304,1.9423,0.8925,0.2633,0.9678,0.1596,0.6638,0.2015,0.0000,1.4812,0.5200,60,12,5,2,0
aimbot_0031,105.7416,135.1867,15.7090,1.7331,0.0371,66,0.0593,235.8732,620.2431,0.5602,0.0055,3.2969,0.0150,0.0020,0.6063,0.0594,1.8095,0.8138,0.0000,5.1221,6.4840,98,79,12,3,1
casual_1925,42.4101,51.4837,88.2959,7.7479,15.6870,35,0.0317,554.5605,620.0000,0.2900,0.0050,1.8599,0.4888,0.1443,0.8038,0.4335,0.9883,0.3056,0.0000,1.3285,1.0924,140,42,6,15,0
casual_0634,43.1486,28.3380,49.4498,7.1017,12.4512,9,0.0022,256.4065,607.9629,0.1566,0.0038,2.2162,0.6588,0.1623,0.3314,0.1635,0.6611,0.0494,0.0000,1.0121,1.0646,43,2,10,14,0
aimbot_0055,44.5999,119.9656,27.0584,1.4293,1.1732,32,0.0625,448.8302,580.3543,0.5440,0.0262,2.2021,0.1237,0.0020,0.4620,0.0581,1.7913,0.7261,0.0000,7.2809,7.4928,55,39,12,5,1
casual_0316,132.4553,76.5042,112.0570,47.1014,7.4060,27,0.0062,493.6734,541.4882,0.6325,0.0115,2.1359,0.5747,0.1811,0.9660,0.2423,0.6257,0.1035,0.0000,1.2880,0.9439,159,16,4,5,0
skilled_1217,194.5768,65.1884,40.5415,1.0000,2.4451,63,0.0225,449.7413,573.3424,0.2875,0.0186,2.9048,0.3646,0.0777,0.3796,0.1202,1.2452,0.2605,0.0000,3.0245,0.5459,196,51,10,0,0
esport_0449,188.7373,101.5366,73.2933,1.4924,5.2996,48,0.0468,456.2166,571.5022,0.1007,0.0157,2.4903,0.1547,0.0271,0.6542,0.0915,1.1496,0.3898,0.0000,5.4754,4.0355,154,60,24,3,0
casual_1328,102.9923,109.1680,159.1553,23.1015,8.8255,17,0.0018,309.3874,545.8791,0.6186,0.0064,3.1985,0.2466,0.1279,0.8780,0.0802,1.4099,0.1350,0.0000,1.6817,0.8194,114,15,3,12,0
casual_0427,259.3404,68.0419,153.7818,14.8008,13.1038,20,0.0261,310.7957,613.3608,0.3817,0.0250,2.4697,0.4569,0.1170,0.5836,0.1838,1.1584,0.1580,0.0000,1.2296,0.7311,151,23,9,4,0
esport_0124,134.8850,92.4193,38.9605,3.7522,4.4582,80,0.0204,438.3890,610.8539,0.5396,0.0017,2.4244,0.1877,0.0461,0.2722,0.2166,2.0085,0.5839,0.0000,3.6973,5.9554,160,93,15,1,0
casual_0105,223.5604,40.7802,59.6378,9.0788,1.0000,19,0.0324,352.6188,531.7547,0.3212,0.0119,2.5193,0.7384,0.1466,0.5286,0.1239,0.3716,0.2247,0.0000,1.7767,0.1877,148,33,3,7,0
skilled_0041,73.6565,57.4474,98.1626,13.9309,2.6868,35,0.0179,405.8843,578.6115,0.4223,0.0104,2.5784,0.2309,0.1967,0.1873,0.1951,1.7755,0.2693,0.0000,1.6410,2.6472,122,32,12,12,0
casual_0142,283.2131,39.9988,20.0000,14.1283,25.6592,7,0.0179,466.5178,526.2177,0.3475,0.0026,3.1396,0.6504,0.0924,0.5967,0.1986,1.5262,0.1668,0.0000,0.5332,0.0500,35,5,7,3,0
casual_2169,165.6783,106.4824,39.5860,12.3924,7.0647,17,0.0149,424.1572,468.2247,0.3172,0.0039,1.3103,0.5076,0.1666,0.9629,0.0946,0.8740,0.2425,0.0000,1.3885,0.9111,101,24,2,5,0
skilled_0458,92.4549,123.7455,71.1782,11.5336,9.7976,37,0.0175,417.0926,572.0051,0.6914,0.0178,3.2629,0.3029,0.0875,0.6950,0.1864,1.6344,0.3710,0.0000,1.9771,2.3097,129,47,16,8,0
casual_0089,165.2821,84.0675,92.6642,37.1844,16.4610,22,0.0212,453.7609,527.9446,0.1799,0.0206,2.5637,0.4436,0.1772,0.7622,0.1494,0.4700,0.2141,0.0000,1.2539,1.1494,141,30,0,13,0
casual_2918,39.3072,107.5553,123.1475,11.8843,16.8292,5,0.0301,439.0628,620.0000,0.3962,0.0016,2.1706,0.5222,0.1944,0.5875,0.1905,0.6954,0.1650,0.0000,0.7575,0.0500,43,7,10,4,0
skilled_0237,248.4799,71.1066,63.8824,7.2520,9.2250,34,0.0108,435.8031,570.7618,0.6216,0.0123,2.8458,0.2202,0.1047,0.8366,0.1910,1.4954,0.4027,0.0000,3.2203,1.9671,121,48,6,3,0
casual_2241,46.3703,142.0918,124.2606,4.6510,8.0982,13,0.0000,455.3637,537.1770,0.4734,0.0062,2.0542,0.4946,0.1581,0.7463,0.2505,0.2934,0.0885,0.0000,1.6490,1.1258,85,7,10,17,0
skilled_0174,141.2283,121.1014,73.7274,8.1520,11.3016,14,0.0000,495.4136,601.5630,0.5424,0.0074,3.5000,0.4112,0.0418,0.6802,0.1399,1.1040,0.1357,0.0000,2.1393,1.4603,82,11,11,9,0
skilled_0412,195.9035,95.9809,28.2589,8.5664,8.8946,21,0.0020,307.5702,619.9620,0.4676,0.0014,2.6978,0.3305,0.0834,0.7506,0.2947,1.6828,0.4268,0.0000,2.9025,1.1234,66,28,2,12,0
casual_2163,144.7777,107.6497,89.3145,20.0091,1.5393,29,0.0104,445.7060,568.2609,0.1427,0.0073,1.8053,0.7787,0.1805,0.9010,0.1661,1.1696,0.2495,0.0000,0.8185,0.0739,148,36,9,2,0
casual_2636,155.3884,76.8576,64.2013,24.8292,17.3096,5,0.0084,316.9614,562.3080,0.4549,0.0073,2.3080,0.3176,0.1946,0.3650,0.2185,1.2397,0.2605,0.0000,1.1712,1.7976,33,8,8,10,0
casual_1949,279.7399,48.0088,103.0488,24.4293,10.1841,44,0.0093,341.2757,516.3752,0.0601,0.0069,1.2519,0.4293,0.1093,0.7626,0.2198,0.5739,0.1729,0.0000,2.1500,0.9856,178,30,5,10,0
casual_1768,65.7864,52.8552,88.8009,9.3672,3.7284,17,0.0286,442.8794,512.7816,0.5389,0.0330,1.9552,0.5510,0.1619,1.1947,0.1347,0.4468,0.1809,0.0000,0.7870,0.7199,157,28,10,5,0
esport_0040,81.0553,106.5175,77.7622,3.6539,1.5575,52,0.0546,389.5403,622.3885,0.4115,0.0054,2.9240,0.1793,0.0503,0.4398,0.1922,2.1460,0.5182,0.0000,4.9448,4.1306,126,65,11,7,0
casual_2272,233.7340,61.7767,82.4018,20.7594,16.0557,18,0.0354,332.8245,597.7493,0.4421,0.0140,3.2130,0.9339,0.0654,0.7331,0.3770,0.8062,0.1989,0.0000,0.1738,0.2551,85,16,10,8,0
casual_0001,148.4972,43.5673,20.7892,32.5238,6.0903,2,0.0060,359.4206,620.0000,0.8518,0.0003,1.9896,0.5755,0.0940,0.7345,0.3009,1.1810,0.1779,0.0000,0.7358,1.4564,11,1,0,7,0
skilled_0282,65.2884,113.0755,65.9921,10.0216,6.5500,29,0.0087,522.1621,620.0000,0.7268,0.0122,2.7004,0.4046,0.1030,0.4916,0.0816,1.3123,0.2978,0.0000,2.5427,1.3023,97,28,2,10,0
trigger_0032,56.5008,79.4627,54.0255,7.1587,2.9231,37,0.0112,421.4832,603.5169,0.3043,0.0372,2.7891,0.1253,0.0067,0.4419,0.0053,2.5521,0.7344,0.0000,3.3648,5.4866,87,63,33,4,1
casual_1951,33.2540,85.4476,42.2966,15.5964,13.2401,26,0.0180,416.5219,549.9189,0.5266,0.0007,2.0347,0.3012,0.1541,0.2787,0.1258,0.6522,0.3107,0.0000,0.9310,0.7113,120,37,4,12,0
casual_0935,85.8397,81.0265,27.8767,21.6992,11.7015,25,0.0093,359.7559,491.7326,0.1385,0.0014,2.4373,0.4332,0.0786,1.0384,0.2097,1.1433,0.2355,0.0000,1.2851,1.3447,161,37,10,14,0
esport_0046,201.8778,141.8720,97.4176,2.3662,3.2134,22,0.0704,488.6801,614.2804,0.5085,0.0012,2.7574,0.1579,0.0837,0.4035,0.1240,1.6649,0.6132,0.0000,4.2882,3.9530,102,62,26,2,0
casual_2720,168.3180,91.0386,38.2163,12.3559,7.3828,25,0.0160,393.8911,577.1793,0.5608,0.0136,1.9628,0.4903,0.1372,0.7446,0.3041,0.5168,0.0952,0.0000,1.2693,0.0931,124,11,1,17,0
esport_0197,285.9520,97.8389,51.8053,2.2466,4.1347,50,0.0382,499.2745,599.9432,0.1254,0.0107,3.3316,0.2872,0.0517,0.5301,0.1448,1.3042,0.3063,0.0000,3.1242,3.0878,160,49,32,2,0
casual_1109,81.9995,68.9026,20.0000,22.5388,7.2353,35,0.0073,405.3897,523.0304,0.6895,0.0042,1.9257,0.6915,0.1246,0.4702,0.0544,0.4727,0.2583,0.0000,1.4636,0.7086,154,39,7,10,0
skilled_0960,76.2234,64.9743,115.2906,8.8181,5.8523,63,0.0264,524.9148,582.0155,0.5131,0.0174,2.5625,0.3395,0.0410,0.3312,0.1991,1.0207,0.1956,0.0000,1.0507,1.5379,193,37,14,3,0
casual_0591,151.0160,37.7840,110.4840,15.9207,10.3669,25,0.0149,446.5443,536.0832,0.6254,0.0040,2.3300,0.5722,0.2284,0.6057,0.2138,0.8684,0.3546,0.0000,1.1996,0.7919,147,52,7,8,0
casual_1695,171.2344,45.5612,90.5340,7.2745,11.8803,39,0.0024,361.9826,548.4781,0.4054,0.0355,3.5000,0.4849,0.1229,0.5762,0.1217,0.7624,0.1962,0.0000,1.5310,0.7003,155,30,6,16,0
skilled_0450,110.9428,107.2314,71.6440,1.0000,3.1846,30,0.0278,507.3609,590.5150,0.2550,0.0063,2.7404,0.1424,0.0803,0.5141,0.1617,1.0145,0.3624,0.0000,2.0484,3.1334,137,49,9,9,0
casual_2936,116.8277,140.6233,74.3529,15.1997,15.9986,6,0.0022,338.1017,616.5700,0.3509,0.0070,2.1338,0.8294,0.1045,0.4816,0.3392,0.8825,0.1586,0.0000,0.6729,0.8954,34,5,8,10,0
skilled_1204,140.2474,119.9164,59.8031,15.3941,5.0304,70,0.0159,430.1356,620.0000,0.3781,0.0092,2.2436,0.2124,0.1460,0.4344,0.1681,1.3002,0.4159,0.0000,3.3621,2.3138,155,64,14,7,0
skilled_0411,82.7877,96.8876,87.5666,1.2920,7.0365,26,0.0234,386.1855,548.7870,0.3908,0.0090,2.3299,0.4520,0.0686,0.3486,0.2621,1.3737,0.3200,0.0000,1.5818,2.2374,169,54,3,5,0
casual_1576,244.1113,91.1934,61.3453,25.3474,16.3604,24,0.0115,430.4330,420.1585,0.3438,0.0049,2.3879,0.3122,0.2296,0.7551,0.0300,1.5671,0.3044,0.0000,0.5880,1.3004,81,24,0,17,0
skilled_0954,154.2427,120.3228,116.8658,14.7849,4.3517,16,0.0333,389.8288,609.9519,0.4501,0.0051,3.5000,0.5073,0.1761,0.3600,0.3462,1.5584,0.4523,0.0000,3.1588,1.4653,86,38,2,11,0
casual_0213,247.1136,99.2465,74.2701,14.2500,11.6558,36,0.0137,369.5925,466.6443,0.0745,0.0023,2.2275,0.3693,0.0563,0.5979,0.0832,0.1548,0.1891,0.0000,0.5702,0.1016,159,30,10,13,0
casual_0778,238.6931,93.3869,79.7572,25.5775,7.7423,11,0.0298,507.2210,566.9205,0.6052,0.0022,2.7295,0.5414,0.1059,0.2337,0.3260,0.9043,0.1449,0.0000,1.5375,0.8060,45,6,11,15,0
casual_1415,244.8629,84.2495,126.6201,33.9351,7.2500,31,0.0181,434.7861,520.0243,0.3404,0.0009,1.0735,0.9517,0.1323,0.7495,0.2949,0.6912,0.1750,0.0000,0.0779,0.3918,158,27,8,4,0
skilled_0759,54.3490,41.8420,107.1298,7.3165,10.1095,54,0.0683,451.0737,620.0000,0.4849,0.0389,2.6064,0.2274,0.1932,0.6838,0.1529,1.6411,0.3740,0.0000,3.6754,2.8675,163,60,17,8,0
casual_2043,280.8739,75.1863,186.4856,28.8137,13.6926,26,0.0179,468.1333,620.0000,0.2868,0.0160,3.2022,0.5713,0.0977,0.8276,0.1694,0.4746,0.1760,0.0000,0.8868,1.2847,104,18,3,4,0
casual_2848,237.2270,16.1895,121.9203,3.1839,6.4389,28,0.0096,384.1561,572.8105,0.0611,0.0259,2.4779,0.6419,0.1549,0.5953,0.1396,0.7078,0.2458,0.0000,2.6356,1.5723,122,29,7,17,0
esport_0287,63.4561,161.1768,69.0641,11.5647,2.6826,59,0.0317,542.7053,595.2435,0.5798,0.0040,2.6779,0.2118,0.0352,0.4487,0.1706,2.0503,0.4338,0.0000,4.7439,3.2137,194,84,12,2,0
skilled_0505,62.8733,90.3101,77.9020,4.2582,4.0721,18,0.0178,382.6683,604.4074,0.2790,0.0018,2.9155,0.2299,0.0943,0.6248,0.1729,1.0602,0.2661,0.0000,3.0671,1.2969,91,24,2,11,0
skilled_0813,164.6074,78.7132,45.8793,15.2639,11.7075,40,0.0281,472.9048,570.5032,0.2794,0.0217,2.2621,0.2632,0.0938,0.7054,0.2009,1.5322,0.3054,0.0000,2.7758,1.3338,192,58,18,9,0
casual_1567,34.2675,17.9180,146.8057,22.5148,9.9140,20,0.0138,285.9860,620.0000,0.5803,0.0004,2.0437,0.5648,0.1464,0.7912,0.2506,0.9869,0.3256,0.0000,0.0619,1.4083,149,48,6,15,0
casual_0165,130.1490,140.4636,149.9234,13.9781,17.7496,38,0.0097,287.8086,518.2348,0.4954,0.0026,1.6197,0.4880,0.1238,0.3645,0.2421,0.9254,0.1978,0.0000,1.0326,0.5983,171,33,9,2,0
esport_0464,189.6449,113.6260,69.7172,9.8635,7.0622,33,0.0618,419.2143,587.2941,0.5015,0.0026,2.6236,0.0841,0.0572,0.3408,0.1617,2.5395,0.5364,0.0000,4.6333,5.3145,99,53,19,8,0
esport_0022,261.3695,189.7077,38.8059,6.7141,3.7234,26,0.0329,448.0822,617.6725,0.6710,0.0108,3.0238,0.1772,0.0673,0.4903,0.1169,1.7653,0.5179,0.0000,1.9509,1.5246,67,34,8,8,0
trigger_0001,47.6039,128.5122,41.1013,7.6281,1.4138,79,0.0250,455.5448,601.9898,0.4826,0.0112,2.8330,0.0935,0.0022,0.3664,0.0010,2.1428,0.8049,0.0000,3.6872,1.8985,165,132,25,2,1
casual_1343,182.3860,96.8164,208.0971,34.0514,8.8598,26,0.0171,425.0304,526.6232,0.2617,0.0018,1.5869,0.5358,0.2374,0.4483,0.2462,0.5324,0.3093,0.0000,1.3478,1.1747,133,41,2,9,0
casual_2013,149.0909,118.4771,129.9587,18.3733,10.0001,9,0.0118,243.1399,504.6398,0.3642,0.0058,2.2716,0.4750,0.1516,0.9234,0.3281,1.0716,0.1619,0.0000,0.8211,0.6622,43,6,4,9,0
casual_0273,189.6088,86.7892,170.5381,9.5172,10.5494,9,0.0267,560.4741,604.4841,0.4831,0.0103,3.0062,0.4246,0.2572,0.9942,0.3093,0.5067,0.2227,0.0000,1.4532,0.0500,53,11,2,6,0
casual_0071,140.3027,60.7124,20.0000,28.6818,13.0938,13,0.0200,361.2020,579.6454,0.3274,0.0039,1.9943,0.9285,0.0886,0.5468,0.4005,0.4273,0.4720,0.0000,0.8622,0.3373,62,29,1,7,0
skilled_0887,225.9584,80.2816,146.4035,17.5304,9.4269,6,0.0217,454.3570,602.4958,0.4168,0.0028,1.9299,0.3370,0.1970,0.7206,0.1473,1.0737,0.4938,0.0000,1.4802,2.4312,31,15,13,5,0
casual_1087,235.8993,76.8383,106.2008,15.8019,7.0789,5,0.0185,324.7964,620.0000,0.1466,0.0212,2.3427,0.3141,0.1547,0.8595,0.1334,1.4912,0.2343,0.0000,0.7182,0.0944,49,11,4,5,0
casual_0394,33.3217,72.2448,78.2297,21.2089,23.5700,33,0.0276,284.7312,560.5434,0.0832,0.0042,2.0585,0.5475,0.1824,0.6673,0.1514,1.4793,0.1318,0.0000,0.1894,0.8169,135,17,3,13,0
casual_0583,137.6092,85.6261,42.6367,23.7096,10.6763,20,0.0134,283.5655,551.0182,0.4108,0.0043,1.5705,0.3817,0.2290,0.7602,0.3374,1.1479,0.3346,0.0000,0.0000,0.6368,102,34,3,15,0
casual_1367,67.6984,54.4821,108.1940,23.9599,29.7500,6,0.0146,374.9610,574.4436,0.2783,0.0054,1.8263,0.6247,0.1945,0.4690,0.1574,1.1011,0.1338,0.0000,2.1146,0.8909,41,5,3,17,0
trigger_0062,94.2467,85.5458,35.0146,2.2284,0.3000,21,0.0196,450.1887,622.0000,0.4355,0.0063,2.5723,0.0884,0.0019,0.4200,0.0068,2.3879,0.5925,0.0000,3.8399,3.5859,32,18,15,7,1
skilled_1088,82.5572,40.9932,68.1334,6.1224,11.3166,53,0.0171,315.5928,581.8392,0.2855,0.0267,2.3642,0.3161,0.0842,0.3082,0.1633,1.1481,0.3414,0.0000,2.1875,2.4968,186,63,11,10,0
casual_2548,116.3097,51.3543,104.7941,8.2645,8.4428,33,0.0024,217.6062,549.6374,0.1096,0.0026,2.5103,0.6452,0.0732,0.4984,0.2552,0.6777,0.0431,0.0000,0.6207,1.6339,150,6,10,14,0
casual_1013,286.5165,115.7770,197.7743,2.0000,18.9710,31,0.0000,388.0985,620.0000,0.6071,0.0146,2.0373,0.5329,0.1795,0.4713,0.2042,0.5768,0.3004,0.0000,0.0000,0.3809,124,37,6,3,0
speed_0047,30.9620,89.2864,75.1316,11.3019,8.2177,28,0.0182,728.1002,1150.1582,0.7426,0.3541,2.4705,0.4182,0.0396,0.5290,0.0729,1.1252,0.2230,0.0000,2.1563,2.9326,122,27,13,4,1
skilled_0003,77.5573,116.0259,97.1054,17.2932,2.7749,6,0.0087,337.8865,620.0000,0.0500,0.0056,3.1513,0.4535,0.0432,0.5894,0.0343,2.0312,0.2373,0.0000,1.8938,1.7488,38,9,6,7,0
aimbot_0038,175.0215,143.1490,13.9985,1.3277,0.0000,40,0.0197,435.3816,556.6994,0.3971,0.0004,2.5961,0.0458,0.0064,0.3230,0.0489,1.4525,0.8484,0.0000,7.6399,10.2203,54,45,17,5,1
esport_0157,113.3254,139.7939,54.0451,7.7793,7.1523,37,0.0532,517.9993,625.0000,0.5380,0.0132,2.3613,0.1797,0.0278,0.5478,0.1933,0.7706,0.5404,0.0000,5.3054,3.7407,69,37,30,0,0
skilled_0532,245.8741,92.9322,81.5435,12.3259,10.7258,11,0.0182,424.2194,558.6138,0.2579,0.0092,2.5045,0.3334,0.1426,0.5571,0.1091,0.9966,0.3598,0.0000,2.6310,2.1146,62,22,14,12,0
casual_1763,54.3004,95.0669,69.5826,22.7798,11.8556,31,0.0000,322.5063,565.9838,0.3226,0.0053,2.9102,0.4452,0.1812,0.3137,0.2526,1.1665,0.1888,0.0000,1.1468,0.9818,143,27,8,17,0
casual_1875,245.5811,50.1045,105.7175,11.1798,10.7990,12,0.0109,384.5179,554.1853,0.0200,0.0036,2.1468,0.5290,0.0868,0.4438,0.1127,0.4626,0.2808,0.0000,0.8450,0.0500,70,19,4,10,0
casual_1259,299.1028,90.1701,150.7831,14.2854,11.9463,48,0.0165,317.1596,620.0000,0.1957,0.0108,2.0694,0.7492,0.1905,1.0380,0.2157,1.2066,0.1137,0.0000,0.6379,0.5200,173,19,0,16,0
esport_0280,160.7970,150.1130,39.7568,5.2904,7.1258,31,0.0120,411.0413,605.3005,0.7725,0.0132,2.4468,0.2406,0.0572,0.4668,0.1718,1.4723,0.4977,0.0000,6.0088,4.4054,86,42,34,5,0
casual_2253,188.6303,91.5778,187.9027,22.9647,16.8810,27,0.0082,340.2566,574.4632,0.4218,0.0108,2.0758,0.3055,0.2076,0.9607,0.1010,0.5000,0.1440,0.0000,0.6796,0.6680,136,19,5,2,0
casual_2781,57.8972,17.2069,63.0073,22.4910,20.0965,28,0.0285,350.5623,620.0000,0.1914,0.0025,3.2867,0.3839,0.1992,0.5470,0.2586,1.2921,0.1352,0.0000,1.8167,1.4103,175,23,0,1,0
skilled_0592,249.2481,71.1627,48.3725,3.2929,6.9463,29,0.0159,432.6807,575.1110,0.2725,0.0271,2.2515,0.2098,0.1672,0.3781,0.2456,1.3495,0.3651,0.0000,1.4134,0.4640,154,56,15,7,0
casual_0526,288.7759,97.0274,145.1913,32.6725,6.6226,11,0.0000,394.7147,592.1818,0.3870,0.0045,2.2659,0.5287,0.1566,0.9561,0.2577,1.0812,0.1301,0.0000,1.5809,1.3444,100,13,4,13,0
esport_0013,99.9226,135.6720,98.4661,2.0254,1.8121,44,0.0214,398.1609,603.9533,0.5785,0.0002,2.0201,0.1526,0.0702,0.5525,0.0863,1.1201,0.3000,0.0000,4.9304,5.2089,165,49,16,2,0
casual_2946,117.5895,110.5378,60.0763,18.3711,6.4027,36,0.0190,405.2425,509.2153,0.6663,0.0059,1.5458,0.6562,0.1742,0.7462,0.2717,1.6713,0.2710,0.0000,1.7376,1.6712,126,34,4,7,0
casual_0377,148.2341,52.2841,128.3342,18.6729,19.3343,30,0.0321,370.1234,554.1655,0.4224,0.0039,2.8230,0.5699,0.1506,0.5331,0.2496,0.2763,0.2311,0.0000,1.5699,1.0225,151,34,0,15,0
casual_1559,264.1365,44.2658,36.9212,7.5851,15.2705,7,0.0179,419.6667,560.8062,0.2060,0.0112,2.0407,0.7539,0.2780,0.8919,0.3160,0.9012,0.2320,0.0000,2.0672,1.0252,37,8,1,9,0
skilled_0820,136.2554,98.5920,73.2276,12.6344,7.0104,32,0.0261,358.0650,604.9788,0.5174,0.0028,2.6388,0.3141,0.0579,0.4326,0.2003,1.3400,0.3920,0.0000,2.2027,0.8883,92,36,15,4,0
casual_1963,71.4665,91.5125,33.8933,12.6164,11.6565,12,0.0205,469.2191,537.6955,0.3229,0.0057,2.4414,0.2978,0.2196,0.5925,0.1418,0.3806,0.3784,0.0000,0.5543,1.1405,70,26,6,7,0
esport_0482,159.6941,162.7453,32.4638,6.8856,4.8385,87,0.0219,455.8864,605.8345,0.4447,0.0355,2.5886,0.1064,0.0474,0.4003,0.1145,1.2383,0.4687,0.0000,6.2513,4.7725,156,73,8,5,0
casual_0348,189.3205,96.9011,228.5965,5.8503,14.0128,6,0.0079,303.1352,577.6687,0.2029,0.0170,3.0701,0.5239,0.1533,0.2890,0.2469,0.4746,0.2428,0.0000,0.7154,1.3468,71,17,11,5,0
casual_2434,218.2639,133.5136,73.6904,17.2982,15.2702,26,0.0046,464.2202,567.7314,0.5189,0.0023,2.1574,0.5743,0.3033,0.2521,0.1744,0.6694,0.3612,0.0000,2.5538,0.5746,109,39,4,12,0
casual_2246,100.7120,46.6917,191.8212,16.0571,15.1111,35,0.0090,515.5135,535.3313,0.4446,0.0049,1.8415,0.4200,0.1086,0.6698,0.2833,0.8868,0.1698,0.0000,1.5148,0.9536,155,26,10,3,0
skilled_1166,193.4066,117.8850,124.8524,7.7310,1.0000,16,0.0268,356.5390,557.2489,0.4833,0.0096,2.8741,0.4068,0.0528,0.5609,0.0564,1.6302,0.2855,0.0000,1.6149,2.0714,70,19,5,12,0
casual_1709,106.6939,100.8323,33.3901,10.3651,10.9560,32,0.0163,476.3229,545.6379,0.5414,0.0009,2.7619,0.4426,0.2139,0.8705,0.3050,1.0117,0.1120,0.0000,1.0228,0.0500,128,14,3,8,0
casual_1050,210.3193,22.1286,38.8998,18.0030,10.8914,2,0.0188,307.5150,584.2887,0.2766,0.0043,2.6630,0.5865,0.1351,0.8014,0.2226,0.8462,0.0624,0.0000,1.2081,0.8504,10,0,7,4,0
casual_0590,280.4143,14.5039,130.4198,23.7521,16.7624,7,0.0085,379.9895,506.0996,0.2538,0.0060,2.7787,0.2000,0.2413,0.8308,0.2695,0.6171,0.0200,0.0000,1.2913,0.4577,57,1,8,7,0
casual_0519,253.3368,137.9303,83.9064,36.7305,10.9155,28,0.0136,297.6713,579.7789,0.4028,0.0092,2.3880,0.5225,0.1887,0.7887,0.1904,1.0247,0.2663,0.0000,0.8056,0.4227,141,37,6,1,0
aimbot_0002,85.2869,113.0023,14.2288,2.1280,0.0000,56,0.0786,312.0166,555.2971,0.5486,0.0257,2.1518,0.0583,0.0122,0.5409,0.0648,1.9652,0.7402,0.0000,5.5069,6.3803,83,61,20,0,1
esport_0058,113.6249,117.4786,18.1923,2.5706,2.2951,24,0.0430,475.9715,619.3463,0.7429,0.0176,2.4564,0.1972,0.0584,0.2913,0.1644,1.9221,0.3993,0.0000,3.7105,3.9088,91,36,31,3,0
casual_2477,82.1168,97.2026,139.4758,2.8659,24.3812,7,0.0129,305.6800,620.0000,0.3159,0.0035,1.9037,0.6478,0.0828,0.7903,0.1865,0.5159,0.1240,0.0000,1.1123,0.2415,113,14,11,3,0
casual_1083,257.6972,122.8052,173.8918,19.7075,12.2386,7,0.0126,249.9475,593.3895,0.1852,0.0086,2.5224,0.6352,0.1565,0.3343,0.2266,1.1258,0.2406,0.0000,0.4332,0.4574,45,10,3,5,0
skilled_0588,185.0550,120.6687,84.1319,11.3313,7.2037,13,0.0415,580.5751,616.9492,0.1786,0.0066,2.2439,0.2606,0.0754,0.4893,0.1925,1.9581,0.3185,0.0000,1.9722,1.5070,76,24,2,3,0
aimbot_0028,179.5883,149.9742,7.8924,2.7110,0.6280,120,0.0972,347.7406,590.0728,0.4453,0.0068,2.3398,0.0284,0.0020,0.5017,0.0199,1.8315,0.8650,0.0000,8.3510,5.7894,135,116,26,0,1
esport_0259,84.5549,118.4860,86.3690,6.6764,5.4515,10,0.0109,344.8307,625.0000,0.5027,0.0146,3.1686,0.1885,0.0767,0.5038,0.1784,1.5366,0.4321,0.0000,4.7125,5.2923,58,25,25,7,0
casual_1294,123.3473,138.2549,126.9719,6.6605,18.0442,13,0.0328,512.5422,575.8312,0.4331,0.0000,2.5787,0.6306,0.1233,1.0996,0.2437,1.1715,0.1438,0.0000,1.7984,0.6671,69,9,7,5,0
casual_1809,53.4121,66.3325,20.0000,20.2743,13.1401,51,0.0326,347.8856,495.3777,0.7770,0.0143,2.8300,0.7470,0.0674,0.7441,0.2655,0.5274,0.3466,0.0000,1.1495,1.8053,153,53,4,10,0
casual_0791,141.7870,66.4728,122.9915,13.1662,12.3928,19,0.0087,359.1461,526.8166,0.6051,0.0189,1.9341,0.4665,0.0570,0.5819,0.3100,0.2724,0.1362,0.0000,1.4984,0.3596,128,17,11,14,0
casual_0792,115.7616,118.5447,20.0000,2.1731,23.2130,1,0.0007,435.7472,525.7334,0.5908,0.0180,2.6116,0.2024,0.1617,0.6133,0.1689,1.2246,0.2319,0.0000,0.9313,0.5843,36,8,7,3,0
skilled_1114,89.6776,124.5329,53.4538,14.8379,3.2928,8,0.0270,348.7088,612.1880,0.6435,0.0002,1.8256,0.4541,0.0300,0.3315,0.2336,1.7802,0.2690,0.0000,0.7726,1.4677,43,11,12,3,0
casual_1855,299.6837,139.3420,83.2674,15.0451,14.3473,20,0.0194,244.4474,448.9802,0.4303,0.0000,1.8840,0.4489,0.1739,0.8204,0.1804,0.9028,0.0200,0.0000,2.3082,1.3790,119,2,0,8,0
aimbot_0007,152.3842,162.2753,22.0877,1.8339,0.9685,86,0.0678,393.2763,593.7060,0.2203,0.0003,2.5965,0.0201,0.0161,0.1851,0.0905,1.6943,0.7471,0.0000,6.0015,6.1836,125,93,19,3,1
casual_1980,262.0815,31.9092,20.0000,23.1110,27.5464,34,0.0152,292.6616,583.6107,0.4755,0.0117,2.4788,0.6108,0.0991,1.1878,0.3275,0.6877,0.0200,0.0000,0.4406,1.5766,145,2,5,14,0
skilled_0233,234.1508,115.8443,156.4234,12.0540,4.5011,11,0.0373,439.5886,570.4764,0.3959,0.0038,2.5018,0.1677,0.1626,0.3377,0.0956,0.5949,0.4050,0.0000,0.6457,1.9867,31,12,3,13,0
skilled_0908,210.7474,104.9161,83.2479,4.5959,5.5039,29,0.0242,384.8462,609.6001,0.5480,0.0055,2.5711,0.4698,0.1937,0.4469,0.0936,1.0515,0.2380,0.0000,1.7193,1.7606,105,24,18,0,0
trigger_0059,67.8514,64.4760,33.6025,4.0202,2.7283,71,0.0000,242.6004,606.7500,0.3766,0.0237,2.3155,0.1284,0.0066,0.4860,0.0039,1.9081,0.6093,0.0000,4.1297,3.5314,115,70,21,4,1
skilled_0328,275.7196,101.0743,45.9895,1.0000,8.9934,6,0.0216,438.3078,589.3093,0.4886,0.0212,2.6365,0.3053,0.0999,0.7298,0.2287,1.6243,0.4382,0.0000,1.5491,1.3904,51,22,2,8,0
casual_1530,113.2500,48.4057,60.0428,22.1910,13.4218,25,0.0010,384.8614,473.6988,0.2285,0.0002,2.7552,0.2495,0.0801,0.7696,0.2493,0.8301,0.0200,0.0000,0.2306,1.1380,99,1,11,1,0
casual_1410,254.1052,53.0320,102.6183,5.3731,3.0881,31,0.0279,383.4567,617.5661,0.4295,0.0006,2.4264,0.4219,0.0400,0.7099,0.3391,0.2684,0.2954,0.0000,1.4807,0.3498,172,50,3,7,0
esport_0044,252.8233,125.8377,18.1983,8.5126,6.2226,91,0.0525,418.0088,611.9507,0.5512,0.0122,2.5163,0.1312,0.0417,0.4693,0.1457,1.6959,0.6486,0.0000,1.5000,6.3841,178,115,29,7,0
esport_0398,104.0356,116.0375,37.1274,4.6309,4.1929,27,0.0686,490.0275,584.4370,0.4349,0.0165,2.8120,0.1222,0.0200,0.1706,0.0504,1.9547,0.6042,0.0000,2.3569,3.7048,72,43,9,7,0
casual_0083,75.0827,47.9163,151.2966,14.3580,14.1884,4,0.0272,393.7761,496.8218,0.3406,0.0071,2.9762,0.7304,0.1519,0.9069,0.1786,0.8657,0.0771,0.0000,0.2212,0.0500,13,1,9,9,0
casual_0868,56.9629,43.7938,152.5267,5.9305,20.0411,14,0.0000,319.8982,505.9111,0.5834,0.0038,1.7619,0.4916,0.0423,0.6265,0.1136,0.8278,0.1098,0.0000,0.1551,1.2590,78,8,7,9,0
casual_2350,45.1980,101.7891,91.0071,9.1916,4.6391,15,0.0353,458.1801,565.4317,0.5354,0.0030,1.3275,0.6212,0.1443,0.4249,0.0601,0.4671,0.1673,0.0000,1.3440,0.9846,76,12,5,17,0
casual_0020,234.6837,10.0000,121.3384,25.7636,10.8636,8,0.0085,567.7244,620.0000,0.3209,0.0080,3.2086,0.8219,0.0572,0.5956,0.2201,1.1347,0.0902,0.0000,1.8747,0.8240,70,6,9,8,0
skilled_0424,131.7357,75.9557,62.6545,4.8853,4.9678,29,0.0293,502.2998,583.3126,0.5260,0.0048,3.1843,0.4404,0.1147,0.7212,0.1457,1.7671,0.3906,0.0000,3.1872,1.8079,109,42,7,0,0
casual_2795,186.5095,110.1582,115.9237,5.7665,11.3826,27,0.0183,438.2772,517.0280,0.2501,0.0032,3.2321,0.5652,0.2639,0.5597,0.2532,1.4354,0.2321,0.0000,0.3332,1.4357,142,32,8,7,0
esport_0322,142.4971,124.2696,46.9886,4.6740,4.6888,58,0.0556,409.6642,574.0439,0.7848,0.0000,3.0677,0.2476,0.0598,0.3959,0.0559,1.5013,0.4123,0.0000,6.1556,4.4892,161,66,31,6,0
casual_1562,270.2405,21.9432,175.4342,13.5087,1.0000,29,0.0276,251.5025,521.6515,0.2858,0.0009,2.1772,0.4301,0.2024,0.7614,0.1319,0.8735,0.4544,0.0000,0.3105,0.1715,156,70,4,12,0
skilled_0093,234.5797,67.5741,112.5115,16.0805,9.8910,16,0.0183,390.3351,614.0701,0.5733,0.0230,2.9642,0.2985,0.0646,0.4228,0.1151,1.2795,0.2853,0.0000,1.4445,1.7609,67,19,6,0,0
skilled_0155,256.0686,123.5311,56.3914,11.9123,1.0000,6,0.0148,364.1239,568.4169,0.2845,0.0033,3.0999,0.2345,0.0947,0.3559,0.2406,1.4096,0.3544,0.0000,3.6149,1.8615,41,14,5,11,0
casual_0973,277.5491,14.1794,48.6959,17.4747,15.6601,27,0.0328,310.4904,620.0000,0.3854,0.0015,1.7250,0.5085,0.2112,0.5263,0.2864,0.4691,0.3060,0.0000,0.7105,0.0505,105,32,10,7,0
casual_1710,242.7041,69.3356,58.8152,19.4633,9.0630,9,0.0200,384.9855,620.0000,0.4477,0.0001,1.9530,0.4213,0.1548,0.8586,0.1411,0.6371,0.1140,0.0000,0.7375,0.0500,44,5,2,1,0
skilled_0201,81.9731,96.7615,56.2684,7.4187,5.8153,40,0.0000,323.4240,583.7830,0.7025,0.0128,2.0556,0.3761,0.0815,0.5553,0.3554,0.7660,0.3170,0.0000,1.9270,1.4523,83,26,10,9,0
esport_0121,227.4306,144.0750,56.9968,8.6180,5.4967,54,0.0422,547.5241,622.3275,0.9254,0.0020,2.5374,0.2316,0.0200,0.5638,0.1453,2.4046,0.7800,0.0000,2.5160,3.0734,185,144,23,0,0
aimbot_0069,63.7229,171.8837,19.1262,0.0272,2.2253,56,0.0678,425.1939,553.7208,0.5543,0.0273,2.0074,0.0726,0.0069,0.7294,0.0777,2.0344,0.8252,0.0000,5.4399,5.7812,73,60,18,0,1
casual_1098,262.3539,53.8425,184.0154,23.3957,9.5066,18,0.0153,456.7592,583.9064,0.1890,0.0088,2.3460,0.6225,0.1016,0.7318,0.0300,0.8763,0.1278,0.0000,0.7115,1.8134,61,7,10,1,0
skilled_1161,96.7935,73.1088,103.6262,5.0019,11.3791,29,0.0273,469.8637,574.8584,0.4090,0.0127,2.8262,0.3412,0.1051,0.1330,0.0987,0.7989,0.3506,0.0000,2.3164,1.8453,94,32,2,12,0
casual_2844,86.5454,75.9719,42.4248,16.7840,17.7516,17,0.0180,337.3662,603.6202,0.3286,0.0335,2.1969,0.2000,0.2194,0.8544,0.3714,1.0095,0.1376,0.0000,1.9275,1.4865,88,12,2,12,0
casual_0886,136.4089,59.4892,69.1821,8.3424,5.1981,10,0.0000,245.8742,612.5429,0.6282,0.0005,3.4389,0.6965,0.1792,0.8123,0.3848,1.4409,0.2817,0.0000,0.9693,0.6732,38,10,3,9,0
trigger_0006,91.5796,90.2922,33.3697,12.3483,6.4684,38,0.0284,496.0079,529.1697,0.4362,0.0199,1.6260,0.0847,0.0071,0.4871,0.0046,2.8709,0.5868,0.0000,4.8260,3.0474,81,47,10,1,1
skilled_0678,177.3767,98.9817,44.8941,16.5432,5.8640,9,0.0141,326.0501,602.2231,0.4196,0.0185,2.8877,0.4072,0.0785,0.7324,0.0940,1.1861,0.5435,0.0000,1.6520,1.6219,67,36,18,8,0
esport_0330,236.8781,124.0577,69.8570,2.0221,3.1574,55,0.0527,417.7165,625.0000,0.7406,0.0013,2.7873,0.1379,0.0632,0.5957,0.0824,2.8809,0.5081,0.0000,5.3649,4.9111,135,68,28,5,0
skilled_0566,144.7429,55.7208,71.7032,8.1247,12.4111,20,0.0271,367.2198,602.3022,0.5377,0.0011,2.6411,0.3531,0.0300,0.4262,0.2406,0.7996,0.2734,0.0000,2.0166,1.5962,62,16,4,0,0
esport_0151,147.4677,141.2588,73.4323,5.7341,3.1700,66,0.0836,449.5994,588.8237,0.4792,0.0083,3.0979,0.1744,0.0496,0.3123,0.1834,0.8744,0.6321,0.0000,5.5706,4.1176,163,103,6,7,0
casual_0515,76.7085,51.1595,77.3224,10.5724,13.3557,11,0.0031,466.8546,563.3035,0.1459,0.0114,3.1213,0.5874,0.1970,0.7940,0.2050,0.9616,0.2207,0.0000,2.2970,0.5259,96,21,5,2,0
esport_0370,276.3283,113.2958,63.6519,2.2747,1.7364,37,0.0396,361.8527,615.7159,0.3716,0.0033,2.5111,0.1566,0.0367,0.6037,0.1789,2.4682,0.4218,0.0000,5.0300,2.6137,108,45,34,3,0
casual_0737,111.5593,87.0759,91.3907,7.8397,7.1537,24,0.0146,487.3743,526.2359,0.3128,0.0045,2.5945,0.4707,0.0656,0.6501,0.2734,1.2596,0.1410,0.0000,0.5337,0.6810,135,19,11,5,0
casual_1453,286.1876,60.0830,134.8165,3.2367,8.4125,38,0.0195,379.6035,620.0000,0.6935,0.0087,2.2926,0.6820,0.1846,0.3671,0.1945,1.2574,0.2637,0.0000,1.5561,0.2322,166,43,4,4,0
skilled_0971,42.3076,124.1950,142.5966,7.5035,9.0140,63,0.0112,478.8049,620.0000,0.4858,0.0045,2.3741,0.4361,0.1094,0.2878,0.1733,1.5518,0.3185,0.0000,1.2259,3.6019,190,60,11,5,0
esport_0450,146.8903,103.6622,37.5936,2.8780,4.8012,25,0.0093,429.3627,582.0095,0.5033,0.0085,2.6381,0.1672,0.0494,0.4403,0.1555,2.1780,0.6661,0.0000,2.7291,2.3855,62,41,33,1,0
casual_2506,283.8949,86.9295,95.5613,25.1465,2.0709,2,0.0097,502.9386,549.8329,0.3377,0.0030,2.9666,0.5894,0.2396,0.5146,0.3664,0.4788,0.1321,0.0000,1.0070,0.1528,11,1,10,15,0
casual_2994,182.0129,101.3523,75.8631,15.4869,10.1067,8,0.0040,381.5401,476.3651,0.4991,0.0172,1.8237,0.5874,0.1408,0.1992,0.1810,0.8258,0.1605,0.0000,1.0892,1.1449,74,11,7,3,0
casual_2126,121.5321,71.2043,168.9956,21.8689,16.4297,32,0.0436,364.8534,555.0608,0.2186,0.0089,2.7711,0.5787,0.1446,0.6600,0.2269,1.1924,0.1838,0.0000,1.7508,0.1759,134,24,3,12,0
casual_2926,214.6800,116.0333,40.9122,19.8463,11.0516,24,0.0117,423.7529,587.2606,0.1824,0.0007,2.0364,0.4935,0.1605,0.5099,0.4522,0.7362,0.2936,0.0000,1.7293,0.0500,167,49,1,17,0
esport_0495,109.0512,153.2000,69.2648,8.9112,1.6655,10,0.0560,337.1500,610.2350,0.6099,0.0139,2.7240,0.1499,0.0723,0.1234,0.1666,2.3969,0.4712,0.0000,2.4685,5.5497,30,14,20,6,0
casual_0906,163.7868,64.0645,94.8246,23.0305,10.6588,8,0.0122,548.1106,596.8287,0.3804,0.0086,1.5058,0.4666,0.1347,0.8040,0.2194,0.4777,0.1980,0.0000,0.6331,1.2767,40,7,3,4,0
skilled_0647,42.8630,83.1756,57.3764,6.2733,2.4721,33,0.0110,366.1426,555.9667,0.2497,0.0099,2.9616,0.2722,0.1611,0.4614,0.2077,1.8088,0.2857,0.0000,2.3824,1.1892,157,44,15,12,0
casual_1030,181.6911,54.0709,122.7790,27.6744,2.7517,35,0.0162,567.3691,533.5329,0.4311,0.0203,2.7457,0.4446,0.0718,0.6271,0.2020,1.0326,0.2706,0.0000,0.9133,0.8642,170,45,1,14,0
casual_2507,283.0069,69.7981,50.6504,22.2472,6.6006,4,0.0113,491.5719,570.1951,0.1052,0.0100,1.7064,0.5543,0.1505,0.8271,0.3640,0.1810,0.1970,0.0000,2.0210,0.6483,25,4,4,10,0
casual_2428,200.5397,74.8169,85.0776,22.7360,7.6555,11,0.0243,237.9185,619.7932,0.6467,0.0006,2.0707,0.5580,0.2704,0.6228,0.1168,0.7861,0.1710,0.0000,0.6394,0.3040,154,26,0,4,0
casual_0947,259.8604,52.8961,20.0000,36.5202,10.1815,34,0.0486,350.9100,588.7812,0.3530,0.0051,2.4315,0.5694,0.2063,0.4526,0.3248,0.7264,0.1459,0.0000,1.5047,1.2066,157,22,9,14,0
skilled_0806,199.9897,93.5161,131.0088,10.9680,5.1128,36,0.0084,440.6130,580.0979,0.4726,0.0123,2.4701,0.2394,0.1428,0.7780,0.1114,1.7754,0.4127,0.0000,2.2651,0.2948,128,52,7,4,0
aimbot_0004,54.4441,142.1033,12.1081,2.7995,0.0220,92,0.0671,536.0382,554.9827,0.4471,0.0010,2.2775,0.0822,0.0093,0.3572,0.0233,2.1230,0.7993,0.0000,5.7525,4.4017,133,106,14,5,1
casual_0715,79.9984,117.8591,51.7272,5.6238,7.7941,16,0.0121,178.6070,529.1997,0.2428,0.0027,1.5349,0.7342,0.1150,0.5787,0.1982,0.7779,0.2032,0.0000,1.1284,0.4248,81,16,8,1,0
skilled_1055,196.8667,107.9980,133.3552,20.8015,10.0895,4,0.0223,367.8097,602.4376,0.4101,0.0236,1.8929,0.2228,0.1671,0.4100,0.1442,1.2680,0.3809,0.0000,2.9150,0.8963,37,14,17,1,0
casual_0686,143.5031,60.7061,70.4945,20.7729,9.8742,11,0.0207,251.1237,563.1246,0.4027,0.0172,1.5862,0.7337,0.1980,0.5108,0.1791,1.6690,0.3753,0.0000,0.1111,1.5198,55,20,7,11,0
casual_0703,266.0649,60.7743,83.9176,10.9588,6.6403,22,0.0000,431.0198,620.0000,0.5857,0.0018,1.7676,0.5874,0.1551,0.6804,0.0890,1.7331,0.0200,0.0000,0.4659,0.3781,155,3,5,10,0
skilled_0341,267.2201,88.0828,60.8353,6.8310,4.0320,11,0.0122,386.9266,620.0000,0.3508,0.0150,2.5463,0.3455,0.0502,0.7554,0.0200,1.1600,0.2283,0.0000,1.1145,2.1008,42,9,15,0,0
casual_2353,178.0338,36.9289,49.6879,27.2251,24.2949,38,0.0196,254.8860,551.3256,0.1313,0.0078,3.0768,0.2892,0.1159,0.4334,0.4344,1.0393,0.0200,0.0000,1.3075,0.7558,161,3,1,16,0
casual_2257,244.2916,73.7270,130.0405,2.0000,10.0089,17,0.0246,471.0639,611.1257,0.4410,0.0020,2.0841,0.7547,0.2152,0.7088,0.2299,1.4970,0.1378,0.0000,1.2901,0.6900,81,11,9,6,0
skilled_0551,273.3144,110.4114,54.1989,14.6937,11.8603,9,0.0122,427.4683,562.2701,0.5071,0.0047,3.3168,0.4887,0.1597,0.5364,0.1628,1.0183,0.3165,0.0000,3.5969,1.3485,32,10,7,10,0
casual_0473,66.2055,94.8382,78.2521,15.9391,11.8638,30,0.0014,513.6163,580.2541,0.4144,0.0102,2.7924,0.5919,0.1527,0.3229,0.2802,0.8256,0.1820,0.0000,0.9398,0.9318,167,30,11,8,0
casual_0021,125.7220,10.0000,89.6614,22.5814,15.3949,33,0.0247,600.0000,489.2901,0.6458,0.0005,1.6126,0.7709,0.1016,0.4250,0.0300,0.1000,0.2246,0.0000,0.7031,0.7860,118,26,3,11,0
casual_2752,256.0935,10.0000,111.6226,12.7652,13.9661,39,0.0239,312.7085,592.3619,0.3012,0.0270,2.1265,0.3089,0.2212,0.7855,0.2114,0.3905,0.2940,0.0000,0.7046,0.9146,123,36,4,7,0
casual_0885,131.8456,124.6123,106.7002,15.5395,8.6942,4,0.0150,319.1874,601.1975,0.3660,0.0073,2.4084,0.3204,0.0441,0.1500,0.0812,0.4697,0.2738,0.0000,0.9011,1.6420,18,4,7,7,0
casual_2448,187.4041,46.6497,95.1895,22.5307,5.1996,31,0.0202,339.8670,591.7238,0.3642,0.0010,1.4438,0.8059,0.2024,0.7632,0.3369,0.5752,0.1127,0.0000,1.4877,0.7085,108,12,8,7,0
casual_0917,67.2043,90.6887,161.5129,21.1383,10.2402,31,0.0162,455.3970,608.1988,0.3126,0.0141,1.9834,0.2411,0.1366,0.5633,0.3189,1.0341,0.2962,0.0000,0.9847,0.8941,169,50,11,1,0
skilled_0757,258.9704,76.8850,98.5105,6.6315,5.6719,31,0.0179,374.1646,618.4839,0.3078,0.0065,2.5478,0.3680,0.1322,0.3700,0.1961,1.1824,0.4674,0.0000,1.2336,1.0705,126,58,4,3,0
skilled_0751,77.1456,90.2487,88.5619,3.4165,8.4980,47,0.0111,326.0258,568.9377,0.5412,0.0225,3.2312,0.2906,0.0941,0.4850,0.1006,1.4141,0.3565,0.0000,0.7482,2.6556,193,68,2,0,0
casual_2239,175.0366,54.8814,83.6843,20.9417,6.1888,4,0.0000,491.0103,527.6384,0.4722,0.0058,2.6505,0.6465,0.0418,0.4811,0.3104,1.5905,0.1453,0.0000,0.1516,0.8683,26,3,11,16,0
skilled_0844,166.5012,111.1075,32.5320,6.5963,8.6834,13,0.0424,460.3974,582.2474,0.8116,0.0034,2.5766,0.4270,0.1848,0.2398,0.1617,1.3920,0.3505,0.0000,2.6323,1.6839,66,23,10,1,0
skilled_0395,40.9157,64.9576,95.6368,1.0000,5.2294,52,0.0225,461.0930,587.8682,0.4153,0.0044,1.8993,0.2649,0.0391,0.6604,0.1643,1.5860,0.3020,0.0000,1.4094,0.3436,188,56,3,12,0
casual_1265,247.6716,10.0000,49.3985,17.5077,15.5260,16,0.0082,385.7164,598.4975,0.3780,0.0208,1.9370,0.5042,0.0686,0.4279,0.1668,0.7831,0.1392,0.0000,0.6508,1.1808,100,13,6,8,0
casual_0483,115.6010,74.0296,168.0170,16.2337,9.9332,24,0.0326,460.7945,584.5207,0.6479,0.0175,1.9557,0.3822,0.0869,0.4100,0.1244,0.8982,0.1466,0.0000,0.8509,1.0212,146,21,0,17,0
esport_0087,65.1960,135.7933,67.2730,1.3881,1.8807,13,0.0891,474.5714,603.1986,0.3497,0.0067,3.2040,0.2198,0.0874,0.5446,0.0929,2.3582,0.7147,0.0000,2.9261,5.0674,39,27,21,3,0
casual_2963,189.8883,90.1624,144.5022,13.4829,13.8773,20,0.0175,309.4182,525.1594,0.6326,0.0203,2.2100,0.6909,0.1577,0.6360,0.1000,1.4250,0.0388,0.0000,0.7807,0.5396,152,5,4,10,0
casual_1219,47.8414,83.1624,160.4608,24.8425,7.5908,15,0.0257,212.8503,572.0528,0.6796,0.0108,2.0440,0.8380,0.0500,0.4850,0.1459,0.2845,0.2360,0.0000,0.0000,1.3537,156,36,10,4,0
casual_0277,166.2221,71.4422,68.7248,17.5870,1.0449,19,0.0158,380.8390,588.0482,0.2681,0.0094,1.3489,0.7448,0.1620,0.7111,0.0394,1.0879,0.0666,0.0000,0.0000,1.3482,99,6,2,14,0
casual_0988,122.4490,58.9356,28.8696,35.9162,1.0000,6,0.0000,360.3651,483.4887,0.4267,0.0400,1.2866,0.3009,0.1653,0.1500,0.1655,0.8069,0.1632,0.0000,1.5920,0.5184,30,4,1,17,0
casual_2084,212.1994,52.1346,157.4602,16.4241,11.3446,19,0.0303,269.5429,606.3382,0.3532,0.0019,2.3329,0.4312,0.1160,0.9702,0.2278,0.7204,0.2278,0.0000,1.0632,0.4182,69,15,6,9,0
casual_1245,101.4979,10.0000,130.9559,21.7691,10.1321,5,0.0076,383.7318,620.0000,0.5537,0.0145,1.9545,0.5461,0.0781,0.2818,0.0343,0.6250,0.1236,0.0000,1.1524,1.0829,32,3,10,7,0
casual_2382,70.6622,107.5387,122.7311,16.8315,21.7083,26,0.0054,323.4035,512.1845,0.1637,0.0031,1.7940,0.2053,0.2206,0.9992,0.2744,1.2263,0.0601,0.0000,0.2702,0.8510,154,9,5,5,0
casual_0571,258.0093,75.6534,108.1535,17.9072,11.6428,4,0.0255,310.7270,540.3502,0.5970,0.0040,2.9026,0.6251,0.2046,1.0845,0.1958,0.7461,0.0304,0.0000,1.2488,1.0686,19,0,8,13,0
casual_1435,293.4487,65.1971,167.4659,32.3344,20.3068,4,0.0192,265.8208,583.6170,0.3444,0.0056,2.2989,0.4912,0.2137,0.6832,0.2194,0.4845,0.1587,0.0000,0.9412,1.5320,62,9,10,7,0
casual_0993,87.2277,97.6526,32.5662,14.8104,1.0000,29,0.0042,387.7074,592.6237,0.0200,0.0002,1.6594,0.4397,0.2655,0.6967,0.3723,0.4198,0.3064,0.0000,1.1634,0.4523,174,53,3,14,0
skilled_0930,99.9119,55.8592,130.9367,11.9503,4.6352,19,0.0175,505.3511,593.9769,0.5956,0.0036,2.2246,0.3119,0.0739,0.5042,0.1950,1.3644,0.2485,0.0000,2.4466,1.3249,82,20,4,9,0
skilled_0447,263.6059,122.5524,118.3828,9.3845,8.6580,16,0.0306,528.0686,600.5778,0.3645,0.0021,2.8456,0.4067,0.1841,0.2351,0.1150,1.7160,0.3280,0.0000,2.4983,1.1976,61,20,19,11,0
casual_0585,200.3247,70.4402,120.7212,18.8993,10.9132,21,0.0000,340.8997,620.0000,0.0576,0.0031,1.7867,0.4014,0.0400,0.4173,0.2727,0.6664,0.0200,0.0000,0.2402,1.2216,76,1,4,9,0
skilled_0658,62.2595,85.6710,49.1810,1.9130,5.2722,31,0.0254,500.3870,620.0000,0.3419,0.0206,2.5779,0.1820,0.0518,0.5364,0.2609,1.4976,0.2855,0.0000,1.6957,1.0324,121,34,19,8,0
casual_2514,92.8377,68.8091,136.4034,11.4682,23.3757,29,0.0273,338.4786,547.1191,0.4914,0.0165,2.7657,0.9399,0.0466,0.3423,0.1649,0.2794,0.1847,0.0000,0.8773,1.1144,122,22,4,12,0
casual_1349,61.9678,97.9251,162.4526,12.7015,5.0684,25,0.0108,144.3189,613.2286,0.1012,0.0010,2.2917,0.3882,0.1434,0.2959,0.1576,0.7495,0.3260,0.0000,0.8991,0.2611,121,39,8,16,0
casual_1007,116.1723,74.0313,58.4651,23.1206,12.3474,28,0.0201,479.9267,542.4673,0.6272,0.0028,2.2500,0.3939,0.1087,0.9840,0.2196,1.0728,0.4333,0.0000,0.1451,0.9360,132,57,0,3,0
casual_0674,190.7075,121.3829,97.0981,26.8587,3.9203,15,0.0000,388.8376,612.9271,0.4916,0.0066,2.0039,0.4440,0.0978,0.8774,0.2786,0.4965,0.1426,0.0000,1.7426,0.9065,77,10,6,17,0
casual_2412,142.5664,46.6112,147.2540,20.8855,21.1877,15,0.0134,338.8104,534.3459,0.2119,0.0049,1.7740,0.4335,0.1778,0.4983,0.4448,0.8377,0.2443,0.0000,0.5765,0.7049,92,22,7,17,0
casual_2903,299.2086,102.4232,106.6676,3.5097,9.5299,4,0.0342,337.1271,551.9508,0.7940,0.0014,2.7747,0.6735,0.1459,0.8779,0.2678,1.1611,0.3646,0.0000,0.7870,1.9032,32,11,1,8,0
casual_0447,195.1168,77.9051,80.4818,25.8239,10.7724,28,0.0130,358.9080,602.5179,0.0896,0.0091,2.1828,0.4134,0.2220,0.7584,0.1039,0.9485,0.2465,0.0000,1.3441,0.8222,166,40,10,10,0
skilled_0834,201.5528,82.7401,96.5907,6.0834,4.4308,30,0.0229,529.5118,578.0737,0.3717,0.0136,3.2035,0.3848,0.0666,0.2587,0.1156,1.1409,0.4294,0.0000,1.4759,0.6761,79,33,17,6,0
skilled_0758,166.3291,102.0789,15.0000,9.4148,6.0352,5,0.0274,435.9437,587.0445,0.4557,0.0241,3.2829,0.2852,0.1243,0.5833,0.0653,0.9116,0.3513,0.0000,3.8013,3.1146,23,8,12,6,0
skilled_0703,107.3564,102.6850,102.8995,5.0429,11.4919,42,0.0080,307.0272,555.9655,0.3751,0.0137,2.5281,0.3083,0.0475,0.4088,0.2658,0.8631,0.3075,0.0000,1.6949,2.4495,103,31,2,3,0
casual_0359,191.8902,52.6838,105.1729,2.8549,19.1920,11,0.0137,272.5203,505.3662,0.4224,0.0013,2.1360,0.5498,0.2198,0.4590,0.2440,0.7029,0.0353,0.0000,1.1019,0.0500,41,1,11,10,0
casual_2064,144.3869,97.3238,33.9933,36.3242,13.6544,15,0.0348,437.7181,620.0000,0.4878,0.0011,2.7132,0.6666,0.1426,0.4959,0.2493,0.6598,0.0200,0.0000,2.1233,1.1463,104,2,6,6,0
esport_0199,262.6469,120.3540,67.7599,7.1654,3.5953,77,0.0752,414.7879,618.3339,0.5265,0.0033,2.1127,0.1681,0.0556,0.4333,0.1298,1.9847,0.6823,0.0000,5.4765,4.9454,191,130,17,1,0
skilled_0810,166.7892,114.8938,52.6492,4.7211,5.3257,58,0.0201,555.0959,554.4608,0.3081,0.0255,2.5534,0.3407,0.0903,0.2867,0.0416,0.6206,0.4246,0.0000,2.0043,1.1764,174,73,19,11,0
casual_1690,242.4607,99.6144,116.4659,26.4088,17.4197,4,0.0212,455.5460,620.0000,0.4417,0.0012,2.7155,0.4127,0.1065,0.9560,0.2004,0.4918,0.0200,0.0000,1.0821,0.0500,20,0,11,7,0
esport_0076,265.6186,93.5202,67.0411,9.2904,2.3827,61,0.0600,471.5224,591.1493,0.4132,0.0044,2.8274,0.1586,0.0545,0.3651,0.1545,1.0936,0.4350,0.0000,3.9576,3.1576,118,51,19,6,0
casual_1548,114.7386,68.5328,93.7427,20.7336,15.5152,1,0.0171,268.0540,620.0000,0.6138,0.0041,2.9837,0.6239,0.1575,0.9017,0.2383,1.2821,0.1448,0.0000,1.2465,1.4454,14,2,4,8,0
casual_1247,85.4554,112.1578,90.4889,13.5019,7.2906,18,0.0000,337.8263,601.8328,0.4371,0.0327,2.9278,0.4284,0.1506,0.9976,0.1445,1.0100,0.2431,0.0000,0.6944,1.0044,79,19,9,9,0
casual_1985,280.2010,79.8422,129.1734,10.0104,16.8125,24,0.0128,290.3960,620.0000,0.2779,0.0160,2.8972,0.4509,0.1981,0.7505,0.2191,0.2078,0.3265,0.0000,0.9350,0.6954,128,41,2,16,0
casual_0294,257.7652,67.8039,144.6909,10.6442,9.5979,5,0.0181,391.3921,489.2422,0.3559,0.0042,1.8534,0.4895,0.1700,0.5202,0.2050,1.2127,0.0327,0.0000,1.2881,0.9407,21,0,10,7,0
casual_1547,232.9808,77.5495,148.0514,20.4890,10.8213,18,0.0115,302.6074,548.3428,0.5174,0.0089,2.8265,0.4118,0.1140,0.7776,0.3649,1.6986,0.1516,0.0000,2.7467,0.3992,88,13,4,14,0
casual_2012,67.7426,136.1283,27.7353,26.9718,11.3514,44,0.0205,376.3459,585.5423,0.0891,0.0001,2.3436,0.4118,0.1352,0.2867,0.2147,0.5492,0.0483,0.0000,0.8196,0.2776,134,6,0,13,0
casual_0588,81.7328,71.4118,137.6401,14.6738,21.6251,14,0.0151,262.4944,530.5771,0.3587,0.0063,3.0790,0.4064,0.2396,0.8278,0.1547,1.1287,0.0200,0.0000,0.5695,1.3563,79,1,2,8,0
skilled_0329,98.2848,133.1486,119.4851,18.5621,7.7657,9,0.0290,477.5067,620.0000,0.5636,0.0026,1.8356,0.4124,0.0708,0.6619,0.2695,2.0248,0.3304,0.0000,2.1000,2.1882,31,10,2,13,0
casual_2403,270.9862,97.8502,158.3273,9.1819,13.7269,17,0.0331,336.9282,555.5643,0.5941,0.0103,1.6373,0.5217,0.1054,0.3613,0.0300,0.4080,0.2649,0.0000,0.0674,0.4078,122,32,11,5,0
casual_2129,36.8053,35.8265,163.8487,45.2685,19.7782,32,0.0108,399.9678,476.5352,0.1730,0.0012,2.6456,0.2318,0.0400,0.9849,0.2712,0.6362,0.0352,0.0000,0.7387,0.9142,109,3,2,12,0
esport_0138,170.0712,196.2659,74.1440,4.9019,2.9217,48,0.0255,350.3820,620.5365,0.6239,0.0351,2.3937,0.1883,0.0495,0.4455,0.0957,2.5459,0.4956,0.0000,4.0579,4.9496,157,77,24,0,0
casual_2410,214.1119,10.0000,70.6900,18.8989,14.4505,15,0.0240,351.9238,483.7710,0.0444,0.0400,2.1935,0.5467,0.0993,0.5912,0.1853,1.4042,0.2362,0.0000,0.8339,0.7635,76,17,6,4,0
casual_2719,180.2512,97.1995,101.5035,14.2972,10.9556,44,0.0173,318.6429,527.3810,0.3475,0.0069,1.9807,0.5042,0.0769,0.3164,0.3231,0.2203,0.1239,0.0000,0.1656,1.4465,172,21,1,10,0
casual_0425,246.4001,34.3145,157.3426,21.4862,14.9969,18,0.0000,307.0205,590.1838,0.3770,0.0086,2.7856,0.4056,0.2298,0.7555,0.2809,0.8632,0.2191,0.0000,1.2298,1.3182,119,26,0,17,0
casual_2582,50.7199,55.8847,20.0000,18.5263,18.2635,8,0.0361,255.9663,513.1851,0.3464,0.0213,2.3748,0.6268,0.1006,0.5372,0.3882,0.6101,0.4098,0.0000,1.6604,0.0500,58,23,3,15,0
casual_1054,106.5506,85.3973,137.0142,20.7258,13.0619,6,0.0000,326.8738,556.6170,0.0871,0.0084,2.9609,0.4335,0.1130,0.4877,0.2766,1.4075,0.2010,0.0000,1.5685,0.7438,77,15,8,9,0
skilled_0966,37.8966,95.8560,94.2802,8.7794,1.0000,34,0.0051,351.1393,535.7076,0.3393,0.0018,2.3074,0.4174,0.1137,0.6281,0.1702,1.2085,0.2505,0.0000,2.3529,2.3064,91,22,9,3,0
esport_0312,167.5922,83.8798,90.1765,3.2002,4.5023,17,0.0526,355.1385,624.8904,0.6691,0.0057,3.2292,0.2140,0.0717,0.2250,0.1282,2.7735,0.6377,0.0000,2.0969,4.3143,50,31,24,2,0
casual_0556,108.8560,61.6959,61.5435,7.4822,11.5830,47,0.0085,404.6908,513.4593,0.3087,0.0038,2.0810,0.4336,0.1638,1.0589,0.1124,0.7134,0.3441,0.0000,2.5658,1.1299,177,60,11,11,0
esport_0108,279.5484,121.9746,63.2728,2.2419,5.3891,20,0.0316,463.5366,625.0000,0.5413,0.0101,3.5000,0.1594,0.0473,0.4050,0.0300,1.6573,0.4842,0.0000,3.9745,3.6781,147,71,5,2,0
skilled_0938,143.1081,74.6757,81.6099,15.8487,7.3473,29,0.0211,446.2075,592.3855,0.3543,0.0207,2.7373,0.3535,0.0300,0.6182,0.1909,1.3181,0.3581,0.0000,2.8640,2.3609,107,38,13,2,0
esport_0462,285.7462,157.6487,48.7397,2.5954,3.5955,20,0.0539,512.2025,594.0256,0.7795,0.0003,2.4394,0.1129,0.0789,0.2547,0.0349,2.6008,0.6297,0.0000,3.9730,3.3929,46,28,23,7,0
casual_2469,121.4197,23.6801,80.3631,16.9693,4.7183,8,0.0107,311.8851,468.4286,0.4506,0.0039,2.4393,0.9812,0.1135,0.2790,0.1103,1.4858,0.1429,0.0000,0.9747,1.5929,45,6,0,5,0
esport_0460,203.5005,135.7912,15.0000,6.5422,3.7834,54,0.0016,368.0919,568.9866,0.7926,0.0196,3.2956,0.1640,0.0638,0.3192,0.1420,1.3917,0.5044,0.0000,6.3425,2.6198,144,72,18,8,0
casual_0355,171.1106,55.7853,103.7122,24.8794,9.8368,6,0.0000,322.1622,600.7013,0.7456,0.0027,1.4397,0.4414,0.1890,0.6247,0.4181,1.3584,0.1303,0.0000,0.4164,0.6814,57,7,4,2,0
casual_1193,293.4108,105.3522,80.4234,12.6761,12.8776,17,0.0116,219.3264,549.7095,0.3551,0.0064,2.0116,0.8080,0.2390,1.0717,0.0928,1.1265,0.2494,0.0000,0.0708,0.0500,92,22,6,13,0
casual_1716,120.9513,61.7313,20.0000,2.9123,14.0789,9,0.0035,516.9610,605.4841,0.3228,0.0003,1.9113,0.5484,0.1581,0.5696,0.1768,1.0813,0.2179,0.0000,1.1868,0.4243,70,15,3,11,0
skilled_0416,188.3419,79.7334,50.4456,14.0926,8.1276,59,0.0011,549.2250,586.8700,0.4893,0.0250,2.6585,0.2839,0.1276,0.5940,0.2722,1.3826,0.3262,0.0000,1.2180,1.2300,155,50,10,4,0
casual_2604,38.5270,10.0000,201.4323,8.1531,16.2626,41,0.0115,421.9897,561.4828,0.3846,0.0087,2.1629,0.7507,0.2366,0.9844,0.1406,0.6751,0.2295,0.0000,0.4393,0.7591,149,34,9,12,0
skilled_1129,212.8655,79.5625,38.4530,22.9614,4.3741,57,0.0291,340.7285,620.0000,0.3271,0.0024,2.3702,0.2861,0.0586,0.5646,0.1974,1.4704,0.3901,0.0000,1.8033,0.8967,145,56,13,13,0
casual_2828,249.3794,89.8243,102.2779,10.8244,3.1309,9,0.0222,310.7490,536.5181,0.5725,0.0021,2.6202,0.5756,0.1463,0.6434,0.0531,1.3807,0.1756,0.0000,0.8325,0.7198,111,19,8,8,0
casual_1704,157.9618,33.4631,133.1107,33.9489,18.2907,7,0.0065,297.2214,507.3985,0.5103,0.0003,2.9606,0.6647,0.1146,0.7694,0.3421,0.5996,0.4360,0.0000,0.9861,0.9252,111,48,0,13,0
casual_2863,58.1476,149.5431,160.5663,29.4912,1.0000,9,0.0131,305.2646,573.6234,0.5354,0.0038,2.3282,0.5225,0.1359,0.7985,0.2416,0.3354,0.0499,0.0000,1.2050,0.6370,58,2,11,16,0
casual_2618,252.2283,64.4693,112.3090,16.1426,14.0536,20,0.0126,228.9205,510.2804,0.1785,0.0073,1.3486,0.5151,0.1522,0.4517,0.1909,0.9990,0.2262,0.0000,1.9026,0.7632,72,16,9,11,0
casual_2400,191.0402,129.0650,181.6350,18.3538,15.6365,17,0.0198,543.6945,461.4244,0.0200,0.0007,2.1867,0.7157,0.2506,0.4100,0.3118,0.6500,0.1353,0.0000,0.5162,0.3650,86,11,1,8,0
casual_2139,257.9535,136.9825,30.8989,15.2029,8.4956,35,0.0173,289.1058,543.2553,0.3947,0.0012,2.1271,0.6080,0.2577,0.6857,0.2524,1.1343,0.1058,0.0000,0.0430,1.1454,136,14,1,7,0
skilled_0239,129.5589,115.5022,40.8893,16.7531,5.6391,16,0.0155,274.7027,598.6087,0.5241,0.0091,1.9427,0.4194,0.0907,0.7005,0.1887,1.4313,0.3341,0.0000,1.5239,2.3196,50,16,19,5,0
casual_2383,32.3267,96.5663,123.9809,2.0000,11.2419,32,0.0153,334.9545,527.3503,0.3247,0.0045,2.1729,0.4383,0.0439,0.6313,0.2614,0.6749,0.1955,0.0000,0.6735,0.0500,156,30,10,1,0
skilled_0218,141.6568,65.3090,117.7689,3.0349,6.8441,7,0.0276,400.6797,578.1195,0.6280,0.0192,2.7192,0.2731,0.1258,0.7858,0.2772,2.4853,0.3843,0.0000,1.7975,1.5803,33,12,6,7,0
skilled_0935,275.4041,54.8967,62.6297,11.6776,7.5769,13,0.0000,406.3583,604.8969,0.4613,0.0043,2.7569,0.3056,0.0631,0.8368,0.1546,0.5858,0.1966,0.0000,2.5854,2.2733,35,6,15,6,0
casual_1285,281.8505,130.1688,95.7453,22.1415,11.4152,15,0.0141,366.0410,487.0868,0.0200,0.0021,3.0267,0.5315,0.2155,0.7001,0.3388,1.3105,0.1272,0.0000,0.8051,1.7753,55,6,7,6,0
skilled_0796,71.8664,86.8199,108.5925,18.0473,10.0974,36,0.0297,411.6520,569.9040,0.6150,0.0151,3.0100,0.4183,0.1677,0.7517,0.1868,1.3422,0.2687,0.0000,1.7434,1.5659,136,36,8,8,0
speed_0044,130.9460,85.7071,97.7101,13.6670,8.6775,4,0.0151,850.1114,1450.5576,0.5569,0.7446,3.2737,0.2393,0.0732,0.7044,0.1334,1.6787,0.4760,0.0000,2.7008,3.4266,17,8,9,5,1
esport_0218,284.0332,189.4267,80.5718,2.6185,4.0343,36,0.0347,455.8827,607.4936,0.2987,0.0126,3.2367,0.0800,0.0739,0.5090,0.0641,2.3132,0.3699,0.0000,1.7520,3.6404,81,29,14,1,0
casual_2087,124.1924,42.8137,174.9486,28.0189,14.1799,34,0.0233,485.6259,565.9854,0.3977,0.0018,1.3393,0.7250,0.2326,0.3638,0.2245,1.4715,0.3601,0.0000,2.5998,1.0254,141,50,9,13,0
casual_1889,150.4962,121.4403,107.6899,17.9058,8.2329,22,0.0281,481.1345,620.0000,0.1977,0.0008,2.7072,0.8055,0.1399,0.7951,0.0300,1.3477,0.1667,0.0000,1.2487,0.5692,105,17,6,5,0
esport_0372,94.8463,190.3801,36.9246,4.7075,2.4777,42,0.0363,429.4774,600.6395,0.5175,0.0021,1.7826,0.2098,0.0713,0.3713,0.1021,2.7460,0.4782,0.0000,5.2754,5.0593,149,71,26,8,0
casual_1591,45.6452,106.3739,73.7534,22.1245,9.2627,30,0.0142,215.6805,548.6665,0.5793,0.0040,1.9600,0.7034,0.0716,0.9775,0.2742,1.0100,0.4323,0.0000,0.0000,0.8729,177,76,7,13,0
casual_1346,144.7444,36.4539,157.6291,27.4006,16.7196,20,0.0160,402.8027,499.7190,0.1427,0.0021,2.3979,0.6246,0.1434,1.0855,0.3686,0.8533,0.2207,0.0000,1.5056,0.1692,159,35,0,15,0
esport_0181,75.4704,145.3232,15.0000,5.0097,7.0457,18,0.0258,533.9127,625.0000,0.3611,0.0322,2.4924,0.1230,0.0409,0.4267,0.1283,1.9681,0.6370,0.0000,4.8283,4.7404,45,28,23,0,0
casual_2162,136.0385,61.1535,68.1259,20.0733,1.6361,6,0.0155,280.8713,564.1231,0.4066,0.0059,1.8531,0.2000,0.3474,1.0888,0.3122,1.1566,0.2409,0.0000,1.7334,1.2947,20,4,5,10,0
casual_2396,99.5567,89.5579,143.2194,12.0754,11.3070,10,0.0097,228.9989,606.9684,0.5032,0.0015,2.4219,0.7474,0.2621,0.8062,0.2737,0.8184,0.1374,0.0000,0.0257,1.0953,78,10,7,17,0
aimbot_0018,162.2499,145.2011,21.4344,1.2532,0.6878,94,0.0573,404.6853,551.4538,0.3252,0.0223,2.5958,0.0844,0.0066,0.3355,0.0621,1.3730,0.8059,0.0000,4.9838,9.7900,142,114,23,2,1
casual_2271,195.3586,12.2088,163.9844,18.5457,3.1614,15,0.0198,461.5828,591.9869,0.5391,0.0057,1.0884,0.7592,0.2140,0.7131,0.0891,1.0781,0.2595,0.0000,0.0759,1.2180,79,20,9,14,0
esport_0240,63.2218,130.9597,33.0294,10.7739,5.1477,18,0.0768,391.0086,576.6591,0.6354,0.0024,2.1517,0.1923,0.0594,0.3798,0.0735,2.3785,0.4665,0.0000,4.1596,3.7357,43,20,24,7,0
skilled_0111,90.2427,117.8998,43.8567,19.6316,9.7528,17,0.0228,401.1731,620.0000,0.4344,0.0046,2.0526,0.3336,0.1070,0.3694,0.0906,0.8088,0.2354,0.0000,1.9438,2.0959,105,24,4,8,0
casual_1137,144.6898,62.3142,111.1807,24.7413,9.1684,9,0.0162,416.5402,553.7755,0.1045,0.0026,2.7160,0.6948,0.1313,0.7962,0.1555,0.6389,0.1006,0.0000,1.6201,1.3794,36,3,1,8,0
skilled_0895,258.0188,143.8938,76.8431,7.3967,6.7808,50,0.0081,491.7963,604.0020,0.4292,0.0039,2.9356,0.3546,0.1138,0.1129,0.1813,2.0580,0.4140,0.0000,0.8170,1.3754,174,72,9,2,0
casual_0972,62.1174,155.6211,137.9767,4.9645,12.8132,4,0.0091,205.9628,582.8936,0.3094,0.0085,2.8469,0.5373,0.1326,0.7198,0.3070,0.8693,0.4505,0.0000,0.7709,0.9425,47,21,1,4,0
casual_0795,123.5492,79.8731,191.5650,6.6307,11.8946,4,0.0118,397.3994,473.4836,0.2011,0.0037,2.5237,0.4363,0.1353,0.5443,0.2284,0.8501,0.0913,0.0000,0.7340,0.3617,22,2,3,12,0
skilled_0020,174.1051,60.2434,75.4593,14.5649,8.1773,23,0.0310,363.7302,541.3494,0.1403,0.0017,2.0627,0.2915,0.1059,0.6619,0.2704,1.2321,0.4084,0.0000,3.3567,1.4166,85,34,18,0,0
casual_1711,133.3515,68.5193,122.7845,20.5835,9.8156,22,0.0232,529.6594,526.5130,0.0856,0.0030,2.7911,0.2000,0.1607,0.9833,0.1937,0.7638,0.1375,0.0000,0.5194,0.6154,102,14,10,13,0
skilled_0387,74.0039,99.8738,97.4508,8.2760,11.9676,36,0.0203,390.3786,589.0011,0.5610,0.0047,2.4351,0.4574,0.1832,0.4526,0.2726,1.4453,0.3708,0.0000,2.3347,0.6382,107,39,7,12,0
casual_0036,65.0788,68.8634,176.3152,7.8334,12.9551,13,0.0101,346.5071,565.7996,0.1559,0.0007,2.4110,0.3055,0.1248,0.6624,0.2745,1.3159,0.0200,0.0000,1.4772,0.3653,95,1,0,10,0
casual_0453,76.7445,69.1802,174.2761,20.3750,19.1072,7,0.0214,262.6453,590.4061,0.4009,0.0281,1.6444,0.8046,0.1595,0.4940,0.1848,0.7325,0.3226,0.0000,0.6681,0.0752,33,10,4,6,0
casual_0913,295.8335,66.7105,85.0413,29.8480,12.9706,22,0.0000,452.7222,542.0456,0.4842,0.0234,2.8181,0.3498,0.0878,0.9768,0.1791,1.0786,0.3615,0.0000,0.1005,0.6870,98,35,8,15,0
skilled_1081,168.3418,95.9370,27.9431,21.4419,10.5975,26,0.0142,488.4000,620.0000,0.3700,0.0220,2.2909,0.1771,0.0754,0.7726,0.2102,1.6450,0.2228,0.0000,2.9163,1.3165,163,36,15,1,0
casual_1199,228.3758,82.2420,90.4640,25.1516,16.1790,3,0.0000,265.4420,582.3363,0.4697,0.0006,2.1116,0.4895,0.0648,1.0246,0.3489,0.3471,0.2268,0.0000,1.4278,0.3903,23,5,11,17,0
casual_1274,64.5742,101.0697,138.2402,32.7682,24.0328,16,0.0000,404.2310,568.7323,0.4151,0.0041,2.4666,0.7723,0.1883,0.8023,0.1435,1.2818,0.1734,0.0000,1.0673,1.9261,81,14,3,7,0
casual_2375,70.4842,117.2847,74.6404,8.0710,21.7423,7,0.0136,531.1302,510.2707,0.5641,0.0013,1.6422,0.2000,0.1183,0.7930,0.1006,1.4457,0.1392,0.0000,1.5736,0.8190,61,8,3,17,0
casual_0037,158.4403,105.9819,121.8759,20.9041,13.3922,28,0.0123,479.9038,561.9063,0.4835,0.0354,2.3951,0.4729,0.1880,0.9544,0.1243,0.5944,0.2617,0.0000,0.9426,0.5872,137,35,6,14,0
casual_0974,116.8139,33.3256,101.9614,29.0984,16.3505,27,0.0135,369.9337,564.5770,0.3772,0.0087,1.5494,0.4787,0.1525,0.6201,0.3164,0.9893,0.0547,0.0000,1.0983,0.0798,154,8,10,10,0
skilled_0195,51.9900,42.5441,32.6518,14.0472,9.8839,36,0.0163,483.0632,607.0218,0.2274,0.0031,2.7152,0.4116,0.1143,0.3925,0.2077,0.9478,0.2216,0.0000,1.3738,1.4463,129,28,10,1,0
casual_0983,156.5650,58.9272,88.1551,3.1861,9.6866,18,0.0236,492.2283,532.5678,0.0200,0.0079,1.7849,0.2796,0.1593,0.4844,0.2393,0.8894,0.1736,0.0000,0.3630,0.9501,64,11,3,6,0
skilled_0904,218.8134,110.8746,109.4721,8.2636,7.7496,23,0.0329,433.2793,611.6052,0.4606,0.0092,2.1616,0.4144,0.1385,0.4724,0.1191,1.7454,0.3406,0.0000,2.1129,1.5160,139,47,13,9,0
skilled_1069,63.8058,104.1496,78.9726,16.6430,1.0000,21,0.0195,402.5131,620.0000,0.3699,0.0171,3.0326,0.3299,0.0508,0.6124,0.1739,0.6797,0.4198,0.0000,2.0888,0.4059,80,33,18,5,0
casual_1418,272.7088,29.8234,94.7571,2.0000,7.5844,10,0.0118,293.2563,620.0000,0.4348,0.0217,2.2304,0.3275,0.2516,0.7037,0.1657,0.5182,0.2560,0.0000,1.8465,0.7410,56,14,1,17,0
skilled_0332,115.4753,116.4039,89.9674,4.8690,11.2757,17,0.0060,391.4488,619.2449,0.2915,0.0065,2.7949,0.5417,0.1098,0.5179,0.2921,1.0352,0.3292,0.0000,1.7911,1.6736,62,20,17,4,0
casual_1560,299.6840,36.0564,20.0000,16.3307,13.1239,33,0.0000,266.8239,577.8821,0.4612,0.0024,1.7787,0.7652,0.1684,0.5846,0.3578,0.6583,0.1484,0.0000,0.7643,1.6021,154,22,1,17,0
casual_0039,210.8498,68.9240,90.0060,17.3652,14.5493,6,0.0075,484.4405,562.7130,0.5198,0.0011,2.4906,0.4968,0.1166,0.9893,0.0500,0.9251,0.1090,0.0000,0.5464,1.2075,55,5,7,12,0
casual_1486,294.9745,117.5364,36.8125,34.1559,9.0709,5,0.0096,206.3644,493.6543,0.1746,0.0178,1.6358,0.4611,0.2196,0.7228,0.1917,0.7982,0.2877,0.0000,0.6729,0.3548,25,7,1,14,0
skilled_0883,83.2576,86.0943,92.2041,17.0145,4.6779,22,0.0133,542.1424,585.8287,0.5680,0.0074,3.2806,0.1689,0.1424,0.6825,0.2735,1.5241,0.4751,0.0000,3.5025,1.2008,140,66,19,1,0
casual_0169,287.2828,97.3413,72.0032,11.1592,4.1322,8,0.0241,514.9532,599.8498,0.3001,0.0015,1.9054,0.4264,0.2533,0.1653,0.3164,1.2478,0.2931,0.0000,1.7088,0.4109,31,9,4,7,0
casual_1355,36.4720,65.4362,69.6907,15.2169,14.2175,9,0.0142,479.2931,541.8370,0.1230,0.0185,2.7404,0.8900,0.1042,0.7465,0.3526,0.7813,0.2054,0.0000,1.5698,0.8871,51,10,8,15,0
casual_2785,216.8090,106.2731,170.1803,2.0000,18.1748,32,0.0163,375.5068,620.0000,0.2082,0.0014,2.4329,0.6371,0.0638,1.0235,0.3503,0.2172,0.1820,0.0000,1.0970,0.6993,169,30,7,14,0
skilled_0632,226.8963,106.9038,77.8804,5.6472,7.8227,43,0.0122,240.3584,611.0995,0.3246,0.0002,2.8396,0.1848,0.0909,0.4247,0.2107,0.7721,0.2620,0.0000,2.2209,1.4413,147,38,14,5,0
esport_0498,196.8938,107.9988,61.0291,3.3099,3.1207,35,0.0748,535.2087,622.2792,0.7858,0.0242,2.1583,0.1454,0.0661,0.3652,0.2742,1.4056,0.6232,0.0000,3.8136,6.3053,165,102,25,0,0
skilled_1004,32.2708,72.7809,77.0170,4.4150,15.0082,37,0.0140,385.5444,612.5604,0.4697,0.0151,2.9749,0.2334,0.1480,0.5836,0.1095,1.2769,0.2997,0.0000,1.6609,1.3064,109,32,5,8,0
casual_2682,71.4429,56.3230,83.5779,18.9497,9.3651,22,0.0000,340.0080,537.9472,0.4997,0.0014,2.4589,0.2149,0.1481,0.1500,0.3787,0.4076,0.3106,0.0000,1.4475,0.0500,91,28,6,3,0
esport_0454,295.9384,79.8701,50.0627,8.7189,1.5370,42,0.0801,448.9749,593.2184,0.5307,0.0039,2.2518,0.1695,0.0613,0.3583,0.0665,1.7381,0.5411,0.0000,4.3557,0.8000,178,96,20,0,0
skilled_1025,146.4333,87.6835,72.0106,9.9234,9.8074,32,0.0194,496.9922,585.5979,0.3246,0.0003,2.4008,0.4366,0.1983,0.7984,0.1323,1.1528,0.2425,0.0000,2.4710,1.5545,159,38,4,8,0
casual_1640,233.7347,85.3186,122.6540,19.2747,3.3964,26,0.0070,328.6990,560.1609,0.2777,0.0132,2.2814,0.3186,0.2441,0.7586,0.1647,0.7224,0.2286,0.0000,0.0744,1.1338,138,31,4,3,0
casual_1290,154.6908,28.2631,90.8545,17.5435,9.9298,9,0.0000,400.1832,535.1959,0.3770,0.0262,2.2858,0.4428,0.1705,0.5963,0.2516,1.1934,0.2306,0.0000,1.3249,0.6839,83,19,3,13,0
casual_1380,146.3906,78.6082,108.8385,28.1430,11.5393,9,0.0182,415.4713,591.0552,0.5381,0.0041,2.0710,0.7153,0.0803,0.2876,0.3078,1.0766,0.0465,0.0000,1.7095,0.5138,42,1,11,3,0
casual_1933,248.8403,38.5196,91.7255,24.4840,16.9213,42,0.0267,559.9463,557.0187,0.2160,0.0008,1.6068,0.7929,0.0400,0.6846,0.1345,1.3879,0.1815,0.0000,2.6779,1.1615,130,23,7,13,0
casual_0579,121.9595,48.1032,120.6737,32.6026,6.8109,18,0.0066,346.0971,569.4114,0.5342,0.0156,2.5500,0.5380,0.1997,0.2561,0.2227,0.3585,0.3166,0.0000,1.5053,0.8525,154,48,8,10,0
skilled_1220,235.4430,163.2657,15.0000,5.3861,6.7543,63,0.0088,421.2962,566.8220,0.3611,0.0032,2.5655,0.5476,0.0752,0.4355,0.1369,0.7878,0.3501,0.0000,0.8536,0.7814,193,67,15,1,0
skilled_0160,145.3296,138.9988,93.5782,18.4988,11.3954,16,0.0224,447.7403,598.7826,0.2267,0.0288,2.3502,0.3811,0.0394,0.6927,0.2204,0.6564,0.2073,0.0000,1.6004,1.8449,52,10,13,8,0
casual_2030,35.8945,52.9162,45.3732,32.6370,16.0460,35,0.0073,279.4119,515.7099,0.6583,0.0006,2.9017,0.6085,0.1844,0.5760,0.2572,0.7117,0.1385,0.0000,0.7717,0.9307,163,22,6,3,0
casual_0892,95.7711,61.0462,158.6056,45.5826,16.7078,30,0.0171,395.2859,568.2376,0.4140,0.0058,3.0654,0.3785,0.1399,0.9293,0.1941,1.1585,0.2310,0.0000,0.8050,0.3661,110,25,3,9,0
skilled_0951,234.3886,105.5986,80.0777,3.3774,9.7686,48,0.0417,365.9781,538.4181,0.5190,0.0072,3.1621,0.5162,0.0842,0.2969,0.1512,1.5509,0.3352,0.0000,1.5066,1.5095,153,51,7,10,0
casual_0780,98.6511,72.8213,60.8961,16.0412,25.8724,31,0.0424,396.9330,450.5625,0.2677,0.0010,2.0641,0.3952,0.1685,0.1500,0.0948,0.2937,0.2583,0.0000,1.0772,0.0500,173,44,8,16,0
casual_0159,237.5348,102.8082,83.2480,27.6856,8.6741,19,0.0066,442.8157,617.9250,0.4598,0.0029,1.9400,0.7181,0.0923,0.3183,0.2148,1.3246,0.2749,0.0000,0.8850,0.5344,107,29,10,3,0
casual_0002,261.8214,10.0000,41.9345,27.4885,1.4935,18,0.0127,310.2391,544.3351,0.5095,0.0024,2.3723,0.6450,0.1220,0.9156,0.2716,1.0390,0.0930,0.0000,0.2609,0.3619,90,8,3,5,0
casual_2263,55.0521,72.4953,108.1779,17.5624,12.3496,3,0.0355,366.7436,511.8528,0.1871,0.0172,2.8869,0.7323,0.1185,0.7609,0.1548,1.4422,0.1167,0.0000,0.9151,1.3641,27,3,8,3,0
skilled_0216,79.3408,87.1293,63.3832,14.9469,1.0000,31,0.0076,264.5935,541.8726,0.4692,0.0122,3.3058,0.4113,0.0926,0.7263,0.1261,1.5427,0.4158,0.0000,2.2357,2.5275,137,56,9,1,0
casual_2109,73.9713,83.1626,137.8243,26.6203,14.9067,13,0.0107,480.7789,596.0997,0.1318,0.0173,2.4795,0.8201,0.0564,0.5712,0.2912,1.1986,0.2954,0.0000,1.9005,1.2410,98,28,6,14,0
casual_0849,289.6184,36.9160,42.2926,20.4507,26.9005,12,0.0273,336.1571,534.2396,0.1776,0.0110,2.2206,0.5944,0.2102,0.9397,0.2044,0.1000,0.1705,0.0000,1.2030,1.1212,159,27,0,17,0
casual_2737,172.9988,50.5671,137.5350,15.8891,6.5904,2,0.0159,356.0152,559.0681,0.5687,0.0136,2.1037,0.3482,0.0865,0.4553,0.1777,1.0374,0.1934,0.0000,0.8283,0.9240,17,3,6,11,0
casual_2466,253.4090,111.5918,138.5251,19.6446,13.0720,7,0.0031,371.0171,512.0778,0.4288,0.0049,1.5965,0.6614,0.0444,0.3151,0.2195,0.9308,0.3913,0.0000,0.4954,0.3586,32,12,5,6,0
skilled_0650,127.2813,125.7287,42.9402,11.4984,1.5687,47,0.0167,521.5806,596.0975,0.5519,0.0072,1.8723,0.2084,0.1172,0.2099,0.1689,1.6426,0.4301,0.0000,2.1941,0.6508,139,59,14,5,0
casual_1596,81.8187,120.1017,185.9370,8.9924,8.9081,39,0.0115,391.3246,586.5429,0.3462,0.0154,1.9112,0.5316,0.1769,0.3699,0.3784,0.8788,0.3311,0.0000,1.5776,1.3612,127,42,5,11,0
casual_1776,222.4424,89.3105,54.7564,17.3995,18.0943,14,0.0237,363.2941,620.0000,0.5814,0.0020,3.1265,0.5962,0.1128,0.7865,0.2300,1.1255,0.1250,0.0000,1.8679,0.4049,70,8,3,7,0
casual_1913,178.3633,101.5829,128.8340,4.6616,16.8300,10,0.0256,228.4063,576.1418,0.2938,0.0001,2.3469,0.5551,0.0582,0.7580,0.2857,1.0698,0.3544,0.0000,1.2297,0.7389,42,14,4,4,0
casual_1043,208.9856,80.9449,128.0229,16.8325,14.2143,17,0.0091,401.6216,508.4420,0.3294,0.0026,2.5699,0.6897,0.0570,0.7332,0.2223,1.1332,0.2969,0.0000,1.4388,1.3230,66,19,0,4,0
esport_0463,98.1188,123.3147,57.9893,6.7524,4.8312,36,0.0176,531.2268,600.5570,0.7376,0.0119,2.8320,0.2367,0.0373,0.3023,0.0722,1.8498,0.4763,0.0000,3.5056,4.0617,98,46,28,1,0
casual_1544,156.2208,51.9181,109.0432,32.9509,7.4095,17,0.0258,253.7288,502.7657,0.1175,0.0184,2.0423,0.3339,0.1570,0.3467,0.1889,1.2565,0.3466,0.0000,1.4010,1.1949,92,31,1,16,0
casual_2736,79.0112,88.3008,101.8101,15.2235,12.9386,38,0.0229,297.8139,595.3271,0.0544,0.0030,1.9262,0.6444,0.0400,0.4958,0.1490,1.2072,0.2693,0.0000,0.1614,0.1856,151,40,4,7,0
skilled_0706,124.0061,96.7849,90.2361,15.0267,5.1868,14,0.0000,435.0387,578.5795,0.7001,0.0147,2.5737,0.1200,0.1261,0.3815,0.0754,0.7733,0.2621,0.0000,2.2917,1.2321,56,14,7,12,0
esport_0367,295.3177,111.1220,20.3498,2.0164,3.5634,44,0.0437,523.8226,612.9771,0.5857,0.0137,2.8847,0.1775,0.0753,0.4115,0.0769,2.1295,0.5609,0.0000,5.2259,1.9054,118,66,15,0,0
casual_0053,209.5097,77.3687,91.9324,12.1029,13.8332,36,0.0315,249.2354,569.9559,0.4816,0.0029,1.6817,1.0157,0.1132,0.1500,0.1926,1.3627,0.1629,0.0000,0.2591,0.8356,177,28,10,10,0
casual_1796,183.5851,58.5682,45.7860,7.8325,12.1794,2,0.0289,366.2941,620.0000,0.8425,0.0053,2.3372,0.2543,0.1689,0.9019,0.3101,0.7539,0.2561,0.0000,0.9922,0.8885,10,2,11,5,0
casual_1911,78.2231,68.4877,145.9036,11.5222,5.9240,15,0.0310,455.9070,557.5144,0.3460,0.0017,2.3481,0.2000,0.1549,0.7346,0.0639,1.1193,0.1100,0.0000,1.2968,0.7540,150,16,5,10,0
casual_2306,170.8628,63.5036,109.9180,19.3027,8.1454,28,0.0279,393.2916,619.5913,0.2637,0.0012,1.4287,0.6875,0.0632,0.6562,0.1501,1.7552,0.3667,0.0000,1.9179,1.9400,157,57,9,4,0
casual_2553,286.5005,136.8077,94.1172,8.0300,16.9056,28,0.0125,498.9099,521.2680,0.3672,0.0159,2.1414,0.8126,0.1214,0.6016,0.1483,0.7443,0.1492,0.0000,0.9775,0.4361,133,19,10,7,0
casual_2800,299.5217,71.4833,92.6825,17.2659,21.9161,28,0.0097,272.3725,588.9900,0.3208,0.0193,2.4747,0.6196,0.1460,0.8878,0.1650,0.9122,0.2763,0.0000,1.4946,1.2704,167,46,11,4,0
skilled_1086,200.3487,62.3036,83.7536,14.5906,8.1500,14,0.0184,423.4106,583.3667,0.4163,0.0070,2.5849,0.6072,0.0916,0.2383,0.1974,0.8928,0.3462,0.0000,2.0288,1.9017,59,20,18,0,0
skilled_1127,276.8093,87.9408,54.8814,12.8581,2.7977,19,0.0477,466.7552,570.2964,0.0500,0.0064,2.0969,0.4029,0.0523,0.4613,0.2687,0.8646,0.3604,0.0000,1.9488,2.0253,83,29,8,13,0
casual_0824,255.7862,25.4851,39.5439,33.6379,5.1613,10,0.0285,486.5042,539.8430,0.4273,0.0051,3.1852,0.6772,0.1341,0.7905,0.1571,1.0297,0.2681,0.0000,2.3554,1.1311,38,10,7,5,0
esport_0483,196.3421,125.8691,60.5896,5.6645,6.8003,42,0.0195,460.3107,594.9851,0.6040,0.0012,2.3071,0.1407,0.0917,0.5819,0.0653,1.9046,0.7672,0.0000,6.6227,4.8938,126,96,17,4,0
skilled_0178,119.4862,79.5218,86.2005,1.0000,9.8427,34,0.0246,406.5939,579.6102,0.2666,0.0082,1.8412,0.1993,0.0758,0.5768,0.2356,1.7238,0.3467,0.0000,4.1825,0.4629,195,67,4,10,0
skilled_0401,172.5859,123.2149,113.3725,7.8526,6.3895,24,0.0310,525.8601,620.0000,0.4133,0.0068,2.4144,0.1854,0.0557,0.4879,0.3000,1.3328,0.4221,0.0000,2.4825,1.8913,70,29,13,0,0
casual_1389,42.1810,17.6519,173.1963,25.4840,13.3207,4,0.0163,504.1044,596.4396,0.0850,0.0059,1.9608,0.8053,0.1982,0.4445,0.2850,0.2912,0.2085,0.0000,1.4117,1.1491,22,4,3,6,0
skilled_0564,255.5096,98.3338,130.2389,2.5447,2.5753,29,0.0153,408.3254,594.7061,0.5604,0.0013,2.2559,0.3636,0.0540,0.8463,0.1533,0.5510,0.3907,0.0000,2.1462,1.2210,96,37,8,12,0
speed_0026,163.0794,93.0025,73.7861,18.6266,11.4246,19,0.0351,686.3887,1454.3983,0.8376,0.3642,2.5088,0.1400,0.0710,0.3139,0.1800,1.3473,0.3190,0.0000,2.7060,3.7534,101,32,26,2,1
casual_0884,83.1204,76.4170,97.2486,17.8928,8.0778,10,0.0161,382.6444,578.9898,0.2091,0.0015,3.2652,0.2809,0.2171,0.3369,0.2034,0.6081,0.2584,0.0000,0.0200,0.3383,111,28,3,13,0
skilled_0805,54.7456,123.1821,74.2954,20.0578,6.8498,8,0.0199,503.9294,620.0000,0.3342,0.0000,1.9706,0.3908,0.1419,0.6812,0.1760,1.6962,0.2959,0.0000,2.8685,1.1966,33,9,9,5,0
casual_1607,101.4414,107.0242,51.2609,20.2016,12.8687,24,0.0033,426.6964,595.6181,0.4773,0.0137,2.6224,0.4893,0.2588,0.6712,0.2566,0.3663,0.1977,0.0000,1.5878,0.1483,129,25,0,11,0
casual_1594,255.2126,76.6049,121.0440,5.0212,22.2478,17,0.0308,563.7385,591.7212,0.5520,0.0027,2.7000,0.5744,0.1016,0.5678,0.0300,0.6968,0.2341,0.0000,1.5053,1.5562,113,26,11,10,0
casual_0771,183.6873,88.2826,49.1745,22.8820,7.0304,13,0.0070,433.4872,520.7807,0.2910,0.0018,2.2836,0.9006,0.1400,0.5363,0.2762,0.6252,0.3049,0.0000,0.8271,1.0685,103,31,0,12,0
casual_2611,251.2000,67.7193,174.3584,23.0122,14.8768,4,0.0431,388.9975,541.8009,0.7493,0.0201,2.6076,0.3346,0.0400,0.6675,0.2700,0.1000,0.2116,0.0000,1.1299,0.9983,19,4,3,11,0
esport_0411,205.2945,129.9631,67.6840,3.0877,4.0853,45,0.0799,543.0621,555.9786,0.6703,0.0194,2.5313,0.1484,0.0776,0.4678,0.0685,2.4561,0.6255,0.0000,3.7029,4.5238,109,68,17,3,0
casual_2273,257.4629,18.5617,43.8189,5.1466,14.0784,19,0.0262,414.1084,551.4237,0.3477,0.0006,2.1886,0.3058,0.0501,0.5667,0.3049,0.1000,0.1443,0.0000,0.3609,0.0500,128,18,11,4,0
casual_1868,172.7063,88.9937,148.5081,12.9999,11.9557,1,0.0009,398.0720,620.0000,0.2388,0.0015,2.2407,0.3882,0.1652,0.3228,0.3302,0.2920,0.2611,0.0000,1.3013,0.7920,15,3,5,17,0
casual_1085,231.1477,58.7657,59.6443,7.5064,12.4953,14,0.0092,503.9572,528.5966,0.1478,0.0060,1.8998,0.3546,0.1003,0.6247,0.2274,0.9652,0.1507,0.0000,1.0118,0.5246,94,14,9,11,0
casual_0010,130.1155,59.7309,20.0000,32.3214,11.4171,30,0.0172,435.5263,534.6460,0.2153,0.0066,2.2075,0.3340,0.0400,0.9309,0.2741,1.1197,0.2103,0.0000,1.2072,0.2012,146,30,11,12,0
skilled_0611,170.9036,99.9965,93.1641,9.6281,5.4951,16,0.0173,369.3928,593.4037,0.6302,0.0023,3.0862,0.2430,0.1127,0.4527,0.1951,0.9348,0.1816,0.0000,2.6541,1.5754,85,15,16,5,0
casual_1325,267.2662,122.8898,169.5717,25.2195,19.8230,17,0.0213,411.3955,614.9561,0.3616,0.0012,2.5298,0.7134,0.1373,0.8361,0.3263,0.6421,0.1940,0.0000,1.5323,1.1557,152,29,2,14,0
skilled_0390,85.6527,83.2360,68.2171,6.6937,5.6150,43,0.0271,506.0947,588.0668,0.6850,0.0193,2.6775,0.1355,0.1177,0.6269,0.0992,1.4171,0.3487,0.0000,2.4797,1.2998,132,46,19,12,0
casual_1463,116.5982,72.3094,128.6208,22.1351,1.0000,13,0.0281,357.9388,620.0000,0.2600,0.0040,2.3698,0.5417,0.2074,0.3418,0.3320,1.1279,0.1897,0.0000,2.2738,1.1990,98,18,9,8,0
casual_0806,217.1358,53.4072,49.8069,26.7213,9.8097,22,0.0086,376.5800,586.9506,0.2982,0.0033,2.1463,0.5589,0.1021,0.8618,0.2037,0.4599,0.2588,0.0000,1.1894,0.6317,93,24,11,1,0
esport_0010,193.5686,186.3315,60.7686,5.6047,3.5799,27,0.0141,452.4426,584.1963,0.6286,0.0446,2.7835,0.1081,0.0499,0.2709,0.1020,1.9060,0.5721,0.0000,4.2859,3.6163,69,39,5,5,0
skilled_0985,212.7999,133.4497,45.8809,9.4007,10.1544,9,0.0359,306.1537,574.5440,0.3462,0.0068,3.0167,0.2338,0.0803,0.5448,0.0980,1.3534,0.2990,0.0000,1.1818,1.2781,33,9,3,0,0
skilled_0771,122.2002,63.8518,126.0380,5.6658,10.0255,55,0.0043,479.7950,593.4252,0.4682,0.0009,2.7802,0.3123,0.1387,0.5761,0.1575,1.3046,0.3223,0.0000,0.8608,2.8596,180,58,12,11,0
casual_2108,122.2153,41.1495,106.3626,20.8096,3.1751,8,0.0150,497.4161,539.2163,0.3739,0.0213,3.0170,0.8310,0.1897,0.7126,0.3559,0.6318,0.0200,0.0000,0.5942,1.2549,54,1,3,7,0
skilled_1235,131.8169,77.0601,73.9380,9.3092,2.5771,10,0.0227,532.1388,587.3292,0.5814,0.0084,2.4445,0.3676,0.1176,0.4335,0.1100,1.5955,0.2918,0.0000,2.1620,0.9915,49,14,17,12,0
trigger_0031,75.6533,91.3184,15.4062,6.4694,3.0618,63,0.0255,561.8354,608.4930,0.4539,0.0361,2.8605,0.0931,0.0011,0.4738,0.0031,1.1324,0.5566,0.0000,2.0922,3.4914,166,92,25,0,1
casual_2234,232.0989,31.5188,43.2966,20.3155,9.9812,32,0.0221,319.3566,582.8681,0.0457,0.0082,2.0215,0.7158,0.0400,0.1500,0.0592,1.1695,0.2328,0.0000,1.3099,0.8403,131,30,8,17,0
skilled_0211,50.9741,105.1854,74.9856,5.3257,4.6391,10,0.0190,402.4787,571.1078,0.6306,0.0274,2.7369,0.5165,0.1547,0.1000,0.0200,1.8498,0.2044,0.0000,2.5324,0.1000,45,9,15,0,0
casual_0963,63.9292,22.1157,104.6133,16.8638,14.4794,12,0.0128,488.3213,558.7666,0.4287,0.0028,2.6611,0.5928,0.2735,0.7449,0.2306,1.2640,0.1751,0.0000,1.9917,0.6669,58,10,2,3,0
skilled_0415,235.6863,68.3942,78.5664,14.1646,4.7063,21,0.0362,473.1692,620.0000,0.4310,0.0054,2.5715,0.2868,0.0943,0.5668,0.1996,1.1176,0.3744,0.0000,2.9425,2.1274,89,33,4,12,0
skilled_0753,229.4110,83.8040,70.9916,5.1555,5.3673,39,0.0052,530.8689,599.0452,0.2567,0.0134,1.8271,0.2704,0.0571,0.5480,0.1262,2.0850,0.3370,0.0000,1.8279,0.9223,158,53,7,0,0
casual_0398,153.8080,68.7862,108.2344,10.6500,13.8423,36,0.0183,289.2835,545.6689,0.0699,0.0038,2.2671,0.2770,0.2129,0.9640,0.0481,0.2316,0.2886,0.0000,1.0872,0.9212,166,47,1,4,0
casual_2632,269.6957,87.8191,55.2260,23.1314,19.0832,25,0.0182,392.3040,609.3759,0.0568,0.0004,1.1847,0.4066,0.1966,0.7679,0.1056,0.6010,0.3148,0.0000,1.2656,0.5274,162,50,6,11,0
speed_0001,198.9388,56.9339,153.7677,6.2289,14.0864,27,0.0336,750.1397,1587.6680,0.7026,0.5556,3.0345,0.2872,0.1227,0.4065,0.2059,1.1896,0.2537,0.0000,3.5926,3.6549,121,30,22,2,1
casual_2996,206.8808,76.0211,65.4871,9.2615,9.0347,20,0.0123,315.7669,596.4010,0.3454,0.0124,1.8883,0.4826,0.2017,0.6303,0.2611,0.7350,0.1268,0.0000,1.7281,0.7195,101,12,3,4,0
casual_0704,106.4767,116.7733,109.9385,13.3628,10.6603,2,0.0095,408.7581,558.7604,0.1945,0.0081,1.6499,0.4620,0.1253,0.7360,0.2349,0.6528,0.2568,0.0000,0.7088,1.4644,14,3,8,13,0
casual_0431,238.4693,86.9991,73.8277,2.0000,12.8997,26,0.0057,387.5951,620.0000,0.4214,0.0056,2.7447,0.7284,0.1770,0.3216,0.1754,0.7195,0.2963,0.0000,0.2758,1.5348,133,39,5,1,0
casual_0292,279.7073,49.2807,85.1046,11.0639,1.0000,31,0.0188,453.7629,559.6815,0.2411,0.0072,2.3309,0.4113,0.1493,0.4697,0.2467,0.6617,0.2324,0.0000,0.9329,1.8179,171,39,10,13,0
speed_0017,110.0969,49.6706,137.8383,11.6264,6.3437,41,0.0137,1085.2059,1490.1064,1.0698,0.7017,2.7859,0.5557,0.1535,0.2196,0.2282,2.1286,0.0785,0.0000,2.8051,2.6967,172,13,5,9,1
casual_0145,102.0834,25.9418,202.5906,13.5669,6.6515,3,0.0000,589.5603,551.5013,0.5850,0.0002,2.3943,0.5865,0.1305,0.6109,0.1273,0.9949,0.3237,0.0000,1.0741,1.1480,19,6,0,11,0
esport_0143,183.0011,114.5646,69.6380,8.5734,2.3360,34,0.0464,379.6140,621.8165,0.3230,0.0093,2.9882,0.2182,0.0524,0.5189,0.0300,2.0519,0.4955,0.0000,5.9247,2.9636,113,55,17,5,0
casual_2033,143.7456,55.6687,90.8772,15.8538,5.7752,26,0.0189,410.4420,567.5196,0.2522,0.0053,1.6550,0.5592,0.1653,1.0332,0.0300,0.3674,0.2112,0.0000,0.9739,0.6609,148,31,11,15,0
esport_0033,87.2990,136.3103,52.8795,11.5808,2.7799,51,0.0686,303.7476,617.3172,0.6699,0.0183,2.7999,0.1869,0.0261,0.3913,0.0891,1.9462,0.5598,0.0000,4.0121,4.3303,139,77,16,8,0
casual_1165,262.4163,85.2698,91.4653,45.4079,8.5838,21,0.0099,462.6445,541.5883,0.4916,0.0010,2.5332,0.2351,0.1798,0.7561,0.0300,0.9907,0.1634,0.0000,0.8157,0.7162,124,20,5,1,0
skilled_0500,197.2328,131.8076,103.1009,18.2095,8.1182,49,0.0214,437.9467,487.1616,0.2681,0.0020,2.3599,0.2820,0.0342,0.3601,0.2675,1.1338,0.3449,0.0000,2.1452,2.2785,125,43,8,0,0
casual_2050,296.6648,136.5189,57.3404,9.3229,3.4901,36,0.0366,349.8338,566.9206,0.4198,0.0132,2.8373,0.4319,0.2172,0.8439,0.2760,1.8908,0.2123,0.0000,1.3479,0.2764,155,32,5,8,0
casual_2624,184.2276,87.2803,145.7539,13.9414,23.2254,19,0.0384,317.4312,557.6032,0.2099,0.0089,1.8650,0.7977,0.1252,0.1500,0.3285,0.1000,0.1134,0.0000,0.7766,0.6901,98,11,8,12,0
esport_0128,258.6894,104.1173,47.6678,2.0259,3.2849,50,0.0194,533.2669,623.8570,1.0229,0.0047,2.7012,0.1359,0.0427,0.4424,0.0686,1.5588,0.6013,0.0000,2.9655,5.0813,129,77,32,2,0
casual_0339,282.7038,63.7883,126.8409,10.4183,1.0000,11,0.0376,259.6910,580.3439,0.1549,0.0019,2.4188,0.4940,0.2044,0.7888,0.1369,0.7898,0.2121,0.0000,1.3444,0.0500,39,8,5,13,0
skilled_0879,31.6860,124.3908,105.1923,9.2220,9.4513,12,0.0109,341.8250,569.4843,0.3650,0.0017,2.0409,0.2501,0.1003,0.7557,0.2271,0.8638,0.3388,0.0000,0.5576,1.6037,42,14,12,7,0
esport_0382,195.3614,117.3027,30.9525,8.9792,2.1437,90,0.0609,422.0785,606.2241,0.4687,0.0053,2.2845,0.1030,0.0695,0.5455,0.0560,3.4576,0.5400,0.0000,3.3430,4.2258,198,106,12,3,0
casual_2973,281.2605,71.8414,149.9652,14.9657,22.4913,23,0.0000,437.1540,616.2617,0.4223,0.0021,1.7728,0.4947,0.1384,0.2500,0.2746,0.8037,0.2890,0.0000,0.5429,0.8361,115,33,0,3,0
casual_0265,74.6936,105.8665,62.5659,37.4863,12.5121,18,0.0225,307.1183,591.9233,0.3440,0.0006,2.4609,0.6132,0.2388,0.7978,0.1776,1.2838,0.1430,0.0000,1.2930,0.6856,54,7,10,3,0
casual_2424,273.0751,67.9851,189.9096,13.4067,18.0471,3,0.0077,380.7740,572.8262,0.4677,0.0025,1.9884,0.5972,0.1530,0.6479,0.6068,0.9743,0.2531,0.0000,1.5354,1.2080,18,4,10,16,0
casual_1262,117.4629,40.4904,162.7704,22.7497,4.6329,18,0.0199,344.2690,559.6753,0.2025,0.0014,2.0798,0.2852,0.1318,0.7697,0.2427,0.3611,0.1186,0.0000,0.0000,0.6047,111,13,2,6,0
casual_1771,239.0926,95.3863,104.5545,28.1643,9.0026,36,0.0027,504.6181,575.0986,0.0542,0.0025,1.7110,0.4663,0.0418,0.4586,0.0300,1.9228,0.1531,0.0000,0.9533,1.5137,124,18,11,12,0
skilled_0511,276.0738,102.5916,118.2608,11.1640,8.6389,28,0.0140,408.5173,611.5398,0.3075,0.0080,2.1164,0.2221,0.1428,0.4293,0.1097,2.0528,0.4305,0.0000,2.9650,0.6429,117,50,13,11,0
casual_0271,77.1532,85.0138,96.8497,13.7998,10.3147,22,0.0000,349.3894,584.3185,0.2535,0.0039,2.7153,0.5710,0.1456,0.6916,0.1123,1.2746,0.0511,0.0000,0.6144,1.4447,121,6,6,14,0
casual_0696,230.4258,92.0780,67.2863,34.8304,7.6198,3,0.0255,461.8670,576.4725,0.3934,0.0018,2.2859,0.8752,0.1755,1.0020,0.2437,0.3471,0.2100,0.0000,1.6124,0.0500,17,3,6,2,0
casual_0747,146.4583,47.8361,128.9967,16.4932,20.1063,16,0.0195,392.8813,620.0000,0.3965,0.0164,2.5765,0.4711,0.2317,0.6718,0.2524,0.6231,0.1779,0.0000,0.9735,0.1250,138,24,8,9,0
casual_0244,193.6243,76.1992,101.7079,28.7177,4.6992,39,0.0123,249.8345,469.2483,0.5170,0.0039,1.9244,0.5325,0.1825,0.7149,0.2245,0.9537,0.1659,0.0000,0.7874,1.0556,129,21,10,3,0
casual_0317,215.1507,110.2282,86.6186,28.9788,15.9576,13,0.0177,328.8517,534.4448,0.2268,0.0009,2.8259,0.6057,0.1284,0.4591,0.1765,0.8701,0.1955,0.0000,1.3138,0.5652,99,19,10,6,0
casual_0476,145.5339,68.5880,67.5821,4.2318,10.9059,21,0.0081,357.8881,516.9164,0.3316,0.0216,2.9153,0.3935,0.1817,0.9799,0.3033,0.6403,0.3025,0.0000,0.1658,1.0050,119,35,5,11,0
casual_2032,123.1044,74.4043,53.2957,25.6674,10.1626,24,0.0116,412.6281,620.0000,0.5128,0.0055,2.6428,0.4844,0.0871,0.9269,0.2476,1.1633,0.0730,0.0000,0.0000,0.5195,132,9,7,2,0
casual_0957,169.7686,27.4574,47.4412,18.1187,12.6888,12,0.0203,366.0932,604.6303,0.3487,0.0118,2.8743,0.5962,0.1076,0.2684,0.1516,1.7757,0.1670,0.0000,0.6853,1.4769,53,8,10,8,0
skilled_0816,268.8012,80.7599,72.0573,9.4917,9.9811,39,0.0000,302.7043,611.7043,0.1846,0.0031,2.5426,0.2969,0.0589,0.4344,0.1812,1.9586,0.3820,0.0000,2.6725,1.3826,131,50,4,7,0
casual_0813,187.8525,11.6635,84.6566,3.2833,11.2768,42,0.0385,389.0247,577.1875,0.2664,0.0087,2.4762,0.5315,0.1636,0.6245,0.3347,1.3345,0.2991,0.0000,0.7162,0.8793,145,43,1,7,0
esport_0282,129.5476,93.9593,38.1461,4.8442,2.8939,38,0.0289,464.6742,587.2993,0.5033,0.0024,2.6975,0.1659,0.0355,0.5168,0.0670,1.6135,0.4037,0.0000,6.2953,0.8000,138,55,14,4,0
casual_1914,70.5107,92.0714,119.7729,20.7630,10.1976,16,0.0039,428.0384,577.1426,0.5175,0.0019,2.1927,0.4511,0.1595,0.5975,0.3501,0.3956,0.1640,0.0000,0.6309,0.1715,116,19,6,3,0
esport_0352,270.3935,133.5608,64.3782,1.2370,6.2241,12,0.0380,429.2432,582.8828,1.0770,0.0097,3.2515,0.0817,0.0621,0.3845,0.0974,1.5500,0.6874,0.0000,3.6918,2.8443,38,26,27,7,0
skilled_0487,127.1026,63.9509,47.8597,9.2419,1.0000,14,0.0163,488.0988,604.6889,0.5012,0.0033,2.7192,0.2114,0.0316,0.2404,0.2270,1.2089,0.4658,0.0000,1.6865,2.7308,50,23,15,10,0
casual_1297,74.8369,110.6862,83.0772,30.4480,13.2367,13,0.0480,385.5921,619.9603,0.8574,0.0057,1.9735,0.2900,0.0646,0.5502,0.1702,0.9315,0.1620,0.0000,1.8122,0.3985,61,9,8,12,0
skilled_1030,88.7208,73.8618,107.5321,14.7201,10.7455,44,0.0333,430.0388,608.5096,0.3664,0.0086,1.4760,0.3373,0.1544,0.3179,0.1149,0.9147,0.3486,0.0000,3.0864,1.3194,159,55,17,1,0
casual_1804,212.1826,101.4939,78.1758,4.8188,6.5816,10,0.0284,411.8675,510.3718,0.4380,0.0136,2.8405,0.6844,0.2281,0.4802,0.1456,1.2228,0.3204,0.0000,1.1689,0.8721,70,22,6,3,0
casual_0758,43.1137,67.0037,121.9486,27.3812,11.3850,19,0.0182,365.1163,518.7492,0.3127,0.0015,2.5602,0.4101,0.1790,0.1500,0.2630,1.0350,0.1859,0.0000,1.2189,0.3415,78,14,0,7,0
casual_0250,206.0214,89.7721,80.9422,32.1318,10.2908,23,0.0203,455.6760,585.5097,0.0200,0.0062,2.2905,0.4640,0.2750,0.5408,0.1986,0.8986,0.2063,0.0000,1.0778,0.1883,156,32,5,8,0
casual_2461,213.3439,80.0559,124.1756,20.0304,15.5716,12,0.0140,511.8300,617.3397,0.3538,0.0017,3.0175,0.7259,0.1414,0.5898,0.2417,0.7511,0.0892,0.0000,0.4948,1.3865,53,4,5,12,0
casual_0545,151.0263,109.8285,72.7839,41.1662,17.0523,13,0.0196,181.1340,620.0000,0.3486,0.0025,2.5023,0.7122,0.1821,0.5734,0.3208,0.1000,0.2044,0.0000,0.0439,0.9872,114,23,0,5,0
skilled_0241,40.4843,108.8968,124.0526,12.4759,5.7882,17,0.0101,356.1725,620.0000,0.5952,0.0187,2.2390,0.3633,0.0300,0.4375,0.1288,1.2952,0.3278,0.0000,2.5355,1.0566,65,21,18,2,0
casual_0738,136.4140,88.4344,125.7392,2.7047,27.6118,3,0.0057,361.3118,582.1018,0.5279,0.0130,1.7692,0.4647,0.1362,0.4185,0.0300,0.4280,0.0472,0.0000,1.4800,0.6609,24,1,10,7,0
casual_0310,159.0269,79.0386,161.3267,24.9914,6.8645,17,0.0225,196.6082,508.7082,0.0200,0.0012,3.1015,0.4473,0.1454,0.3163,0.2773,1.2035,0.2196,0.0000,1.0650,0.3942,97,21,1,13,0
skilled_0780,55.5607,107.3184,64.1469,12.9187,2.0244,17,0.0077,488.2858,553.9240,0.4917,0.0024,2.6484,0.2825,0.0709,0.1000,0.0901,1.7536,0.4293,0.0000,1.1233,0.7643,79,33,11,1,0
casual_2941,90.0702,25.2213,93.9393,25.8654,13.9934,46,0.0102,296.2525,524.0619,0.3983,0.0038,2.7988,0.6864,0.1468,0.6960,0.1643,0.7954,0.3732,0.0000,1.5594,1.3278,153,57,7,10,0
casual_1131,169.4440,76.3501,178.9502,9.9206,7.2314,4,0.0067,282.2525,568.2751,0.2837,0.0206,1.7881,0.6780,0.1397,0.4934,0.1603,1.0137,0.2742,0.0000,0.0000,0.6023,33,9,3,15,0
casual_1449,84.5042,86.6186,103.9463,35.5904,14.2876,13,0.0094,336.0610,604.1948,0.0995,0.0118,1.6924,0.6889,0.1336,0.5508,0.3154,1.6367,0.1258,0.0000,0.6344,0.5924,50,6,3,17,0
speed_0069,106.7563,85.1651,77.5645,6.0791,6.9247,19,0.0282,549.9929,1458.0027,0.4613,0.6312,2.5613,0.2554,0.0817,0.6764,0.2120,1.5100,0.3502,0.0000,1.8556,1.7268,122,42,8,3,1
casual_0015,91.3545,95.4110,152.4452,14.2451,8.1103,17,0.0083,227.3528,620.0000,0.3430,0.0040,1.8320,0.5312,0.0732,0.1500,0.2797,0.5729,0.1414,0.0000,0.4548,0.8216,139,19,8,12,0
skilled_0232,46.6752,96.2940,76.1348,12.2117,2.8707,36,0.0106,507.3409,611.8544,0.3946,0.0162,3.2199,0.2211,0.0587,0.5213,0.0672,0.9741,0.1927,0.0000,3.0611,0.7564,127,24,7,9,0
casual_2769,297.5701,90.9592,100.4606,8.1012,18.0342,6,0.0030,328.4536,620.0000,0.3342,0.0006,1.9974,0.6698,0.1574,0.9211,0.3912,0.5569,0.0200,0.0000,0.1991,0.9574,84,1,3,17,0
skilled_0468,89.3901,81.4489,82.7220,19.0061,8.0370,17,0.0262,354.2978,604.5506,0.4538,0.0010,3.0058,0.3031,0.0938,0.5523,0.3858,1.1058,0.5021,0.0000,2.9001,1.3995,64,32,2,0,0
casual_0920,56.1840,57.8071,35.3683,23.0718,15.0458,25,0.0172,522.5786,555.4551,0.6566,0.0050,2.2971,0.5427,0.0400,0.7626,0.3474,0.9222,0.1818,0.0000,0.5511,0.6469,120,21,4,11,0
skilled_0029,170.1514,111.4012,74.2604,13.1374,11.1468,5,0.0267,367.9395,619.7772,0.3055,0.0090,2.2900,0.3593,0.1154,0.7443,0.2324,0.7943,0.4982,0.0000,1.2279,1.7534,25,12,18,9,0
casual_1372,139.3484,70.0095,78.0575,25.1525,13.3929,21,0.0099,318.2777,594.1619,0.3926,0.0026,2.6309,0.3002,0.1369,0.2403,0.1593,0.6699,0.1654,0.0000,0.3947,0.5918,94,15,6,14,0
skilled_0587,258.2019,115.6383,42.0322,15.4474,4.3769,21,0.0241,255.2713,532.9445,0.3974,0.0024,2.8929,0.2879,0.0984,0.2570,0.1858,1.1965,0.2980,0.0000,2.3995,1.6868,66,19,13,2,0
casual_2544,172.4371,92.2393,202.1978,20.5255,10.0324,12,0.0348,478.8811,600.9458,0.8488,0.0002,2.9299,0.2893,0.3016,0.5123,0.3896,0.9518,0.2026,0.0000,0.7846,0.0500,75,15,4,3,0
skilled_0598,278.1756,98.9860,34.6843,10.1794,9.4732,66,0.0131,480.0617,558.1928,0.7199,0.0007,2.7687,0.3824,0.1059,0.3365,0.1030,1.2223,0.4735,0.0000,1.6213,0.1000,172,81,19,8,0
casual_0038,91.2655,68.1344,108.8146,6.0234,14.0184,43,0.0000,364.9933,524.6603,0.3498,0.0043,3.2340,0.2875,0.1690,0.9083,0.4137,0.5694,0.3440,0.0000,1.3021,1.1260,179,61,9,2,0
casual_0363,53.6814,85.4778,37.4360,17.9707,7.7030,6,0.0035,350.5994,575.1376,0.3430,0.0038,1.9229,0.2856,0.1837,0.4697,0.2998,1.2615,0.1617,0.0000,1.5173,0.2978,43,6,8,4,0
skilled_1101,195.8104,97.0160,108.8677,10.1192,8.4256,62,0.0348,452.6311,535.1570,0.5025,0.0013,2.9588,0.1445,0.0546,0.6566,0.2781,0.8931,0.3136,0.0000,1.7525,1.6908,184,57,3,11,0
casual_0182,170.0918,96.2085,172.6044,10.1424,7.3667,7,0.0170,389.9088,510.6709,0.5586,0.0013,2.7139,0.5833,0.1642,0.6758,0.2320,0.3504,0.2271,0.0000,1.0977,0.7343,36,8,5,15,0
skilled_0033,30.8572,112.0466,114.0795,3.5896,6.6527,18,0.0000,443.2047,589.0222,0.3328,0.0072,1.8733,0.3252,0.1129,0.5235,0.1400,2.4089,0.3970,0.0000,0.6491,1.5201,52,20,11,7,0
casual_2983,193.6877,72.0393,128.5086,14.3004,9.2502,17,0.0220,325.7086,620.0000,0.0200,0.0037,3.0215,0.5682,0.1020,0.4869,0.2393,0.9165,0.2062,0.0000,0.5599,0.3408,171,35,2,11,0
casual_1194,265.6719,59.3491,59.9260,24.1465,9.8100,56,0.0299,492.5728,617.5120,0.5155,0.0036,3.4255,0.3803,0.0960,0.6706,0.1482,0.4740,0.2340,0.0000,0.5893,0.0500,172,40,4,3,0
casual_2852,250.0621,131.9179,121.2552,20.9492,17.8235,45,0.0182,392.4249,605.7431,0.4101,0.0086,2.6086,0.6122,0.2188,1.0433,0.1816,0.2892,0.1721,0.0000,0.7867,0.5377,176,30,7,1,0
esport_0292,182.5214,119.6236,43.7077,2.9820,2.0206,30,0.0266,430.6495,625.0000,0.6795,0.0065,3.1918,0.1547,0.0743,0.2982,0.1056,2.0049,0.4538,0.0000,3.8286,3.4380,98,44,7,4,0
casual_1121,60.1981,90.0234,145.0539,27.0330,8.4815,16,0.0121,436.3980,544.6109,0.1439,0.0007,2.8948,0.7826,0.1231,0.5020,0.2081,1.7757,0.1167,0.0000,0.0000,1.6366,69,8,5,16,0
casual_2235,266.5922,105.5713,31.8969,18.5037,19.3875,14,0.0222,264.3961,583.5647,0.3836,0.0004,2.4451,0.7169,0.2416,0.7397,0.1399,1.6639,0.3464,0.0000,0.0914,1.3648,96,33,0,8,0
casual_2667,48.9309,129.1438,120.0874,18.9077,11.9429,24,0.0259,340.2695,601.2675,0.4106,0.0025,1.9867,0.4895,0.2636,0.6368,0.1595,1.0710,0.1867,0.0000,1.8934,0.1884,130,24,6,7,0
skilled_0699,109.8076,132.3716,55.1878,2.9798,1.0000,30,0.0267,442.8097,546.7109,0.7897,0.0028,2.5706,0.4716,0.1167,0.5061,0.1063,1.1514,0.2301,0.0000,3.3112,1.8852,113,25,16,8,0
skilled_0223,98.5731,86.6245,94.4919,23.0421,11.5417,25,0.0349,393.1253,595.8314,0.4962,0.0101,2.3773,0.4597,0.1318,0.6083,0.0743,0.9905,0.5733,0.0000,1.6066,1.0140,72,41,19,11,0
casual_1182,53.2152,48.6935,94.2627,11.5652,19.7557,25,0.0197,347.5624,553.6337,0.1427,0.0075,2.7852,0.2000,0.1478,0.6837,0.3419,1.0668,0.0917,0.0000,0.9887,1.1739,172,15,3,4,0
skilled_1184,32.1426,90.7729,76.5411,9.5509,6.6493,35,0.0164,453.3737,564.5239,0.5381,0.0171,2.8610,0.2862,0.1065,0.6993,0.2066,1.3916,0.2930,0.0000,2.8073,1.3879,128,37,10,0,0
esport_0043,102.6031,93.6555,61.0190,3.7329,2.2917,32,0.0444,496.3535,571.7752,0.1000,0.0087,2.4940,0.0948,0.0300,0.4165,0.1238,1.5403,0.4795,0.0000,3.8615,4.4989,89,42,15,9,0
casual_0614,107.8216,106.7134,184.3998,3.1780,5.2553,10,0.0296,272.8838,475.8242,0.0200,0.0020,1.3975,0.6488,0.1095,0.4170,0.2389,0.4849,0.2049,0.0000,0.7571,0.1489,77,15,9,15,0
speed_0058,50.8035,119.4853,129.7446,9.3782,7.8002,41,0.0351,948.5333,1348.8294,0.6942,0.5520,2.8066,0.4022,0.1504,0.6939,0.0633,0.6534,0.1892,0.0000,3.4172,3.2880,147,27,8,7,1
casual_1466,147.3851,25.6691,100.8875,25.1509,6.0418,4,0.0063,559.8945,615.1797,0.3646,0.0091,2.6560,0.6048,0.2006,0.5172,0.1209,1.0502,0.0200,0.0000,1.9831,0.9665,34,0,2,9,0
casual_0401,277.9793,71.9672,20.0000,25.8237,16.5797,20,0.0380,300.2474,568.2846,0.4713,0.0058,2.5260,0.6763,0.2028,0.8802,0.1178,0.9604,0.1676,0.0000,0.3829,1.2958,132,22,5,1,0
skilled_0042,206.4325,111.2550,172.4000,1.0000,7.5248,80,0.0246,385.5256,609.4966,0.4058,0.0042,2.3546,0.2045,0.1191,0.9095,0.1662,1.1334,0.4793,0.0000,1.6124,1.0521,196,93,8,11,0
casual_0934,238.5353,128.2482,107.3438,29.4937,14.4189,16,0.0299,302.9699,527.0723,0.4981,0.0093,1.8969,0.6093,0.1207,0.6755,0.3972,0.3260,0.1971,0.0000,1.6283,0.5153,64,12,4,2,0
casual_2419,281.4947,104.7003,141.9095,9.4411,16.8720,7,0.0301,374.7477,611.7578,0.4416,0.0128,2.5364,0.3329,0.1063,0.1894,0.1870,0.6316,0.2321,0.0000,0.6475,1.1195,41,9,0,9,0
speed_0010,190.6258,100.1341,90.3728,13.0462,9.8546,18,0.0215,604.1871,1483.7251,1.1675,0.7545,2.5574,0.3942,0.1706,0.5018,0.1796,1.7557,0.4149,0.0000,2.6623,0.5429,84,34,7,5,1
speed_0060,64.9788,147.0004,125.8546,9.1538,10.1832,3,0.0378,1081.9338,1232.6472,0.4105,0.4071,3.1250,0.3058,0.0929,0.4999,0.1541,0.5422,0.3918,0.0000,4.6704,0.9218,17,6,27,4,1
casual_2641,235.1960,109.3679,20.0000,15.4453,18.3266,47,0.0193,364.4233,575.4368,0.4585,0.0026,2.4379,0.5845,0.1333,0.7226,0.3516,0.8300,0.2145,0.0000,0.8280,0.8591,168,36,8,4,0
skilled_1017,221.1873,88.5476,107.9646,1.0000,6.3799,19,0.0125,526.6326,585.9617,0.7421,0.0056,2.5522,0.3246,0.1112,0.3639,0.0200,1.8470,0.2863,0.0000,2.0810,0.7262,55,15,13,4,0
casual_0726,96.4380,70.1508,20.0000,29.1580,10.4925,12,0.0124,453.9610,546.6561,0.1649,0.0400,2.0343,0.3160,0.0491,0.4347,0.2172,0.7098,0.2287,0.0000,1.0029,0.0500,77,17,9,10,0
casual_0826,190.8427,10.0000,177.3306,22.6139,12.2823,5,0.0214,469.6094,549.4444,0.5459,0.0009,2.5605,0.4518,0.1769,0.4369,0.1527,0.6309,0.2062,0.0000,0.0000,0.7070,24,4,10,15,0
casual_1521,172.9357,90.6448,83.6654,15.8309,3.1175,11,0.0105,165.1563,554.0910,0.5039,0.0058,2.1250,0.4545,0.1423,0.3447,0.2661,0.7861,0.1882,0.0000,1.6455,0.8616,41,7,1,1,0
speed_0006,70.0014,94.0776,85.6473,9.1284,5.7946,24,0.0128,919.9264,1907.2459,0.6503,0.3231,3.1099,0.3322,0.0976,0.5858,0.0918,1.5006,0.1982,0.0000,3.6499,5.0565,137,27,19,9,1
casual_2930,190.4595,86.8922,42.7113,26.0361,11.6618,17,0.0373,304.3452,531.7258,0.2961,0.0016,1.9554,0.8118,0.1420,0.4841,0.3004,0.3570,0.2743,0.0000,0.3934,0.0651,162,44,4,12,0
casual_0136,288.8110,40.4138,51.8334,9.8354,24.8637,15,0.0359,440.7476,620.0000,0.3454,0.0119,1.7848,0.4286,0.0925,0.5755,0.3752,0.3509,0.4421,0.0000,0.7554,0.8170,70,30,11,4,0
skilled_0590,127.2486,111.8589,120.7862,1.0000,6.0479,9,0.0205,548.0861,620.0000,0.6248,0.0098,2.5162,0.1590,0.1035,0.4004,0.1046,1.9642,0.2670,0.0000,1.6725,0.9806,38,10,19,7,0
casual_0628,179.9747,73.9680,20.0000,16.3588,17.1273,12,0.0000,258.3850,513.1033,0.5274,0.0099,2.3241,0.5446,0.1366,0.6654,0.1300,1.1664,0.1269,0.0000,0.5748,1.1134,51,6,3,3,0
casual_0334,65.6678,68.6375,156.5693,17.4698,6.5712,12,0.0200,429.9402,589.4243,0.3855,0.0025,3.0333,0.3587,0.0832,0.4148,0.1979,0.3996,0.2445,0.0000,0.5553,1.3519,52,12,0,6,0
casual_0390,202.0099,97.2590,74.8499,13.3716,15.8906,2,0.0298,209.3769,620.0000,0.6342,0.0093,1.5000,0.4174,0.1408,0.6304,0.2384,0.8126,0.4090,0.0000,2.0599,0.0632,53,21,2,9,0
esport_0137,275.1649,104.1013,65.8383,10.3357,7.3441,23,0.0658,473.4133,616.0510,0.5902,0.0089,1.9987,0.1688,0.0810,0.2000,0.1284,2.5432,0.6998,0.0000,2.6035,4.4315,77,53,14,9,0
speed_0054,53.9262,84.5345,73.1023,9.1726,7.4358,10,0.0159,731.9410,1371.8243,1.2129,0.7085,2.6943,0.5281,0.0663,0.7571,0.1051,0.8557,0.5295,0.0000,3.5128,2.1703,53,28,19,3,1
skilled_0832,258.0369,93.0517,74.7516,6.1244,5.0968,3,0.0380,391.4230,606.1763,0.4065,0.0035,2.2033,0.3745,0.1458,0.3758,0.1050,1.1134,0.3616,0.0000,0.2583,0.4170,24,8,15,12,0
casual_1817,157.5901,100.3239,65.5664,14.9588,13.7408,16,0.0000,468.3490,620.0000,0.1646,0.0130,1.5779,0.4719,0.1714,0.9565,0.1595,0.9214,0.3154,0.0000,1.3678,1.0350,74,23,1,8,0
casual_0400,111.5204,56.0881,20.0000,13.7600,15.2839,4,0.0000,535.0741,508.7042,0.0673,0.0031,2.6796,0.5570,0.1736,0.5595,0.0963,1.1999,0.1490,0.0000,0.7389,0.8454,18,2,11,10,0
casual_0710,298.5695,47.3406,47.8042,22.5455,10.6874,33,0.0255,480.0563,560.8108,0.0200,0.0141,2.4485,1.0161,0.2817,1.0091,0.2599,0.7913,0.3275,0.0000,1.8087,1.2058,97,31,2,16,0
casual_1039,63.9679,78.2108,41.5683,16.4859,11.7788,10,0.0183,317.4741,478.4916,0.2967,0.0007,2.1314,0.4554,0.1569,0.4224,0.1818,0.7805,0.0830,0.0000,0.2860,1.0538,89,7,6,14,0
skilled_0989,47.7635,76.2697,50.4386,6.8730,4.8029,23,0.0068,353.1562,566.6776,0.3920,0.0008,2.8209,0.1252,0.0906,0.9339,0.1456,1.0536,0.3632,0.0000,3.2957,0.7761,110,39,17,10,0
skilled_0359,196.7860,81.7381,15.0000,14.7715,5.1351,28,0.0198,324.4291,620.0000,0.6417,0.0210,3.0793,0.2548,0.1265,0.4304,0.0437,1.3336,0.4280,0.0000,3.1775,0.9193,95,40,10,13,0
casual_0046,134.6192,150.4882,29.8952,12.6270,1.3155,0,0.0000,469.1765,524.5146,0.5475,0.0036,2.0891,0.3987,0.1328,0.2550,0.1501,1.0146,0.0907,0.0000,1.7478,1.0476,23,2,1,10,0
casual_1561,195.6495,81.3213,45.7410,23.2876,9.9754,19,0.0076,310.7556,597.2413,0.6309,0.0062,2.0617,0.3258,0.0896,0.4517,0.2410,0.8486,0.2594,0.0000,0.7084,1.1556,123,31,1,10,0
aimbot_0049,190.4626,148.2131,18.0823,0.8631,0.8307,106,0.0885,551.9783,575.8762,0.0504,0.0041,1.8979,0.0352,0.0055,0.6248,0.0488,2.9739,0.8917,0.0000,6.5163,4.1103,133,118,19,5,1
skilled_0642,194.9853,78.6617,64.3975,14.9841,6.5906,34,0.0119,501.6809,620.0000,0.6407,0.0048,2.8166,0.2218,0.1194,0.5048,0.1599,1.3664,0.4402,0.0000,3.3913,1.2518,120,52,2,8,0
skilled_0726,160.6835,53.5400,59.1601,9.3662,3.3174,49,0.0122,351.1561,582.2702,0.3726,0.0044,2.8243,0.2413,0.1518,0.7343,0.2249,1.4317,0.5151,0.0000,1.2730,2.2550,195,100,2,12,0
trigger_0057,193.2843,101.2287,31.5322,4.3174,3.7421,39,0.0242,461.2730,570.8511,0.5215,0.0052,2.3016,0.1163,0.0044,0.4787,0.0050,2.3448,0.4566,0.0000,4.5719,3.8499,63,28,33,4,1
casual_1112,197.3105,64.7733,107.0548,3.3073,7.2994,11,0.0086,447.1647,572.7183,0.3405,0.0026,2.2882,0.2000,0.0988,0.3836,0.1489,1.3732,0.1383,0.0000,1.2329,1.4400,58,8,6,15,0
casual_2513,56.1233,13.9204,169.7886,24.3581,7.0077,19,0.0223,371.1322,614.5456,0.3435,0.0059,2.4246,0.7379,0.2224,0.9589,0.2347,0.2172,0.4963,0.0000,0.3472,1.5112,109,54,1,15,0
skilled_0608,205.5133,52.4840,95.6584,12.9275,6.1031,13,0.0060,367.4269,570.1741,0.3172,0.0210,2.1619,0.2486,0.1187,0.6319,0.2725,1.3541,0.5569,0.0000,0.5954,1.3353,61,33,7,10,0
casual_1223,204.4985,82.6419,110.5991,29.4452,18.6046,16,0.0000,369.5810,531.3798,0.5894,0.0026,2.9183,0.8744,0.0974,1.1402,0.0315,0.7031,0.2512,0.0000,1.6004,0.6103,169,42,0,16,0
skilled_1060,138.0919,129.5506,28.6046,8.9858,10.5957,32,0.0219,419.5064,557.7472,0.6485,0.0177,2.3710,0.1829,0.1295,0.3525,0.2526,1.3322,0.5387,0.0000,3.6582,2.4262,127,68,3,7,0
skilled_0023,227.2877,98.8331,97.3176,6.6639,5.4960,14,0.0240,433.6642,586.2788,0.3412,0.0061,2.2945,0.4399,0.1135,0.4897,0.1956,1.1257,0.4910,0.0000,1.8538,1.9497,53,26,16,1,0
casual_2421,83.4548,69.8310,62.1343,7.6079,5.5865,25,0.0034,423.9176,620.0000,0.1904,0.0079,2.2644,0.5544,0.0722,0.2130,0.3997,0.8289,0.2239,0.0000,1.1732,0.1404,162,36,2,14,0
casual_1508,88.1837,10.0000,78.7922,33.4373,14.4833,7,0.0171,330.0887,545.7267,0.2396,0.0009,2.5829,0.5125,0.1802,0.7814,0.2865,1.1463,0.2924,0.0000,1.1077,0.4820,71,20,3,14,0
casual_1750,202.9186,48.2512,20.0000,24.4761,14.7521,20,0.0205,381.3170,510.1252,0.2866,0.0189,2.1730,0.5528,0.1103,0.5260,0.3004,0.7156,0.3379,0.0000,1.6751,1.0678,147,49,3,13,0
aimbot_0087,48.5535,136.2779,12.1433,1.7608,0.0000,117,0.0914,354.4165,558.8192,0.3400,0.0050,3.1262,0.0793,0.0101,0.6231,0.0523,2.4516,0.8553,0.0000,5.9136,2.5000,151,129,21,3,1
skilled_1096,267.3058,125.8222,65.4057,10.6674,13.1688,11,0.0169,448.9690,588.1473,0.5421,0.0239,3.0208,0.2861,0.1052,0.7491,0.1163,1.3592,0.1765,0.0000,1.1578,2.3105,56,9,8,10,0
casual_1799,197.9027,148.4643,52.3744,16.8140,1.0000,16,0.0000,444.1416,524.9670,0.0200,0.0159,2.3444,0.2000,0.1427,0.7384,0.1225,0.8064,0.3832,0.0000,1.5149,1.6318,80,30,6,1,0
casual_0338,52.8132,58.5815,20.0000,16.2380,20.0403,11,0.0139,407.8440,536.4939,0.0972,0.0195,2.8447,0.6723,0.2455,0.6395,0.2273,0.5179,0.2194,0.0000,1.4045,0.4867,106,23,2,5,0
casual_0215,229.5257,132.1852,20.0000,18.7288,13.0700,28,0.0238,371.8043,580.9395,0.1552,0.0136,2.5600,0.9605,0.0466,0.3183,0.3065,1.2415,0.0407,0.0000,0.2049,0.7022,139,5,1,4,0
skilled_0663,135.1683,104.4449,96.1154,12.6745,4.1956,34,0.0143,267.7933,604.4971,0.5596,0.0004,3.3173,0.1200,0.0704,0.3000,0.1421,1.1268,0.2275,0.0000,2.4044,1.7171,145,32,12,4,0
casual_1341,248.9600,83.7804,49.1620,15.4748,19.0474,25,0.0273,438.1505,542.0513,0.3547,0.0064,2.5012,0.4057,0.0907,0.9008,0.1960,1.4921,0.2374,0.0000,0.6681,1.4482,161,38,3,3,0
casual_0011,280.2265,65.3765,161.2315,10.1626,12.3785,26,0.0020,529.5649,620.0000,0.1740,0.0059,2.9441,0.3470,0.1981,0.9392,0.1555,0.8639,0.0200,0.0000,0.9168,0.9410,122,2,7,8,0
casual_1520,108.6590,84.2148,22.4874,15.9006,11.2449,30,0.0124,434.5889,519.0747,0.2312,0.0153,2.4407,0.3926,0.1287,0.9873,0.1951,0.6265,0.3214,0.0000,1.1595,0.9911,95,30,5,17,0
skilled_0640,210.7903,67.0014,56.9535,6.9186,9.8390,54,0.0124,478.8729,588.3076,0.4570,0.0021,3.0626,0.2680,0.1057,0.4940,0.1701,0.5075,0.2313,0.0000,3.1075,1.5237,141,32,6,13,0
skilled_0937,203.3261,121.6226,87.3863,16.8796,5.2205,61,0.0384,473.5882,594.8336,0.5439,0.0001,2.7427,0.5239,0.1125,0.5625,0.0727,1.1481,0.1233,0.0000,1.5668,1.4403,198,24,2,8,0
esport_0177,176.5323,107.8838,27.7396,10.5502,4.1606,47,0.0371,547.1359,624.5313,0.2709,0.0045,3.2359,0.1458,0.0563,0.3755,0.0835,2.1257,0.4906,0.0000,2.4877,2.3553,120,58,34,7,0
skilled_0004,262.8396,87.4705,56.8681,9.3673,6.2831,20,0.0399,427.4117,590.6823,0.1337,0.0096,2.8468,0.3210,0.0849,0.6284,0.0812,0.8648,0.5242,0.0000,1.4219,0.8519,60,31,18,13,0
casual_2864,142.0100,77.1874,157.9022,17.7538,12.4228,10,0.0088,448.3274,575.7699,0.6118,0.0046,2.7767,0.8247,0.1351,0.9536,0.2510,0.7002,0.1697,0.0000,0.0740,1.0753,44,7,9,5,0
skilled_0115,196.6080,73.7484,151.4708,4.0861,8.3873,27,0.0076,494.8849,620.0000,0.5861,0.0119,2.2765,0.2828,0.1190,0.5505,0.1482,1.9080,0.4897,0.0000,2.4493,2.0777,105,51,11,4,0
aimbot_0090,185.7663,185.2478,21.0837,3.4678,0.0000,22,0.0945,323.8170,521.8214,0.3991,0.0137,1.6882,0.0600,0.0166,0.6725,0.0643,2.2108,0.7606,0.0000,7.1921,7.7717,34,25,36,1,1
casual_2322,138.8839,26.0519,107.7683,21.5653,3.4448,38,0.0202,249.1244,574.8150,0.5967,0.0070,2.0954,0.6948,0.2240,0.6777,0.1429,0.7983,0.1821,0.0000,0.4418,0.5165,147,26,9,4,0
casual_2571,180.5475,72.5958,43.6601,21.4017,6.1107,4,0.0000,468.0830,499.4485,0.1749,0.0019,3.0151,0.6688,0.1396,0.1500,0.0954,0.8614,0.1199,0.0000,1.6974,0.3910,30,3,3,7,0
casual_2913,211.8487,103.6758,92.3363,8.0213,8.2426,35,0.0100,370.0847,564.3874,0.2775,0.0036,2.7811,0.2000,0.2064,0.5263,0.3009,1.0515,0.2879,0.0000,1.7254,0.8172,111,31,11,15,0
casual_0101,218.9209,108.2054,84.9160,24.8786,1.0000,24,0.0294,349.2766,595.3723,0.0293,0.0022,2.7268,0.3053,0.2107,0.7492,0.2321,1.7293,0.2314,0.0000,1.5406,0.0500,153,35,1,5,0
skilled_0549,139.2658,104.8396,113.9789,12.6998,4.8217,7,0.0000,336.0917,595.0152,0.1460,0.0003,2.6176,0.3786,0.1282,0.3922,0.1959,1.8175,0.4504,0.0000,2.6408,3.3628,23,10,9,3,0
casual_1458,285.3373,114.8330,94.5940,16.2232,15.1015,38,0.0220,270.4661,620.0000,0.1358,0.0302,2.7330,0.4670,0.2852,0.7648,0.2290,1.6137,0.1155,0.0000,0.3387,1.2235,138,15,10,4,0
casual_0171,169.0654,67.5250,115.3705,10.5521,12.1893,11,0.0052,377.3214,507.0046,0.1155,0.0079,2.1527,0.7918,0.0827,0.5101,0.2251,0.6568,0.3580,0.0000,0.4908,0.4012,53,18,10,4,0
casual_0107,103.5052,114.0897,206.6580,23.0525,8.6190,7,0.0253,437.7474,568.2688,0.3614,0.0038,2.7326,0.6951,0.2089,0.2623,0.2110,0.6369,0.2092,0.0000,0.7365,1.1675,45,9,1,4,0
skilled_1196,115.2850,72.4351,78.1780,14.1798,7.8659,19,0.0171,352.4396,581.4455,0.6687,0.0266,1.8238,0.4509,0.0820,0.5375,0.1416,0.8768,0.4046,0.0000,0.2000,2.3074,95,38,6,0,0
skilled_0569,176.2458,50.9004,92.6936,14.0325,5.4053,28,0.0289,489.3214,572.9651,0.6481,0.0146,3.1061,0.3576,0.1491,0.9432,0.1284,1.0878,0.4270,0.0000,4.0083,1.1266,105,44,11,8,0
trigger_0066,121.9421,126.5065,37.0858,0.5000,6.9141,62,0.0123,289.3719,565.9958,0.6110,0.0114,2.7046,0.0400,0.0093,0.5155,0.0032,2.0405,0.5331,0.0000,3.7741,5.2624,113,60,32,7,1
esport_0045,284.4609,138.0097,46.8110,4.8040,3.8511,48,0.0313,454.1877,613.9264,0.5316,0.0012,2.2980,0.0800,0.0634,0.2721,0.1178,1.9116,0.4695,0.0000,4.1628,2.5874,170,79,26,9,0
skilled_1063,71.0857,129.4217,109.9725,12.7832,8.5270,37,0.0227,388.8042,575.4260,0.4271,0.0037,2.0212,0.4271,0.1652,0.5175,0.0912,1.0728,0.2068,0.0000,2.5990,1.9888,109,22,15,1,0
skilled_0861,75.1694,72.3829,48.1989,15.3459,8.6997,49,0.0126,475.3367,555.6240,0.4217,0.0131,2.9459,0.3427,0.0917,0.5901,0.1766,0.5038,0.1553,0.0000,1.3005,2.0875,194,30,14,11,0
skilled_1122,54.5284,79.7834,46.2575,11.1317,6.2839,38,0.0182,407.8223,586.8921,0.2545,0.0157,2.0944,0.2319,0.0946,0.5723,0.2024,1.5867,0.3615,0.0000,2.5370,1.4404,154,55,11,6,0
esport_0379,229.3098,109.9540,89.1544,1.0137,5.7936,25,0.0488,394.3036,625.0000,0.2561,0.0138,2.4790,0.1827,0.0200,0.3174,0.1110,2.0444,0.4939,0.0000,4.1935,2.7329,159,78,21,6,0
casual_0060,210.4688,153.6578,84.3029,30.8322,9.4946,9,0.0244,438.5681,620.0000,0.1964,0.0078,2.8154,0.6224,0.1215,1.0309,0.2021,1.2746,0.2402,0.0000,1.1212,0.5969,40,9,7,13,0
casual_1240,262.2761,43.8832,75.5794,11.0412,7.0559,35,0.0044,50.0000,538.3299,0.1334,0.0158,2.5851,0.3645,0.1116,0.8962,0.2052,1.1047,0.1927,0.0000,0.9352,1.3420,177,34,8,5,0
esport_0387,168.9777,154.8149,24.2097,0.5000,4.6929,23,0.0115,499.4100,574.4341,0.2662,0.0129,2.8850,0.0800,0.0647,0.5659,0.0993,1.5775,0.4074,0.0000,3.4380,4.6876,58,23,25,3,0
casual_1040,54.7654,129.5277,85.5693,2.0000,1.0000,11,0.0125,358.2599,555.0795,0.3800,0.0062,2.7101,0.6385,0.1628,0.5536,0.1973,0.4848,0.0277,0.0000,1.0156,1.1273,61,1,0,12,0
skilled_1187,127.7334,117.3188,50.0856,14.7779,9.5696,78,0.0249,482.9417,588.4212,0.5895,0.0132,1.9756,0.3131,0.0300,0.2919,0.1033,1.6794,0.1205,0.0000,1.0349,0.3007,196,23,10,5,0
casual_2760,206.2526,120.3041,77.5940,34.7141,23.2925,10,0.0135,377.1816,611.5283,0.6126,0.0018,2.0334,0.4799,0.0400,0.9151,0.0363,1.1980,0.2572,0.0000,0.4286,0.0500,90,23,0,8,0
casual_2120,103.9547,44.4251,127.7697,28.1171,12.0766,30,0.0450,512.4667,609.9522,0.0200,0.0023,1.3372,0.3553,0.1028,0.2552,0.1995,1.0893,0.0889,0.0000,1.1627,1.5050,143,12,6,7,0
casual_1524,221.2025,60.6272,71.2490,20.2489,15.4655,15,0.0166,374.3003,620.0000,0.2775,0.0101,3.4333,0.2000,0.1055,0.3731,0.2646,1.3906,0.0969,0.0000,0.0876,0.5408,178,17,9,15,0
skilled_0521,212.7590,118.5545,97.4378,17.1964,12.6713,16,0.0139,593.3333,620.0000,0.3049,0.0096,2.9372,0.2807,0.1273,0.6334,0.1305,1.7217,0.2624,0.0000,3.1017,2.1627,77,20,4,6,0
casual_0153,179.5898,29.3393,138.8678,12.8081,16.3839,21,0.0223,516.2454,567.5604,0.2142,0.0195,1.8498,0.3310,0.1049,0.7064,0.1995,1.3329,0.1090,0.0000,1.5369,1.5320,145,15,7,14,0
casual_2248,134.8015,67.2054,20.0000,10.1466,5.5914,24,0.0112,410.0913,532.1556,0.2569,0.0142,2.5735,0.8195,0.0711,0.9675,0.1622,0.1851,0.1009,0.0000,1.0703,0.3754,138,13,7,17,0
casual_0481,88.7597,31.2958,20.1286,36.3597,5.2166,15,0.0153,375.3917,575.4245,0.3550,0.0009,2.7074,0.7752,0.1441,0.2599,0.2831,1.2183,0.4349,0.0000,0.8029,0.7446,103,44,8,14,0
skilled_1233,96.1257,116.8542,83.3868,9.0774,10.3993,43,0.0025,303.4348,613.2783,0.5975,0.0110,2.4894,0.2986,0.1557,0.5512,0.2939,1.8726,0.2967,0.0000,2.2741,0.8169,110,32,7,8,0
esport_0055,64.0175,140.1693,15.0000,3.9457,5.7963,46,0.0309,449.1356,615.1559,0.7365,0.0015,2.4212,0.1918,0.0657,0.2247,0.1784,1.4776,0.6912,0.0000,3.0920,1.0758,132,91,30,2,0
skilled_0578,231.7971,108.4347,81.4503,9.8937,9.5192,28,0.0135,494.4237,574.9859,0.4700,0.0080,3.1153,0.3642,0.0827,0.3368,0.1898,1.5035,0.4207,0.0000,3.7674,2.0027,170,71,4,12,0
skilled_1125,129.3846,105.7851,147.9321,1.0000,6.3739,27,0.0485,489.2285,620.0000,0.3111,0.0150,2.9157,0.1388,0.1064,0.3352,0.2338,1.2962,0.4095,0.0000,1.9176,2.1430,99,40,12,0,0
skilled_0562,243.0733,106.2751,79.0262,12.6220,5.3526,61,0.0230,349.0281,568.6823,0.6110,0.0008,2.2477,0.3882,0.0974,0.3799,0.1445,1.6639,0.5146,0.0000,2.7201,0.4125,171,87,16,3,0
skilled_0315,113.2626,111.0384,81.2396,15.2930,8.3433,30,0.0301,398.6975,620.0000,0.2704,0.0021,2.7971,0.3962,0.1350,0.3777,0.0649,1.6014,0.2910,0.0000,3.2191,1.0796,96,27,17,1,0
casual_1762,87.1785,82.6350,147.4448,26.9439,1.7277,13,0.0417,482.9175,614.4754,0.1181,0.0181,2.1708,0.3728,0.1083,1.0138,0.0300,1.4464,0.2385,0.0000,0.6530,1.4622,40,9,8,14,0
skilled_0538,98.5292,126.6564,77.9648,8.7300,6.3522,35,0.0165,368.9350,564.6536,0.4044,0.0045,2.0587,0.2477,0.1516,0.7890,0.1342,1.1755,0.1795,0.0000,0.5875,2.2391,143,25,13,7,0
aimbot_0053,61.5076,174.5375,16.4741,1.6379,0.9761,50,0.1111,407.9206,596.5214,0.3856,0.0052,2.7757,0.0479,0.0183,0.4053,0.0835,1.5135,0.7908,0.0000,7.6813,7.4821,62,49,33,4,1
casual_0750,100.2941,54.3099,80.0518,28.3009,12.1664,22,0.0383,383.4894,529.3552,0.3765,0.0116,2.5207,0.4943,0.0618,0.5960,0.2076,1.2400,0.1714,0.0000,0.0000,0.0664,85,14,10,4,0
skilled_0619,277.4731,145.8508,67.7307,4.3623,7.9257,27,0.0223,492.6389,613.7171,0.3520,0.0159,3.2102,0.3383,0.1253,0.2877,0.2455,0.8272,0.3629,0.0000,2.9318,2.3129,85,30,17,2,0
casual_1785,257.3589,80.0583,94.7009,9.6473,16.0815,13,0.0325,357.5434,545.8032,0.5846,0.0048,2.5443,0.3898,0.1528,0.2181,0.2874,0.6432,0.1127,0.0000,0.5971,0.0924,59,6,0,8,0
esport_0020,106.6402,125.9190,71.3688,6.1766,3.7180,39,0.0000,428.7792,604.0311,0.4762,0.0042,2.6261,0.2603,0.0440,0.4142,0.0657,1.9157,0.5547,0.0000,5.4392,5.0136,127,70,19,7,0
skilled_0383,252.4887,109.6689,96.7760,12.5375,9.6628,6,0.0216,490.6908,586.1214,0.4975,0.0150,2.7002,0.3182,0.0651,0.4909,0.1603,1.7479,0.3303,0.0000,0.3298,1.8274,28,9,11,8,0
esport_0098,265.3531,134.1630,90.4503,0.5000,2.8426,26,0.0695,433.0669,585.5883,0.6011,0.0059,2.9003,0.2814,0.0634,0.4225,0.0853,2.6658,0.3314,0.0000,3.3268,5.5325,66,21,29,5,0
casual_0405,267.3840,32.2365,162.7789,14.3133,9.6508,24,0.0000,222.7433,541.1087,0.2921,0.0025,3.5000,0.2688,0.1829,0.3025,0.2788,1.6329,0.1601,0.0000,1.8915,1.4410,100,16,2,4,0
casual_0757,281.2038,95.1422,87.5873,23.2118,12.1464,11,0.0041,372.3542,577.8409,0.4591,0.0034,1.5809,0.5581,0.2257,0.5026,0.2722,0.8625,0.1820,0.0000,1.5333,0.1693,73,13,1,12,0
casual_2711,96.7593,109.5353,124.9660,8.5189,5.8911,19,0.0143,446.6957,617.5148,0.1589,0.0055,2.2149,0.7402,0.1529,0.5060,0.3270,0.7843,0.0200,0.0000,0.6975,1.1881,175,3,5,13,0
casual_2670,195.8561,83.2463,97.0299,11.9634,11.6359,21,0.0272,356.3547,541.9273,0.3764,0.0057,2.4345,0.7912,0.1699,1.2410,0.1678,0.7006,0.2096,0.0000,1.5669,1.3135,72,15,2,9,0
skilled_0983,147.0882,125.3894,60.9091,7.2403,5.5282,4,0.0049,407.4840,569.5769,0.5895,0.0063,2.7462,0.2487,0.0667,0.5839,0.0708,1.1764,0.3933,0.0000,1.8570,1.5440,23,9,8,6,0
casual_0097,53.6655,66.5058,117.3340,18.4488,17.4082,20,0.0000,550.3311,469.0370,0.0537,0.0081,2.3117,0.3937,0.2747,0.6324,0.1849,1.1266,0.1012,0.0000,0.8628,0.7877,107,10,1,7,0
casual_1333,290.6623,42.0232,73.0030,22.7760,3.6344,3,0.0181,378.0738,620.0000,0.6460,0.0007,2.2577,0.4516,0.1741,0.5932,0.2679,1.3918,0.3525,0.0000,0.6300,0.8218,12,4,1,11,0
esport_0201,132.2814,77.4521,41.0015,4.1133,5.5353,38,0.0457,488.2304,602.8639,0.5950,0.0034,2.6621,0.1965,0.0725,0.4924,0.1913,0.9050,0.5613,0.0000,2.3972,4.8500,170,95,18,2,0
casual_2791,50.2876,75.2971,147.8064,18.3190,10.4747,2,0.0148,275.5925,607.7925,0.2876,0.0049,3.0702,0.4949,0.0501,0.5774,0.1010,0.1925,0.1105,0.0000,1.5624,0.9987,17,1,11,16,0
casual_2854,234.6698,38.0773,184.3229,31.1638,7.4177,20,0.0184,346.0432,572.2274,0.7939,0.0055,2.2462,0.2664,0.1942,0.7726,0.2911,0.9723,0.1016,0.0000,1.3091,1.1951,164,16,8,1,0
casual_0186,130.8876,26.2940,78.1602,10.6061,13.7280,29,0.0000,427.1424,507.1228,0.3849,0.0082,2.3127,0.6161,0.1246,0.9054,0.1087,0.2329,0.3151,0.0000,0.7784,0.5341,173,54,4,3,0
skilled_1003,205.9807,89.5859,87.6963,14.4440,8.6870,16,0.0066,425.0759,620.0000,0.6247,0.0051,2.5484,0.2850,0.0459,0.2450,0.0200,1.2806,0.2738,0.0000,3.0713,2.2184,54,14,6,3,0
casual_2723,140.7922,10.0000,43.5286,18.3835,23.0658,12,0.0158,354.2281,562.1163,0.4739,0.0017,2.0689,0.4707,0.2410,0.5523,0.1835,0.7902,0.0200,0.0000,0.7106,0.8773,69,1,3,12,0
skilled_0583,259.2782,95.2407,124.3323,9.6325,6.2963,37,0.0238,473.8227,616.4641,0.6854,0.0085,2.1112,0.4567,0.0660,0.3619,0.2843,0.9575,0.3301,0.0000,2.1508,1.6712,121,39,14,2,0
casual_2058,65.3488,67.6960,67.8043,33.8368,19.7432,12,0.0309,375.5711,528.7766,0.4237,0.0102,1.5909,0.3627,0.2216,0.7069,0.1338,1.1188,0.2051,0.0000,0.7804,0.7597,100,20,3,6,0
casual_1319,260.0792,86.8835,51.7094,34.6390,7.9161,22,0.0192,392.5685,573.1144,0.2728,0.0219,2.1345,0.5729,0.1877,0.6217,0.1960,1.5582,0.2541,0.0000,0.0000,0.3726,110,27,0,17,0
casual_0148,148.5061,31.1919,20.0000,15.5610,8.0511,15,0.0000,426.0641,585.7451,0.2219,0.0023,1.9197,0.2000,0.0867,0.7592,0.2306,0.3838,0.0913,0.0000,0.4409,0.9048,159,14,6,8,0
casual_0028,71.6582,69.0398,29.8655,21.2764,3.7302,12,0.0142,393.4697,519.2822,0.3475,0.0058,2.4984,0.4664,0.0496,0.6238,0.0647,0.7587,0.1372,0.0000,1.2382,0.0500,71,9,11,15,0
skilled_1140,129.4650,105.6829,82.7671,3.9856,9.7605,27,0.0215,375.6080,620.0000,0.4911,0.0105,2.7561,0.3529,0.1584,0.6024,0.1489,1.5194,0.3871,0.0000,1.5419,2.4283,79,30,12,11,0
skilled_1009,227.5480,113.5382,101.7083,11.6666,1.0000,48,0.0150,413.1064,620.0000,0.4111,0.0057,2.0292,0.3600,0.1000,0.4889,0.1382,2.3852,0.1841,0.0000,1.3460,1.8683,198,36,7,10,0
skilled_0363,177.1836,82.0304,113.2260,21.5713,6.9068,18,0.0199,300.0982,613.5002,0.3700,0.0018,2.9594,0.3160,0.1234,0.3751,0.1873,0.5695,0.4453,0.0000,2.2216,1.9085,54,24,8,7,0
casual_0692,93.4762,140.7738,94.2772,26.4152,12.5399,13,0.0179,412.9049,524.0766,0.4193,0.0018,1.4782,0.4733,0.1475,0.6728,0.0300,1.4227,0.0420,0.0000,0.5697,0.9074,111,4,9,16,0
casual_2866,140.8192,84.3629,82.5386,21.9149,5.5479,36,0.0218,293.7645,555.3817,0.4540,0.0073,2.9578,0.7755,0.0746,0.8076,0.3608,0.6909,0.3611,0.0000,1.0224,1.3178,178,64,3,5,0
skilled_0776,275.7825,108.8190,62.4052,12.6188,8.9485,28,0.0205,384.1884,579.8652,0.2200,0.0154,3.0506,0.3055,0.0428,0.5588,0.1976,0.4533,0.3635,0.0000,2.1475,2.1744,84,30,9,8,0
casual_1386,220.5652,175.8324,86.1298,21.6158,10.0020,29,0.0393,349.1419,563.0231,0.0773,0.0070,1.8256,0.3186,0.0937,0.5025,0.2114,0.5947,0.2210,0.0000,1.6067,0.4000,149,32,2,9,0
casual_1845,199.1926,67.4994,96.7650,22.4391,7.8225,4,0.0160,268.4879,491.7315,0.4918,0.0030,2.6141,0.2704,0.1320,0.6962,0.2718,0.5966,0.2124,0.0000,2.5051,0.8298,24,5,9,11,0
esport_0480,297.4218,61.1412,76.8843,1.8921,2.8462,72,0.0267,508.2048,625.0000,0.6786,0.0148,3.1194,0.1676,0.0522,0.3435,0.1798,2.3738,0.5074,0.0000,1.9816,3.1800,179,90,15,0,0
casual_0129,188.6640,156.5133,107.7732,21.8565,19.1321,30,0.0041,225.6351,613.9549,0.2990,0.0072,1.6720,0.3896,0.1588,0.2279,0.1570,0.6533,0.3450,0.0000,0.6761,1.3448,91,31,5,8,0
casual_1599,101.4722,132.7981,25.0927,33.5214,11.4863,29,0.0121,468.0339,620.0000,0.4589,0.0072,1.9692,0.4812,0.0789,0.7933,0.3007,1.3760,0.1874,0.0000,0.3718,0.3542,154,28,0,1,0
skilled_0629,246.2709,114.1065,51.9508,12.0596,4.4002,47,0.0269,444.6717,546.0892,0.2917,0.0213,2.3742,0.2357,0.0404,0.3835,0.0441,1.2616,0.3782,0.0000,2.3758,2.2478,135,51,13,11,0
esport_0253,120.6634,119.2255,51.4274,3.6568,4.9627,52,0.0624,403.4688,625.0000,0.4944,0.0248,2.4641,0.1825,0.0677,0.4545,0.1771,1.5381,0.6416,0.0000,2.6088,1.5641,144,92,14,7,0
casual_0701,117.0729,63.9993,103.8820,22.7647,14.3142,30,0.0106,512.7623,492.3914,0.4387,0.0028,1.7122,0.8498,0.1700,1.2400,0.1401,0.7862,0.0735,0.0000,1.5788,0.2522,145,10,6,4,0
skilled_0982,248.9553,82.3986,72.3769,12.2732,7.6709,19,0.0133,255.7533,582.0611,0.7194,0.0210,2.6241,0.5383,0.0300,0.3309,0.1716,1.8839,0.2228,0.0000,2.1751,1.4374,72,16,10,3,0
skilled_0028,104.1211,99.6360,75.7974,13.2965,6.1040,17,0.0314,324.5880,571.4922,0.3622,0.0123,2.6118,0.4180,0.1791,0.5133,0.1530,1.4497,0.3215,0.0000,2.5903,1.1952,67,21,6,5,0
casual_2969,79.4959,64.3253,28.6743,38.9357,18.6805,44,0.0050,383.3371,579.9836,0.2793,0.0261,2.7340,0.7552,0.0562,0.2345,0.1939,1.2197,0.3427,0.0000,1.7059,1.4725,126,43,11,4,0
esport_0106,272.3335,103.8745,39.7374,0.5000,1.6775,17,0.0432,482.5583,624.2186,0.6470,0.0006,2.0934,0.1910,0.1076,0.4560,0.0851,1.6932,0.5820,0.0000,2.6890,3.7288,62,36,23,2,0
casual_1708,266.3955,48.5260,142.9698,29.2862,13.1064,26,0.0113,438.9560,583.3185,0.5728,0.0145,2.8135,0.8922,0.0519,0.5219,0.2205,0.6886,0.0200,0.0000,2.3474,0.1674,140,2,0,13,0
casual_2953,276.6129,82.8851,91.9960,20.0351,8.3355,29,0.0297,330.1225,486.6114,0.5507,0.0014,3.0554,0.6904,0.1890,0.8969,0.1617,0.9840,0.2769,0.0000,0.0378,0.0500,125,34,11,2,0
casual_0454,54.7647,52.4784,24.7436,11.7561,14.3896,3,0.0315,328.1939,620.0000,0.1615,0.0048,2.5153,0.3016,0.1313,1.3278,0.2595,1.1380,0.2518,0.0000,1.2918,0.8877,26,6,10,7,0
casual_2868,281.2920,21.2059,140.8021,8.2604,3.2921,20,0.0174,438.4533,620.0000,0.4984,0.0005,2.4207,0.2553,0.2516,0.9047,0.1602,0.9883,0.0717,0.0000,1.1376,0.3278,67,4,2,11,0
casual_2040,106.8980,10.0000,132.9360,31.5045,9.7409,1,0.0230,345.7431,596.2227,0.0244,0.0217,2.6753,0.2438,0.1242,0.4071,0.0975,0.1066,0.3395,0.0000,0.3658,0.9516,40,13,0,9,0
casual_1772,200.3462,90.1372,79.4975,13.1667,24.6278,5,0.0116,343.0634,507.3886,0.4369,0.0400,2.2773,1.0437,0.1559,0.9644,0.2347,0.3588,0.1456,0.0000,1.2453,0.5114,18,2,5,3,0
casual_2315,107.6177,81.3707,165.4472,18.5694,13.5349,6,0.0251,394.1693,587.2613,0.3964,0.0400,1.3474,0.7940,0.1525,1.1186,0.0937,1.0675,0.3006,0.0000,1.8099,0.3994,29,8,2,4,0
casual_0609,148.8239,64.6088,133.9701,18.0059,11.8598,20,0.0253,501.5357,606.7151,0.3809,0.0003,2.3718,0.5989,0.1585,0.5146,0.2468,1.1809,0.0927,0.0000,1.2813,0.6892,97,8,10,6,0
casual_0167,248.2279,34.4394,83.7702,31.0971,11.9062,13,0.0217,547.2728,543.1234,0.5413,0.0041,2.0460,0.8250,0.1531,0.4647,0.0332,0.6884,0.2578,0.0000,0.8766,0.8760,68,17,11,12,0
casual_0730,114.3939,81.0161,95.1248,13.2974,21.2648,10,0.0347,278.6302,483.2182,0.0920,0.0006,1.8315,0.6258,0.2242,0.3451,0.2773,0.7125,0.1131,0.0000,1.3516,0.6203,57,6,10,7,0
skilled_1248,272.8118,100.6331,61.3841,9.8454,4.9387,24,0.0073,280.0353,551.7065,0.3339,0.0017,2.4066,0.3740,0.0558,0.6629,0.2856,1.1451,0.4223,0.0000,0.4693,1.7887,169,71,5,13,0
skilled_0358,262.0162,100.5197,68.2634,15.2372,3.2525,25,0.0000,371.9171,608.5068,0.2883,0.0138,2.4871,0.3419,0.0718,0.3828,0.1387,1.8111,0.1792,0.0000,2.4605,2.3751,117,20,13,10,0
casual_2074,135.2702,84.8640,60.3005,13.8968,16.5899,3,0.0184,368.4869,609.3549,0.4429,0.0025,3.4579,0.6808,0.1767,0.9298,0.3169,1.7204,0.2333,0.0000,0.3446,0.0541,17,3,1,15,0
skilled_1039,255.2292,67.2831,18.8156,4.8548,9.8599,28,0.0227,518.0229,585.8290,0.3210,0.0084,1.9765,0.4866,0.0422,0.5135,0.1342,0.7644,0.3276,0.0000,1.7640,1.1137,100,32,7,5,0
skilled_0700,234.9306,117.8609,81.9873,1.5291,1.0000,11,0.0236,407.9650,569.3908,0.2971,0.0031,2.5777,0.4408,0.0831,0.6334,0.0868,1.2184,0.3006,0.0000,3.7354,2.2787,33,9,17,13,0
casual_1622,248.6840,126.8256,108.1359,9.6774,9.4029,31,0.0215,379.2533,536.2765,0.2689,0.0042,2.3341,0.4531,0.1170,0.6623,0.1559,1.1012,0.0200,0.0000,0.8770,0.7799,94,1,8,17,0
casual_0587,121.4910,44.5421,153.2640,12.8230,2.4165,13,0.0059,402.9969,588.2756,0.3856,0.0010,2.8807,0.5395,0.1154,0.4111,0.1924,0.1000,0.2178,0.0000,0.4804,0.6810,63,13,7,12,0
casual_1401,47.0416,90.2066,92.1604,19.2587,22.3678,24,0.0175,598.1527,592.8336,0.4999,0.0053,2.3361,0.6206,0.0747,0.3094,0.2690,0.8139,0.4129,0.0000,0.0000,0.6370,153,63,6,15,0
skilled_0045,175.5897,92.5383,121.1562,7.6694,8.5720,18,0.0179,384.9301,607.3605,0.1515,0.0003,2.5501,0.3488,0.0516,0.1961,0.2062,1.3787,0.5782,0.0000,3.3639,2.4282,96,55,9,1,0
skilled_0224,168.4190,79.2927,63.6824,18.7023,9.7329,48,0.0116,472.4853,564.6226,0.5106,0.0146,3.0040,0.3379,0.0746,0.5892,0.0959,1.7099,0.2224,0.0000,1.5085,1.8333,164,36,7,12,0
casual_1700,277.8222,28.7774,75.9123,46.1356,6.4770,36,0.0089,400.6979,577.0469,0.4544,0.0010,2.4248,0.4043,0.1173,0.8171,0.2197,1.2671,0.4155,0.0000,1.1654,0.5746,152,63,11,13,0
skilled_0088,222.6653,83.2032,110.9062,1.0000,7.4072,48,0.0220,292.5616,579.0102,0.2954,0.0012,2.6503,0.5193,0.1484,0.7302,0.2506,1.2698,0.3207,0.0000,1.7705,2.0781,170,54,19,7,0
esport_0140,108.5930,115.6303,40.3191,3.6022,1.3513,19,0.0118,538.4268,604.6160,0.6168,0.0042,2.2030,0.1980,0.0308,0.4909,0.1083,1.6502,0.3650,0.0000,4.3350,6.4334,56,20,24,9,0
casual_2981,105.1186,88.4807,153.0912,20.1924,13.9883,4,0.0145,526.1762,594.3415,0.3680,0.0139,2.2031,0.8254,0.1360,0.4673,0.0651,1.9007,0.2374,0.0000,1.2290,0.7398,23,5,2,9,0
casual_0040,148.0310,49.5590,97.4721,7.4829,18.5667,8,0.0210,398.5415,596.7608,0.1793,0.0016,1.9096,0.6725,0.0767,0.7436,0.1492,1.1998,0.2444,0.0000,0.5220,0.2590,45,10,1,12,0
casual_1379,145.8371,71.5208,100.9431,15.6644,4.9504,22,0.0024,407.9228,483.8208,0.0200,0.0232,1.8433,0.3942,0.0400,0.5096,0.0300,1.9052,0.1736,0.0000,0.6435,1.9572,103,17,11,2,0
casual_2089,155.9575,55.9780,137.3050,10.1481,13.8085,25,0.0320,600.0000,537.3724,0.2687,0.0150,2.3360,0.4019,0.1212,1.2345,0.1195,0.9251,0.1715,0.0000,0.8942,0.5358,145,24,2,3,0
casual_2175,182.7634,60.8973,20.0000,25.0818,9.9975,7,0.0335,361.6885,578.4768,0.5768,0.0109,2.1815,0.4954,0.1813,0.7542,0.2569,0.9771,0.2364,0.0000,0.5246,0.8026,31,7,7,4,0
skilled_0217,223.2888,74.0519,47.1543,9.1462,2.5823,53,0.0122,425.1868,562.3188,0.5127,0.0084,2.5202,0.3315,0.0436,0.3195,0.1664,1.5617,0.2555,0.0000,0.9336,0.9603,177,45,10,4,0
casual_2885,89.8923,85.3462,91.3825,7.5681,18.8322,25,0.0069,392.6857,503.0329,0.4149,0.0018,2.3640,0.4326,0.2180,0.6718,0.2582,1.6286,0.0965,0.0000,1.0891,0.4886,134,12,9,11,0
casual_0074,45.7417,107.1115,28.9136,12.2855,17.7920,14,0.0207,434.3877,551.5556,0.2698,0.0012,3.2807,0.7354,0.0994,1.0123,0.1735,1.0109,0.0856,0.0000,0.8781,0.4152,72,6,8,7,0
skilled_0909,96.2390,142.8205,63.5537,5.3706,6.9345,15,0.0351,338.4392,620.0000,0.3440,0.0031,2.0193,0.2669,0.1137,0.9521,0.1928,0.5939,0.2973,0.0000,1.3766,0.2715,58,17,11,5,0
trigger_0039,224.0280,105.7430,61.2409,10.8878,2.5923,66,0.0160,587.1785,569.8827,0.3731,0.0033,2.3035,0.1323,0.0060,0.5082,0.0078,2.7865,0.5285,0.0000,5.0160,5.6909,128,67,11,6,1
casual_2657,182.6758,72.3020,62.3527,28.7522,23.7294,2,0.0149,475.0165,524.6025,0.3547,0.0021,2.3992,0.6973,0.1789,0.5787,0.0897,1.8281,0.1485,0.0000,1.2179,1.3271,41,6,0,13,0
skilled_0180,137.3907,85.1927,103.8706,4.3907,7.2133,11,0.0000,249.6213,603.8034,0.4474,0.0007,2.4982,0.3499,0.0871,0.4466,0.1835,1.1641,0.3822,0.0000,1.4801,1.2360,30,11,12,6,0
casual_2076,293.6623,80.5714,20.0000,20.8219,9.4772,32,0.0194,283.8310,584.1300,0.4165,0.0083,2.6057,0.3733,0.1218,0.7140,0.3243,1.2589,0.2157,0.0000,0.9375,0.6073,161,34,11,13,0
casual_0441,71.9075,69.7102,66.9662,25.8971,6.4297,12,0.0342,323.4657,620.0000,0.3826,0.0025,2.4985,0.4577,0.1726,0.7272,0.2084,0.5853,0.1160,0.0000,0.3299,0.4333,46,5,5,4,0
skilled_1051,250.1819,38.2654,117.6915,6.0923,9.2256,60,0.0086,453.5975,587.0350,0.4096,0.0037,2.6085,0.2326,0.1650,0.2261,0.0200,0.7729,0.3772,0.0000,2.5070,1.9765,158,59,18,6,0
casual_2051,34.3822,19.6429,117.9001,8.9844,26.2058,30,0.0056,460.4201,583.9934,0.5072,0.0013,2.4499,0.6061,0.2215,0.3778,0.1987,0.7829,0.3087,0.0000,1.4502,1.4789,142,43,0,8,0
casual_2541,147.9871,79.4215,110.2572,22.5833,19.3119,41,0.0119,434.2408,540.1592,0.5964,0.0009,1.6416,0.4212,0.1374,0.6873,0.2281,0.2991,0.1183,0.0000,0.0000,0.6609,156,18,2,9,0
skilled_0306,165.3215,103.1042,79.0680,9.3548,1.3417,10,0.0255,308.1155,557.0567,0.3861,0.0016,2.8994,0.2682,0.0683,0.6974,0.0829,1.6693,0.3427,0.0000,2.7241,1.6478,45,15,12,5,0
casual_1301,181.9216,113.0264,119.0467,20.4011,15.2994,23,0.0117,257.5776,561.8365,0.3841,0.0326,2.0391,0.3281,0.1164,0.5578,0.2282,0.2878,0.1851,0.0000,1.2757,0.0500,75,13,0,15,0
casual_1781,245.0744,49.5767,63.8496,23.2782,7.4309,29,0.0343,479.3848,577.8173,0.2779,0.0113,2.0077,0.2487,0.2451,0.3108,0.0300,1.4988,0.1780,0.0000,2.0065,1.0402,166,29,0,5,0
aimbot_0064,110.0987,102.9304,19.1923,2.0083,1.0960,20,0.0925,465.7112,549.5435,0.2901,0.0235,2.1310,0.0680,0.0187,0.3957,0.0689,2.3132,0.7338,0.0000,5.0446,8.1543,34,24,18,5,1
skilled_0430,239.7262,127.4465,34.6138,6.7866,5.3822,33,0.0297,492.6458,589.1543,0.2172,0.0185,2.7988,0.2592,0.0677,0.7612,0.2815,1.2577,0.4941,0.0000,0.6930,1.3356,180,88,7,12,0
casual_1304,253.2333,77.9138,102.0683,28.8637,2.9667,15,0.0198,367.1761,620.0000,0.2210,0.0033,2.5352,0.9392,0.2602,0.8998,0.1003,0.9372,0.0902,0.0000,1.6789,0.8540,66,5,5,1,0
casual_0236,156.1930,28.4064,204.1605,26.3076,11.4544,11,0.0388,357.8504,544.4576,0.0985,0.0094,2.4203,0.6133,0.2307,0.6231,0.2116,0.5266,0.0219,0.0000,0.0000,1.6435,61,1,8,7,0
casual_2599,286.6795,68.4792,114.4744,29.9980,19.9863,14,0.0259,246.7816,569.9905,0.2761,0.0077,1.7608,0.3516,0.2464,0.4224,0.2164,1.3741,0.2045,0.0000,1.1664,0.7814,68,13,11,10,0
casual_0520,261.2680,95.2429,116.5848,29.2532,23.9082,13,0.0145,178.8341,551.5296,0.5758,0.0056,1.5812,0.5299,0.2038,0.6017,0.1759,0.1000,0.3759,0.0000,1.1691,0.5723,80,30,5,15,0
casual_2573,253.2292,52.0292,85.4004,34.5802,14.7853,14,0.0088,449.2433,587.5603,0.3621,0.0046,2.3539,0.4304,0.0931,0.4239,0.4435,1.6284,0.2303,0.0000,1.1822,0.6774,72,16,9,9,0
skilled_0280,128.2535,102.8890,43.1081,11.0433,8.6703,20,0.0266,458.1631,566.1946,0.7088,0.0036,2.6613,0.1269,0.0791,0.2928,0.1250,1.4666,0.3110,0.0000,2.8671,1.7208,185,57,4,10,0
skilled_0186,169.8560,112.8669,27.9877,6.3107,2.6100,15,0.0125,391.2456,612.0699,0.3107,0.0084,3.0496,0.1942,0.0552,0.1000,0.0610,0.9607,0.4804,0.0000,2.9711,2.6887,42,20,10,11,0
casual_2768,257.1024,110.0608,39.3099,32.5869,15.2998,16,0.0397,343.5907,542.5775,0.4022,0.0000,2.3565,0.7374,0.1107,0.9320,0.2814,0.8600,0.2519,0.0000,0.9905,0.2317,78,19,1,3,0
casual_0735,218.5112,10.0000,94.3715,23.8790,11.0018,4,0.0195,407.7838,460.8740,0.4539,0.0001,3.4264,0.5489,0.0960,0.6375,0.4293,1.0539,0.2284,0.0000,0.9523,1.0300,18,4,7,11,0
esport_0453,288.8872,92.6486,34.7432,5.7849,7.0831,18,0.0499,442.0712,618.3668,0.5295,0.0100,2.7414,0.1144,0.0371,0.4284,0.1784,1.0739,0.5829,0.0000,4.1141,2.1987,30,17,16,0,0
trigger_0004,249.1324,108.4923,28.1978,6.8170,4.6957,20,0.0000,469.6778,490.8183,0.5006,0.0081,2.6284,0.1467,0.0024,0.4004,0.0059,1.7725,0.5933,0.0000,5.4957,3.6926,59,35,24,6,1
casual_2106,222.6684,30.6551,182.0965,18.0222,7.8253,21,0.0000,304.4272,539.7457,0.4621,0.0041,2.0381,0.5554,0.2801,0.7064,0.1091,1.2739,0.2792,0.0000,1.0676,1.0629,67,18,6,11,0
casual_2679,122.1722,46.0924,74.9579,34.7045,5.4489,18,0.0266,366.8379,620.0000,0.0433,0.0087,2.6125,0.4712,0.2070,1.0092,0.2685,0.5304,0.0200,0.0000,1.0192,0.5897,73,1,6,7,0
skilled_0229,231.7208,70.8062,44.1585,17.2954,3.1619,41,0.0000,497.9984,578.3728,0.4173,0.0153,2.4309,0.2461,0.1188,0.7761,0.1193,1.5051,0.4959,0.0000,2.2812,2.3604,141,69,11,5,0
casual_2761,278.1596,93.0619,140.5708,11.4135,22.6918,6,0.0000,369.4162,524.2790,0.3622,0.0131,2.4584,0.3164,0.0504,0.7034,0.0300,1.1276,0.3336,0.0000,1.3167,1.2674,71,23,9,9,0
casual_0592,113.0345,124.8872,154.9676,26.5404,11.3050,11,0.0272,598.9661,554.7806,0.3373,0.0048,2.8077,0.3468,0.1635,0.7917,0.2811,1.0782,0.2477,0.0000,1.0666,0.7817,57,14,11,12,0
casual_1303,99.5040,77.1522,183.3304,19.7578,13.7655,33,0.0260,182.3499,554.7164,0.0200,0.0161,2.5191,0.5708,0.2107,1.0356,0.2800,1.0424,0.2482,0.0000,1.8269,0.4907,120,29,5,1,0
casual_1387,111.4765,44.9450,20.0000,17.6820,10.1289,16,0.0298,237.4907,520.0766,0.6936,0.0036,1.9519,0.4726,0.0400,0.9743,0.0406,1.4860,0.2407,0.0000,0.0000,1.1487,69,16,4,16,0
esport_0445,190.5939,83.0141,42.4028,7.4331,3.7450,54,0.0447,442.0190,595.0687,0.4370,0.0152,2.8312,0.2392,0.0489,0.3743,0.0606,2.0302,0.6207,0.0000,4.1916,3.4826,198,122,23,6,0
esport_0276,199.7922,121.1106,25.8147,6.5333,5.6347,18,0.0294,546.7412,625.0000,0.8193,0.0219,2.2333,0.1225,0.0806,0.3745,0.1733,1.1567,0.5042,0.0000,5.1544,2.5308,128,64,8,3,0
skilled_0947,173.0880,81.7051,23.0121,8.8558,7.7053,25,0.0136,407.4462,598.0516,0.4952,0.0010,3.3563,0.3099,0.1467,0.5178,0.1830,1.4116,0.2689,0.0000,3.1256,1.5464,108,29,5,11,0
casual_1890,91.5243,49.4965,179.3715,24.3562,20.9238,37,0.0000,350.4173,620.0000,0.5120,0.0108,2.3945,0.6541,0.1610,0.5112,0.2839,0.6047,0.1201,0.0000,0.3140,1.4223,161,19,1,11,0
casual_2987,178.1996,61.5126,128.2446,18.5228,22.2013,3,0.0278,219.8142,620.0000,0.2551,0.0177,2.2573,0.2456,0.0672,0.4427,0.4542,1.7131,0.4871,0.0000,1.0968,0.6003,20,9,7,4,0
speed_0074,147.3884,103.3133,30.5910,6.1325,4.2004,7,0.0177,592.9479,1837.8967,1.2419,0.2000,2.7054,0.5393,0.1148,0.5628,0.1154,0.7813,0.2254,0.0000,2.0590,2.8911,31,6,8,8,1
skilled_0297,275.4347,47.8293,90.5695,1.4536,3.4466,56,0.0173,410.9245,554.5918,0.3242,0.0228,2.0910,0.3661,0.0845,0.7726,0.1714,0.5282,0.3802,0.0000,0.9278,1.4533,153,58,19,13,0
casual_0904,289.0197,65.1684,74.0114,14.5626,12.0189,28,0.0327,444.4449,588.7380,0.4673,0.0008,1.6646,0.6401,0.0608,0.4822,0.3311,0.5299,0.1996,0.0000,0.9234,1.2040,146,29,5,5,0
esport_0359,249.8932,105.7424,64.2122,3.1257,1.0601,25,0.0888,521.2333,558.9595,0.9108,0.0371,3.1409,0.1232,0.0610,0.1893,0.1065,1.7446,0.5248,0.0000,4.0198,3.6461,100,52,31,4,0
casual_1279,189.1194,89.3857,108.8826,16.5025,17.1647,11,0.0345,325.3537,469.4158,0.0200,0.0038,1.7477,0.5989,0.1207,0.6650,0.1318,1.4816,0.1438,0.0000,1.1322,0.4072,148,21,9,9,0
casual_0933,235.2040,84.6080,70.7144,2.0000,23.4208,39,0.0000,411.8977,510.3894,0.3074,0.0011,1.6223,0.8028,0.0970,0.5773,0.2075,0.1000,0.2305,0.0000,1.2107,0.5499,145,33,1,10,0
speed_0049,194.1948,98.3008,189.1051,14.3629,7.1850,24,0.0224,666.3998,1194.8147,0.6153,0.5699,2.6961,0.4952,0.1024,0.6020,0.2477,1.5703,0.1749,0.0000,3.7512,2.4213,118,20,17,5,1
casual_2308,191.5053,45.5433,50.0536,5.6225,21.2099,47,0.0122,439.1624,586.7020,0.4232,0.0046,2.1511,0.2000,0.1713,0.9221,0.1423,0.8212,0.1508,0.0000,0.9836,0.5043,176,26,1,6,0
casual_1555,236.0520,84.9673,89.4871,30.4642,13.9616,30,0.0283,487.1951,569.5411,0.4944,0.0067,3.0146,0.3507,0.1818,0.5673,0.1092,0.3931,0.3183,0.0000,0.3505,0.5306,129,41,1,14,0
esport_0283,281.8813,162.0486,71.3640,1.1833,5.9607,9,0.0344,433.1943,625.0000,0.8236,0.0004,2.7235,0.1632,0.0493,0.4999,0.0778,1.4748,0.5852,0.0000,4.3436,2.3761,40,23,33,9,0
skilled_0190,45.6712,113.9777,82.0681,9.9145,6.1541,39,0.0095,398.3055,559.1406,0.2752,0.0187,3.2245,0.4039,0.0334,0.7055,0.0983,1.2718,0.2175,0.0000,1.1332,2.2534,150,32,11,2,0
esport_0191,178.6379,153.6838,84.7259,4.6781,3.1667,78,0.0370,535.7606,603.3638,0.3231,0.0141,2.5310,0.2223,0.0556,0.5897,0.2753,1.7713,0.7226,0.0000,3.6641,3.3829,198,143,28,0,0
casual_0706,243.8331,22.8879,135.0783,22.7554,9.5085,4,0.0152,296.7395,620.0000,0.2418,0.0164,2.2747,0.7578,0.0873,0.5898,0.7207,0.9019,0.2179,0.0000,1.1379,1.0715,56,12,3,8,0
esport_0440,80.6015,191.1556,58.6391,2.7256,7.2730,53,0.0117,478.2659,625.0000,0.4142,0.0026,2.7031,0.1854,0.0545,0.4181,0.1014,2.0971,0.6238,0.0000,2.7934,4.0395,103,64,18,1,0
skilled_0070,191.9372,93.0917,41.0894,1.4825,9.0513,40,0.0051,610.0000,574.7996,0.1592,0.0043,1.8456,0.4785,0.1078,0.6610,0.1031,1.6078,0.2277,0.0000,1.8476,1.1318,124,28,11,1,0
casual_0745,162.1655,45.9572,127.4044,5.6845,5.1428,10,0.0088,316.8589,572.2788,0.3642,0.0020,1.6315,0.8646,0.1669,0.9000,0.2689,0.7787,0.0579,0.0000,1.2228,1.2785,79,4,11,17,0
skilled_0594,51.3960,64.8956,105.6700,1.0000,5.9633,16,0.0211,401.9047,558.0956,0.5265,0.0108,1.9250,0.5024,0.1017,0.3907,0.1928,1.3449,0.3194,0.0000,0.7521,2.7107,66,21,5,12,0
casual_1939,41.4890,22.6871,98.7903,16.0595,7.7443,19,0.0000,289.2876,498.8694,0.2892,0.0113,2.7586,0.5496,0.1452,0.3207,0.2474,0.6710,0.1741,0.0000,0.0390,1.1170,146,25,3,6,0
esport_0150,248.2822,123.6237,68.5104,5.5242,2.2005,19,0.0253,524.3567,625.0000,0.6698,0.0024,2.5150,0.2241,0.0556,0.3313,0.1573,2.2694,0.6104,0.0000,3.2179,3.5181,58,35,26,3,0
casual_2862,115.7850,83.7211,169.0316,24.9903,8.2360,2,0.0070,236.1322,426.8255,0.2224,0.0073,1.5873,0.5310,0.1593,0.6703,0.1395,1.2031,0.1595,0.0000,0.4344,0.0500,27,4,10,6,0
skilled_0996,273.9711,114.3970,67.3889,6.7326,10.9638,37,0.0176,398.3733,576.1455,0.2899,0.0026,3.1299,0.2888,0.1353,0.5116,0.1180,0.9805,0.3450,0.0000,2.6934,0.9849,146,50,12,9,0
casual_0513,105.7651,55.2532,181.0962,10.2454,7.4902,14,0.0017,269.7660,497.6442,0.2440,0.0116,2.5685,0.6527,0.1386,1.1359,0.1097,1.1814,0.0633,0.0000,1.8392,1.1278,101,6,3,3,0
casual_0081,139.7245,104.5537,56.6188,31.3406,5.1793,30,0.0338,354.8479,604.2619,0.2502,0.0036,2.5769,0.5520,0.1848,0.4836,0.3344,0.7923,0.2817,0.0000,0.7324,0.0500,158,44,7,9,0
trigger_0051,178.1765,104.1378,29.5382,4.3727,5.8328,76,0.0373,468.7646,558.9191,0.2080,0.0048,2.6497,0.1451,0.0064,0.4974,0.0013,1.6954,0.6447,0.0000,4.7402,0.8000,158,101,16,3,1
casual_1308,44.1955,40.3016,52.8910,16.1788,4.0868,12,0.0195,392.6579,527.3102,0.3579,0.0031,2.5140,0.3124,0.2260,0.9668,0.2057,0.8891,0.2314,0.0000,0.0000,0.7390,70,16,10,8,0
esport_0364,177.7749,149.4256,83.0387,7.7171,3.0507,13,0.0227,473.2948,610.3351,0.5621,0.0292,2.7202,0.2445,0.0531,0.2225,0.0300,2.2952,0.5867,0.0000,6.5779,2.9575,48,28,10,7,0
casual_0914,295.2390,165.8826,20.0000,16.3088,16.5874,18,0.0000,328.6745,555.0734,0.6057,0.0037,2.8067,0.4664,0.1985,0.8158,0.2966,0.8115,0.1758,0.0000,2.1331,0.5155,90,15,2,7,0
skilled_0452,127.3013,90.2369,71.4745,11.9567,1.0000,58,0.0270,457.8893,557.3890,0.3766,0.0075,2.5322,0.2364,0.1031,0.3873,0.1128,1.4270,0.3152,0.0000,0.7156,1.8701,171,53,13,0,0
skilled_0695,205.0814,101.3503,63.7406,3.2250,10.8016,40,0.0128,422.3781,620.0000,0.0500,0.0029,1.9016,0.2188,0.1557,0.5143,0.1175,1.2340,0.2529,0.0000,1.1780,1.4341,136,34,11,5,0
aimbot_0054,161.7236,173.7498,3.0000,0.2860,0.7439,133,0.0536,360.5460,553.6794,0.2515,0.0067,1.6357,0.0481,0.0072,0.4474,0.0254,1.9285,0.9285,0.0000,6.2420,3.1895,159,147,21,5,1
skilled_0156,72.5526,34.3537,124.5439,7.6533,7.1203,6,0.0166,553.1433,541.4860,0.3248,0.0025,2.1795,0.2894,0.0730,0.4786,0.0882,1.4031,0.4288,0.0000,3.0443,1.3546,32,13,11,2,0
casual_2198,99.8104,70.4175,89.4972,4.1708,10.9022,12,0.0152,270.4347,594.5372,0.4096,0.0170,1.8409,0.8170,0.1661,0.4270,0.2763,1.2857,0.0963,0.0000,0.0000,1.2278,97,9,9,4,0
skilled_1232,143.2721,123.8070,56.6021,12.3111,4.0754,38,0.0000,524.8906,580.4613,0.2673,0.0034,2.9377,0.3263,0.1056,0.7167,0.2635,1.1501,0.5576,0.0000,2.2039,0.5220,119,66,3,13,0
casual_0774,31.2802,90.8931,82.8136,16.1382,12.9889,8,0.0124,422.5267,597.6358,0.4275,0.0024,2.9017,0.5330,0.0851,0.5179,0.3404,0.3924,0.0819,0.0000,0.5931,1.5498,42,3,9,8,0
casual_0329,107.8020,81.5682,83.8989,30.7465,12.1443,14,0.0000,440.8649,522.8892,0.2135,0.0140,2.1165,0.3475,0.2001,0.6571,0.0732,0.9182,0.0200,0.0000,1.7384,1.5808,97,1,11,15,0
casual_2054,117.4533,79.6473,96.5711,17.9762,5.7757,31,0.0372,432.1685,493.9445,0.4437,0.0148,1.9935,0.3492,0.0601,0.6982,0.2901,0.5677,0.1936,0.0000,0.6936,0.3174,175,33,6,8,0
casual_2001,150.5252,56.4956,154.5083,18.7585,11.2307,3,0.0192,501.2863,587.2673,0.2648,0.0028,2.8111,0.4358,0.1250,0.7536,0.0754,0.2995,0.1513,0.0000,0.7019,0.3354,17,2,4,9,0
casual_0943,141.6633,30.6888,56.2080,8.6179,6.8844,7,0.0075,421.0933,568.8667,0.5360,0.0019,2.7381,0.4608,0.1355,1.1054,0.3160,0.9394,0.2170,0.0000,0.6804,0.9957,81,17,4,12,0
casual_0822,109.5839,52.6146,124.4455,33.2943,8.3397,5,0.0203,246.7296,620.0000,0.2766,0.0117,2.4642,0.8700,0.1057,0.5050,0.3101,0.7908,0.1531,0.0000,1.2466,0.3591,18,2,7,1,0
esport_0277,71.2680,184.0755,38.9496,8.1997,7.8986,40,0.0353,451.4931,616.4072,0.4650,0.0017,2.4990,0.1194,0.0268,0.5589,0.1983,2.1077,0.5736,0.0000,4.4388,1.7074,140,80,22,2,0
casual_0909,109.5890,80.3612,137.1414,2.5127,13.0517,6,0.0242,454.8639,510.8535,0.3280,0.0085,1.2995,0.6626,0.2612,0.7406,0.1036,1.3265,0.1709,0.0000,0.9249,0.4258,32,5,3,16,0
casual_2516,69.3747,75.6330,200.4904,12.8798,11.2834,10,0.0157,250.0994,620.0000,0.1505,0.0115,2.1545,0.6020,0.1132,0.7247,0.1762,0.7998,0.1896,0.0000,1.1773,0.0500,53,10,2,5,0
casual_0181,271.2306,80.0552,121.9408,26.4000,13.7034,12,0.0237,304.1716,491.2318,0.2634,0.0051,1.5795,0.4621,0.1079,0.4247,0.2145,1.1407,0.0670,0.0000,0.7763,0.5475,71,4,10,14,0
casual_0164,179.8102,47.0230,57.8594,27.6819,12.5334,10,0.0121,450.7984,523.8464,0.0570,0.0093,3.0179,0.4100,0.0900,0.5978,0.2772,0.3324,0.1679,0.0000,0.8888,0.1136,54,9,1,3,0
casual_1523,235.3474,48.2357,173.4785,26.3248,8.7193,16,0.0082,446.3117,557.2046,0.4633,0.0039,2.4701,0.2000,0.1779,0.4920,0.2978,1.0704,0.1562,0.0000,1.2835,0.7394,60,9,4,10,0
casual_0451,268.7193,67.4282,125.5948,26.0765,9.4016,13,0.0294,431.6999,560.5416,0.2523,0.0005,2.0616,0.8142,0.1951,0.5849,0.2796,0.9675,0.3575,0.0000,0.6488,0.0500,80,28,10,5,0
casual_2538,33.3472,53.2603,74.3920,33.2362,20.5524,2,0.0227,517.2331,558.2921,0.6128,0.0033,2.5024,0.4734,0.1766,0.5777,0.1624,0.9616,0.0996,0.0000,1.0001,1.3473,18,1,9,7,0
skilled_1137,60.0739,88.7976,112.6913,9.5284,5.5240,24,0.0000,414.1850,539.7091,0.1947,0.0009,3.4295,0.2528,0.1475,0.6408,0.1268,1.5406,0.2868,0.0000,2.8642,1.6231,107,30,5,3,0
aimbot_0025,41.7494,136.9501,3.0000,3.1367,0.0000,103,0.0174,462.3512,596.9830,0.3329,0.0083,2.4483,0.0422,0.0144,0.5371,0.0134,1.9313,0.8109,0.0000,5.5796,4.7211,143,115,17,4,1
casual_1311,279.4531,77.7746,43.9204,28.5116,8.8275,15,0.0450,547.3219,457.9339,0.1374,0.0044,2.9099,0.6241,0.1255,0.5014,0.0422,0.5973,0.2612,0.0000,0.8205,0.9283,78,20,5,17,0
skilled_0149,214.0944,135.2198,107.6003,9.5784,4.5531,49,0.0219,312.5820,620.0000,0.1896,0.0009,2.4699,0.3461,0.1443,0.1508,0.0682,0.7850,0.4813,0.0000,1.1099,1.7216,178,85,19,9,0
casual_1111,144.1561,36.3079,78.7357,14.7926,7.0286,3,0.0148,291.2550,620.0000,0.0656,0.0019,2.0513,0.3776,0.1960,0.4682,0.2975,0.8414,0.1656,0.0000,0.3533,0.6088,14,2,3,8,0
esport_0297,148.2388,197.3940,33.4627,2.7997,5.5888,46,0.0389,465.9310,625.0000,0.6967,0.0110,2.8653,0.1825,0.0655,0.4710,0.1663,2.0716,0.3726,0.0000,1.8434,2.8610,147,54,24,6,0
skilled_1085,80.4372,147.3731,60.8613,9.3198,4.8149,31,0.0361,470.3106,555.8085,0.2677,0.0030,2.1326,0.3492,0.1028,0.3670,0.1389,1.7525,0.3398,0.0000,3.1889,1.5308,122,41,4,2,0
skilled_0489,58.8247,129.0688,136.3392,10.2919,6.0729,20,0.0000,308.0058,618.1315,0.3686,0.0319,2.0568,0.2603,0.1047,0.7883,0.0474,1.5712,0.5728,0.0000,2.1130,1.1075,94,53,9,1,0
casual_1287,118.9009,126.8041,132.5370,35.7629,2.9646,22,0.0000,506.5122,592.4666,0.3625,0.0184,2.1939,0.7480,0.1291,0.8486,0.1249,0.7716,0.2049,0.0000,1.4549,0.2119,101,20,2,1,0
skilled_1177,180.8120,80.9672,38.0512,5.0956,2.8338,23,0.0410,515.8560,577.2784,0.5312,0.0052,2.3484,0.3113,0.0300,0.7244,0.0336,1.0484,0.4193,0.0000,3.1823,0.8408,68,28,10,6,0
esport_0395,273.6448,102.5699,77.9054,7.8508,4.0892,38,0.0414,438.7244,625.0000,0.4500,0.0216,2.8768,0.2356,0.0484,0.4328,0.1799,2.5651,0.3562,0.0000,5.4449,3.8827,148,52,9,9,0
skilled_0680,169.1493,126.1042,81.0435,7.0328,7.8860,26,0.0329,378.5957,584.5568,0.2908,0.0088,2.6173,0.3087,0.1209,0.5764,0.1357,1.1517,0.3458,0.0000,3.3728,0.5277,72,24,19,8,0
esport_0261,187.9759,129.2490,50.0509,1.9766,4.7939,89,0.0544,462.3428,622.3628,0.5466,0.0245,2.1825,0.1535,0.0551,0.5748,0.0807,1.4687,0.5261,0.0000,1.9317,4.9666,194,102,29,7,0
skilled_1168,184.2097,104.0385,86.5481,15.6806,6.5187,67,0.0326,432.4275,617.4273,0.4228,0.0299,2.9651,0.4760,0.1692,0.5762,0.1207,1.1381,0.3401,0.0000,3.2433,0.3131,194,65,13,9,0
skilled_0300,44.7776,122.6270,89.7822,17.9264,6.2228,35,0.0269,548.3203,596.0263,0.6181,0.0010,2.6439,0.3948,0.1201,0.1000,0.2332,1.1942,0.3051,0.0000,1.6760,1.6335,102,31,4,11,0
skilled_0310,63.3066,119.1596,103.0318,8.2880,8.4020,53,0.0438,561.3378,538.6003,0.4664,0.0034,2.3670,0.2089,0.0588,0.2537,0.0200,1.3240,0.3490,0.0000,2.6165,0.8614,144,50,5,2,0
esport_0306,107.1602,109.7504,37.5336,4.1082,4.1090,48,0.0187,467.7527,594.0745,0.4520,0.0004,3.2993,0.2120,0.0513,0.5572,0.1246,1.1240,0.6169,0.0000,5.3953,2.2799,147,90,19,4,0
skilled_0125,127.5854,110.6367,84.2042,4.8330,6.7615,31,0.0143,435.0533,537.4586,0.5321,0.0024,2.0577,0.1302,0.0799,0.6750,0.0664,0.5899,0.2496,0.0000,1.5617,2.1467,98,24,6,12,0
casual_0327,173.8350,73.7607,71.8450,23.1539,15.2027,6,0.0099,398.6297,615.4779,0.2502,0.0080,2.9797,0.6863,0.1593,0.7449,0.2259,0.1000,0.2632,0.0000,1.9476,0.0500,84,22,10,13,0
casual_1790,236.5566,57.5186,20.0000,9.3127,10.5691,5,0.0103,457.9802,609.1520,0.3623,0.0104,2.5909,0.5560,0.0924,0.6032,0.2243,0.4416,0.2463,0.0000,1.2959,0.6927,33,8,0,10,0
casual_2490,288.9559,68.5957,159.6426,5.8039,11.7433,26,0.0091,386.1581,620.0000,0.2310,0.0074,2.7518,0.6316,0.1285,0.5772,0.3122,0.8027,0.4031,0.0000,1.2285,1.6247,104,41,5,17,0
casual_2006,162.1016,36.6250,138.4242,35.8434,11.2464,21,0.0463,587.7789,552.3625,0.2512,0.0160,1.5494,0.7707,0.0400,0.8414,0.1269,1.7308,0.2878,0.0000,1.2825,0.0500,90,25,4,5,0
casual_2007,68.2425,82.9713,95.5129,2.0000,14.3273,20,0.0156,370.0783,590.9272,0.4435,0.0033,1.8242,0.4482,0.0400,0.5206,0.2234,0.8688,0.2134,0.0000,0.7217,0.6783,112,23,11,16,0
casual_1858,97.6169,10.0000,22.5077,2.5517,13.8657,3,0.0187,341.6926,586.2861,0.6363,0.0049,1.8984,0.3620,0.2000,0.7468,0.1946,1.1801,0.3145,0.0000,0.1557,0.3909,20,6,7,3,0
esport_0435,292.5334,83.6675,36.7094,6.9452,7.0844,20,0.0586,441.8071,603.7971,0.8584,0.0029,3.1044,0.1018,0.0378,0.2918,0.1081,1.8266,0.5739,0.0000,5.2932,2.1590,68,39,33,5,0
casual_0312,92.7939,81.7935,162.7691,13.6164,19.3916,6,0.0000,311.4689,560.3295,0.3982,0.0136,2.0648,0.7398,0.1222,1.0711,0.0696,0.8946,0.1574,0.0000,0.0000,0.7774,42,6,1,2,0
casual_0832,136.9650,110.9411,68.3722,7.0225,13.9886,3,0.0158,518.7504,560.5729,0.7044,0.0227,2.0999,0.2321,0.1636,0.2906,0.1911,1.2062,0.1142,0.0000,0.6991,2.0547,58,6,6,8,0
skilled_0079,277.7747,88.0192,98.1202,13.6882,7.6531,41,0.0192,361.4025,580.6226,0.3909,0.0106,2.0173,0.1390,0.0810,0.5576,0.0496,0.9440,0.3970,0.0000,1.5981,0.8150,138,54,4,8,0
esport_0467,139.1775,61.6756,47.5078,10.0329,6.1666,14,0.0460,481.5919,610.7396,0.7231,0.0278,3.5000,0.1674,0.1026,0.5018,0.1932,1.4053,0.4287,0.0000,5.4670,3.6791,32,13,18,7,0
skilled_0462,221.0571,73.7574,107.0533,2.9766,4.5142,36,0.0352,449.9662,607.4436,0.2766,0.0021,2.7712,0.2704,0.1065,0.4543,0.1302,0.7799,0.1428,0.0000,1.7142,1.3120,193,27,17,1,0
casual_1201,178.7454,33.1526,82.4298,2.0000,18.5695,37,0.0053,474.7305,533.2838,0.0200,0.0052,2.7911,0.7006,0.1427,0.7879,0.2302,0.5557,0.1055,0.0000,1.5204,0.7363,177,18,0,16,0
esport_0141,148.4550,199.2493,67.8567,3.0547,1.3434,59,0.0672,389.1031,597.6016,0.5567,0.0020,2.3619,0.1420,0.0568,0.4169,0.0766,2.2118,0.3818,0.0000,2.0790,5.6047,142,54,16,3,0
skilled_0547,189.7984,119.2263,25.7530,6.2693,3.1327,22,0.0216,503.0381,576.9117,0.5152,0.0193,2.7108,0.1952,0.1078,0.5351,0.2226,0.9009,0.3303,0.0000,1.9932,2.7573,176,58,9,9,0
speed_0072,60.0625,73.1297,156.1654,11.7984,5.6231,4,0.0270,823.3421,1669.4408,0.8880,0.7879,3.1181,0.2384,0.1388,0.4488,0.0583,1.3616,0.3217,0.0000,3.8587,3.2927,52,16,6,1,1
casual_2134,166.1392,101.1818,45.7361,9.3533,9.7857,34,0.0149,481.5640,512.8736,0.2287,0.0060,2.8756,0.6845,0.2066,0.3667,0.2648,0.6676,0.3156,0.0000,1.4240,0.4658,114,35,4,13,0
skilled_0451,86.2189,102.7320,147.9074,22.8993,8.6630,26,0.0296,467.0269,557.8509,0.6007,0.0383,2.3990,0.2155,0.1078,0.4316,0.2482,1.7164,0.2991,0.0000,4.1368,1.4081,107,32,6,10,0
casual_2209,58.1209,53.0354,123.8539,21.8643,1.0000,5,0.0000,353.6349,620.0000,0.5588,0.0031,2.4487,0.6034,0.1496,0.6861,0.1117,0.8403,0.2373,0.0000,0.0000,0.8483,28,6,0,10,0
casual_1901,35.8653,13.4932,159.5836,2.0000,24.6618,32,0.0111,418.7352,530.9522,0.8664,0.0055,2.3485,0.3537,0.1675,0.7833,0.0509,0.5077,0.1212,0.0000,0.3550,0.7776,98,11,3,16,0
casual_1481,48.0430,64.2304,20.0000,16.8092,11.4139,12,0.0150,431.5058,565.0877,0.5293,0.0018,2.3011,0.4785,0.0994,0.3413,0.2699,0.6340,0.2987,0.0000,1.8816,0.3603,62,18,2,15,0
casual_0777,73.9407,86.4658,159.5262,2.8517,4.4935,8,0.0069,363.9921,607.4824,0.5333,0.0038,2.5911,0.2646,0.2711,0.5118,0.3559,0.1000,0.2090,0.0000,1.2453,0.8586,44,9,7,17,0
casual_0799,221.1846,169.5853,83.4475,7.0278,3.0577,22,0.0119,385.6985,620.0000,0.2537,0.0122,1.7228,0.5916,0.0400,0.6485,0.2142,1.2691,0.1758,0.0000,1.5203,0.6313,174,30,11,9,0
skilled_0714,155.4781,69.5443,81.0544,16.8562,6.4136,17,0.0101,252.0367,548.4683,0.4981,0.0009,2.3100,0.1499,0.0956,0.5837,0.0897,1.5230,0.4710,0.0000,2.8575,0.2432,66,31,8,5,0
skilled_0942,160.1896,103.5199,141.5814,9.8881,7.6991,13,0.0293,307.2592,588.7009,0.4913,0.0113,2.4864,0.2571,0.1616,0.7696,0.2103,0.8396,0.3215,0.0000,1.7722,1.6579,63,20,6,1,0
casual_0054,220.3947,125.5101,75.9280,2.0000,4.2428,42,0.0371,318.4410,547.9642,0.1800,0.0020,3.2792,0.6673,0.2066,0.7664,0.0332,1.2442,0.2653,0.0000,1.0086,1.2270,168,44,3,6,0
casual_2972,64.6092,61.6100,109.4775,23.1724,9.1939,37,0.0198,340.3089,572.5924,0.4285,0.0059,1.5414,0.5041,0.1977,0.4688,0.1667,1.1225,0.3077,0.0000,0.6714,0.4618,133,40,1,11,0
skilled_0335,195.6731,93.2371,70.7739,1.0000,6.1017,38,0.0087,448.7082,529.7267,0.6382,0.0020,2.9921,0.3113,0.1314,0.4250,0.2785,0.9868,0.3353,0.0000,0.9452,2.1551,143,47,16,4,0
casual_1920,163.3972,10.0000,20.0000,15.6552,10.3525,7,0.0141,326.2762,540.8053,0.2984,0.0031,2.1511,0.6491,0.1492,0.5658,0.2383,0.7598,0.1436,0.0000,1.8543,0.6631,109,15,10,3,0
skilled_0715,235.8224,129.7774,128.0315,5.2784,7.8717,36,0.0068,422.5695,577.7667,0.3886,0.0062,2.7210,0.2710,0.1763,0.3273,0.1626,1.7791,0.3259,0.0000,1.9527,1.1726,130,42,12,1,0
esport_0396,270.1614,135.8179,54.6006,3.8681,4.1906,46,0.0529,516.1603,584.6578,0.5824,0.0155,2.9306,0.1729,0.0371,0.5611,0.1216,2.0228,0.4519,0.0000,4.2050,3.4293,156,70,27,0,0
casual_0946,221.7662,80.3734,106.0612,31.5727,13.1754,3,0.0000,372.5030,472.2376,0.2561,0.0029,3.0529,0.5669,0.0801,0.4457,0.3408,1.3205,0.0200,0.0000,1.8015,0.5445,18,0,2,2,0
casual_1701,295.7300,80.9633,148.0035,18.1485,9.2506,34,0.0144,461.5198,433.5485,0.2332,0.0044,2.5808,0.4257,0.1318,1.2166,0.4101,1.1636,0.3345,0.0000,1.3273,0.9036,114,38,8,9,0
skilled_0293,253.5168,101.9839,102.0993,1.0000,3.5374,13,0.0359,437.3254,545.0194,0.0702,0.0224,2.6377,0.3148,0.0436,0.7653,0.2205,1.1808,0.3106,0.0000,2.7277,1.4505,52,16,9,7,0
casual_2161,101.6076,87.8237,35.1069,13.1459,14.7783,38,0.0104,428.4759,521.2368,0.4529,0.0048,2.5003,0.2657,0.1223,0.9733,0.2141,0.4297,0.2588,0.0000,1.8255,1.6520,148,38,8,6,0
casual_1136,154.5264,10.0000,120.5276,39.2193,17.5129,22,0.0054,340.1887,558.2245,0.0200,0.0082,2.3168,0.7553,0.2443,0.6794,0.2526,1.6352,0.1376,0.0000,1.3586,1.0752,132,18,10,15,0
casual_0987,43.5288,81.3079,170.1978,34.9606,8.0589,5,0.0230,364.5067,620.0000,0.3495,0.0048,2.3078,0.6245,0.1769,0.6044,0.2478,0.6981,0.1214,0.0000,1.2523,0.8970,19,2,5,11,0
casual_2549,109.3693,70.5777,109.7126,21.3320,7.5374,25,0.0231,376.2425,582.6536,0.2336,0.0052,1.6730,0.3879,0.0485,0.3748,0.1262,0.5461,0.1241,0.0000,0.4960,0.5560,130,16,3,11,0
casual_0193,254.4004,68.5061,139.0870,12.9868,22.4596,24,0.0044,353.9531,573.4010,0.3852,0.0022,2.7118,0.5840,0.2006,0.6057,0.2392,1.3665,0.1347,0.0000,1.3899,0.4732,154,20,5,1,0
skilled_0057,138.5513,107.9520,37.2385,14.4596,6.3078,24,0.0086,426.4090,568.0453,0.5751,0.0015,2.5048,0.3906,0.0521,0.6222,0.1864,0.4924,0.2849,0.0000,2.0118,1.3162,67,19,7,7,0
skilled_0246,176.9540,144.8081,15.0000,8.7856,5.6136,39,0.0400,456.0949,620.0000,0.4538,0.0054,2.8486,0.1200,0.2043,0.3326,0.0897,1.8507,0.3519,0.0000,2.4300,2.7073,156,54,8,12,0
casual_1394,255.3711,86.5203,77.3566,14.7786,8.0509,3,0.0274,191.7177,620.0000,0.2834,0.0062,2.4259,0.9233,0.1962,0.6496,0.1232,0.2723,0.2528,0.0000,1.1743,1.2618,15,3,3,13,0
casual_2637,86.5049,100.2602,46.7478,17.6233,20.3474,5,0.0299,282.4072,551.0599,0.3716,0.0331,2.7050,0.5271,0.1321,0.8035,0.1934,0.2819,0.1555,0.0000,1.4009,0.5733,25,3,9,4,0
casual_0768,59.8700,38.7965,186.7511,30.6641,16.2311,7,0.0000,483.1355,589.2482,0.7731,0.0110,2.8233,0.4665,0.0412,0.9025,0.2343,0.8159,0.1288,0.0000,1.1542,0.9636,60,7,5,1,0
esport_0452,193.9432,152.8420,42.2478,6.1537,5.8250,32,0.0491,388.4514,604.9559,0.4190,0.0171,2.5942,0.2035,0.0699,0.5721,0.0903,2.3365,0.7019,0.0000,3.9983,2.3261,111,77,33,7,0
skilled_0090,150.5064,97.0937,76.0594,2.6206,4.6519,33,0.0000,442.0649,530.4288,0.5294,0.0106,3.0747,0.2534,0.0869,0.2492,0.0857,1.4011,0.2889,0.0000,2.1358,1.9615,159,45,15,7,0
skilled_0495,191.6075,55.7506,128.7487,7.0996,8.3946,10,0.0365,432.8679,592.6474,0.2365,0.0262,2.7437,0.3659,0.0919,0.5380,0.1630,1.6940,0.4246,0.0000,2.5435,0.1000,36,15,9,6,0
skilled_0215,77.4411,107.0433,139.4194,15.0796,8.5589,26,0.0114,425.4177,541.0279,0.6402,0.0115,3.4411,0.3193,0.1321,0.3172,0.1296,1.4699,0.3892,0.0000,2.5465,1.0336,87,33,13,13,0
casual_0285,142.3909,148.1933,145.2032,19.3484,8.8289,7,0.0085,360.8213,610.0356,0.5373,0.0032,2.7484,0.6683,0.1520,1.1367,0.1677,0.3236,0.4907,0.0000,1.2510,0.3061,85,41,9,10,0
trigger_0013,148.2131,143.2118,37.3913,13.6182,2.4586,21,0.0212,351.6235,598.4671,0.4671,0.0357,2.7626,0.0718,0.0012,0.4310,0.0057,0.9357,0.6509,0.0000,6.8055,2.9579,40,26,29,2,1
casual_0428,45.4526,10.0000,192.3220,12.8815,13.4160,11,0.0120,258.9959,609.6342,0.5640,0.0158,1.8700,1.1161,0.1349,0.6480,0.0761,0.2385,0.0200,0.0000,0.2027,1.9469,52,1,7,4,0
esport_0198,149.7360,123.5655,90.6113,7.4161,5.6732,14,0.0350,398.4332,564.3344,0.6052,0.0005,2.1186,0.1329,0.0506,0.4720,0.1746,2.0358,0.7800,0.0000,3.8425,1.8296,46,35,34,5,0
casual_2332,253.2258,66.3258,112.9585,25.4501,8.6637,28,0.0293,350.7000,511.2790,0.4869,0.0122,2.1373,0.7319,0.1529,0.3095,0.1351,0.5871,0.2716,0.0000,0.7559,0.8922,98,26,3,16,0
casual_2717,297.5356,83.7696,94.9940,6.7851,15.0794,38,0.0117,218.8928,541.3095,0.1036,0.0015,2.5331,0.4962,0.2551,0.7978,0.1290,0.5640,0.2194,0.0000,0.8861,0.7444,139,30,9,17,0
casual_2079,38.3888,20.5962,107.4142,10.2814,6.1797,6,0.0271,369.3661,585.4309,0.3585,0.0016,2.1678,0.4978,0.0736,0.8741,0.1724,0.7274,0.1428,0.0000,0.5035,0.7227,34,4,0,14,0
skilled_0389,92.6603,30.0000,15.0000,11.1477,5.2030,16,0.0153,476.8729,620.0000,0.5684,0.0039,2.5427,0.4040,0.0895,0.5191,0.2168,1.1536,0.4134,0.0000,2.6098,0.8672,57,23,17,0,0
casual_0722,39.6775,82.1777,168.7454,2.0000,10.6202,11,0.0166,347.1823,539.0847,0.2957,0.0176,2.7330,0.4831,0.1760,0.9105,0.2872,1.4068,0.0314,0.0000,1.7755,0.5394,57,1,1,4,0
casual_0951,97.0697,43.5524,88.7634,22.2601,14.7778,8,0.0150,468.9445,620.0000,0.1555,0.0010,2.7983,0.5725,0.0400,0.7795,0.2079,1.1005,0.1090,0.0000,0.5809,0.6769,39,4,7,7,0
esport_0133,138.0867,138.8561,75.4363,4.4127,3.1361,53,0.0386,487.5050,616.3319,0.4019,0.0037,2.7334,0.2312,0.0440,0.3805,0.1738,1.7409,0.7643,0.0000,4.0173,2.7472,116,88,7,8,0
esport_0116,131.3430,177.0481,62.3272,5.6150,2.1830,29,0.0576,445.1167,610.8236,0.6798,0.0046,2.5145,0.1602,0.0345,0.3776,0.1043,2.6156,0.5118,0.0000,6.8495,4.8019,85,43,29,5,0
casual_2262,153.7616,102.7938,68.4450,12.9536,16.9379,10,0.0372,258.7527,581.7453,0.1348,0.0138,2.3453,0.4061,0.0870,0.8245,0.1794,1.1723,0.1788,0.0000,1.3045,0.0500,53,9,8,11,0
casual_0989,244.5034,31.4432,89.9894,9.5390,5.9292,35,0.0010,425.8367,558.6642,0.4408,0.0358,1.5864,0.4967,0.2546,0.3717,0.1114,0.8098,0.2704,0.0000,1.5343,0.5992,159,42,11,17,0
skilled_0212,32.5448,92.0302,69.7681,9.0761,9.1704,33,0.0322,499.9374,620.0000,0.6390,0.0072,1.5998,0.4036,0.1130,0.7427,0.1342,0.8253,0.4558,0.0000,2.9097,1.1288,127,57,7,12,0
casual_1759,278.9123,79.2861,43.0887,24.4643,1.9089,43,0.0067,316.4536,596.6453,0.3521,0.0014,1.5071,0.5416,0.1363,0.3358,0.1419,1.5400,0.1903,0.0000,2.0724,0.8621,152,28,1,7,0
esport_0329,119.6897,124.6985,48.8885,7.0122,5.6844,56,0.0217,430.6577,625.0000,0.7081,0.0063,2.5757,0.1555,0.0555,0.6425,0.0300,1.4748,0.6551,0.0000,4.7266,1.6431,180,117,25,2,0
casual_0326,247.1858,58.1900,50.8210,11.5119,9.7758,3,0.0129,499.3861,559.6359,0.4287,0.0039,2.2559,0.3394,0.1077,0.8412,0.3063,1.0883,0.1471,0.0000,1.2796,0.9502,18,2,6,2,0
casual_2608,209.8341,82.9846,56.5412,27.0854,7.9136,2,0.0113,351.9324,535.6793,0.4923,0.0011,2.4906,0.4457,0.1169,0.9685,0.3409,1.0716,0.1697,0.0000,0.0000,1.0524,27,4,9,2,0
casual_1383,298.2566,91.4565,39.2373,29.2703,13.0154,16,0.0105,398.0924,554.9140,0.0972,0.0084,3.0320,0.5531,0.2097,0.9343,0.1413,1.4412,0.2659,0.0000,1.3897,0.4743,72,19,3,9,0
casual_1724,163.8134,72.4674,79.3457,35.3527,1.0000,17,0.0110,483.1186,515.8110,0.4618,0.0003,1.5262,0.5752,0.0963,0.6975,0.4229,0.7018,0.2685,0.0000,0.0000,0.4714,89,23,11,1,0
casual_1086,236.4602,70.1815,104.7256,16.2185,12.3993,19,0.0265,423.8380,557.6251,0.2056,0.0231,1.6307,0.5879,0.1562,0.4508,0.2170,0.8134,0.1425,0.0000,0.5393,0.1604,82,11,6,13,0
casual_2523,199.0630,10.0000,137.1703,12.3668,11.4263,27,0.0099,481.1587,620.0000,0.2858,0.0139,3.1157,0.7953,0.1393,0.3744,0.1711,0.9914,0.3280,0.0000,1.8435,0.4806,128,41,3,8,0
casual_0341,288.8977,10.0000,93.8662,15.1440,6.7189,22,0.0228,328.5836,459.7461,0.4141,0.0146,2.7833,0.4233,0.2602,0.8046,0.0556,0.9968,0.2540,0.0000,1.1299,0.8020,95,24,8,7,0
skilled_0701,38.8296,117.3118,102.8123,11.3596,9.3223,72,0.0000,396.2756,589.5999,0.4959,0.0093,2.7391,0.3259,0.0663,0.3096,0.1678,1.3316,0.4260,0.0000,2.9880,0.8758,189,80,16,1,0
casual_0147,170.5815,53.6754,59.3799,11.3609,9.7886,28,0.0044,338.4837,604.2829,0.0332,0.0026,1.7340,0.2953,0.2796,0.2146,0.2405,0.1000,0.0433,0.0000,1.0510,0.6769,144,6,5,1,0
casual_0688,233.0300,48.0348,45.5371,19.9036,7.3105,21,0.0000,504.3920,581.9125,0.4461,0.0053,2.6323,0.6788,0.1560,0.7187,0.1777,0.6040,0.2657,0.0000,0.0778,1.4186,161,42,9,2,0
skilled_0432,185.5376,45.6923,83.2734,6.5918,7.6803,7,0.0256,340.4624,606.7830,0.3834,0.0326,2.2879,0.3967,0.1063,0.4472,0.1592,1.8858,0.2506,0.0000,2.6553,1.6829,24,6,3,10,0
casual_1107,135.3169,73.2262,106.3621,29.2739,22.7880,21,0.0000,600.0000,559.5116,0.7033,0.0015,1.6716,0.8984,0.0712,1.2137,0.2787,0.8474,0.2273,0.0000,1.2700,0.7468,113,25,9,15,0
casual_0848,70.3310,10.0000,98.4208,16.0988,12.4499,7,0.0212,387.8603,545.3876,0.6965,0.0043,2.7741,0.7600,0.1841,0.1500,0.3394,1.2610,0.3493,0.0000,0.2537,0.6346,49,17,10,16,0
casual_0966,287.3655,81.2366,26.9933,13.0575,10.8873,6,0.0169,272.0900,495.7028,0.3260,0.0263,2.0805,0.4922,0.0864,0.5305,0.3361,0.9479,0.2180,0.0000,0.3187,1.1026,47,10,1,10,0
esport_0477,211.3743,162.0260,68.5588,8.4641,4.7859,11,0.0488,312.5507,625.0000,0.7619,0.0012,3.1598,0.0800,0.0579,0.2750,0.0583,2.2797,0.5369,0.0000,3.5643,4.3614,44,23,6,9,0
casual_1492,205.0096,95.4637,27.6846,8.8360,20.1588,24,0.0051,370.2817,617.2901,0.4180,0.0047,1.7763,0.7763,0.1261,0.5044,0.2753,1.0572,0.2000,0.0000,0.1372,1.3886,98,19,8,14,0
skilled_0953,171.8306,92.7571,102.7688,16.2084,3.4547,7,0.0158,505.6502,528.7366,0.2429,0.0044,2.0802,0.3539,0.1088,0.6128,0.0200,0.5524,0.2617,0.0000,3.5618,3.0009,32,8,15,7,0
casual_2203,80.2131,84.4718,47.5213,5.5926,6.4037,16,0.0000,443.3238,556.3354,0.5423,0.0078,2.5133,0.5469,0.1898,0.8188,0.2284,0.8596,0.0305,0.0000,1.3252,0.5889,131,3,9,9,0
casual_2713,67.6647,16.9787,93.4449,18.2423,10.4596,37,0.0123,348.4215,620.0000,0.1889,0.0161,2.3619,0.7918,0.1658,0.4215,0.2756,0.7313,0.0349,0.0000,0.6823,1.2884,151,5,8,13,0
casual_0661,269.3705,56.8192,69.4696,14.3342,11.0200,15,0.0137,504.8558,507.7062,0.6577,0.0043,2.3697,0.3110,0.2028,0.5260,0.2674,0.7225,0.0461,0.0000,2.0299,0.2710,58,2,4,13,0
casual_1002,64.8381,77.3027,78.1102,19.6284,11.0447,20,0.0129,408.9442,591.5073,0.3233,0.0055,2.6050,0.7138,0.1572,0.6848,0.1028,0.6947,0.1533,0.0000,1.1508,0.2050,96,14,1,12,0
casual_0062,182.6137,43.1738,26.5071,26.0669,13.6960,9,0.0200,372.4563,570.1845,0.2787,0.0015,1.3113,0.2000,0.1485,0.8520,0.0820,0.1651,0.2324,0.0000,0.7474,1.4744,44,10,2,13,0
casual_0284,184.2328,112.2892,66.9188,29.5977,11.7110,5,0.0105,401.8866,620.0000,0.3654,0.0083,2.1768,0.4084,0.1997,0.9074,0.0739,0.8498,0.2046,0.0000,1.3062,1.0466,28,5,1,14,0
casual_2224,272.5614,87.3226,20.0000,14.1692,11.3550,22,0.0279,458.2469,577.4485,0.3601,0.0007,3.0966,0.5777,0.0416,1.0561,0.3141,1.0000,0.0589,0.0000,0.4637,0.4094,91,5,0,3,0
esport_0456,93.7629,163.5570,74.8176,4.2729,3.5130,39,0.0574,585.5020,599.4398,0.9554,0.0128,2.2664,0.1792,0.0353,0.3856,0.1120,1.7782,0.3251,0.0000,8.0000,2.7530,100,32,32,1,0
casual_1879,181.4099,69.3898,51.2236,16.7028,15.4213,5,0.0138,377.1835,591.7951,0.3559,0.0217,1.1043,0.2549,0.0831,0.7713,0.1406,1.8339,0.1023,0.0000,1.7885,1.2140,122,12,8,9,0
skilled_0572,40.2272,60.2894,25.9182,7.2721,5.7863,42,0.0098,346.5058,571.1965,0.4411,0.0000,2.2281,0.5756,0.0700,0.6350,0.0355,1.1444,0.2895,0.0000,1.9469,0.7040,150,43,19,8,0
speed_0007,141.5838,95.0447,112.7823,13.1145,1.7019,15,0.0169,1083.3949,1250.8032,0.6730,0.6376,3.0342,0.3000,0.1590,0.5371,0.2911,1.1768,0.3464,0.0000,3.9134,1.1159,87,30,11,3,1
casual_1203,221.8438,118.4005,61.4637,8.9489,3.3359,40,0.0184,271.7200,571.2922,0.1316,0.0010,1.4589,0.5871,0.0889,0.6324,0.2980,1.8218,0.1973,0.0000,1.5067,0.6204,174,34,3,16,0
casual_1990,53.8686,23.9731,20.0000,9.1233,20.4625,14,0.0317,523.4777,554.6586,0.0200,0.0031,1.1934,0.6609,0.1197,0.3686,0.2075,1.2466,0.2433,0.0000,2.0330,1.2999,43,10,5,1,0
casual_0024,240.1635,73.9830,139.0271,27.3419,9.2234,40,0.0012,409.2651,492.4386,0.5308,0.0264,2.6409,0.6337,0.1919,0.1500,0.1444,0.9446,0.1309,0.0000,1.0093,0.5677,139,18,6,5,0
speed_0002,95.2049,128.6206,115.1923,2.5028,15.7771,25,0.0159,873.4544,1429.3860,0.7480,0.4797,3.5000,0.5920,0.1164,0.5076,0.0389,0.9903,0.4663,0.0000,3.2258,3.7678,164,76,18,6,1
skilled_1102,235.5654,91.4571,81.8927,7.6129,2.8307,23,0.0330,512.9352,558.1688,0.4250,0.0059,2.7302,0.2832,0.0896,0.1000,0.1688,1.3382,0.2453,0.0000,1.4962,1.9730,103,25,14,8,0
skilled_1167,128.6912,71.2882,99.4938,12.6129,7.5612,14,0.0147,511.1639,565.5770,0.4351,0.0010,1.9545,0.4184,0.1497,0.4215,0.2248,2.0912,0.1864,0.0000,2.0252,0.7551,62,11,3,3,0
casual_0762,42.7910,42.3585,45.6382,21.5832,12.7796,11,0.0065,345.6752,553.5570,0.4555,0.0109,2.3131,0.6052,0.2257,0.6054,0.3743,1.1983,0.2694,0.0000,1.9570,0.3725,161,43,4,11,0
casual_0875,269.6442,66.5398,138.8967,20.0464,17.0445,2,0.0043,324.8628,539.8647,0.2533,0.0039,2.8077,0.5420,0.1133,0.4921,0.0300,0.4705,0.1340,0.0000,1.7923,1.3795,10,1,2,14,0
esport_0492,294.6963,144.6509,57.4377,7.4075,4.3642,21,0.0515,441.2957,625.0000,0.8340,0.0189,2.4845,0.2026,0.0692,0.7352,0.1407,2.2556,0.5877,0.0000,4.0413,3.5994,76,44,16,0,0
casual_0938,271.9530,34.0761,157.9400,20.0810,23.3531,15,0.0001,407.8931,571.3347,0.3410,0.0110,1.3961,0.5500,0.1400,0.5414,0.2246,0.8675,0.2261,0.0000,0.8290,1.2578,56,12,0,15,0
casual_2687,211.2790,158.7247,151.9284,18.7323,8.2829,25,0.0128,321.9813,533.6885,0.4058,0.0002,1.9720,0.4832,0.0594,0.4976,0.1587,0.1000,0.2863,0.0000,1.6045,1.1834,118,33,11,3,0
skilled_0600,159.9413,78.2213,73.6788,13.6715,5.8836,21,0.0171,380.8090,568.3221,0.2267,0.0022,2.4424,0.2646,0.0314,0.3428,0.1313,1.0699,0.3449,0.0000,1.9149,1.2083,83,28,18,0,0
casual_2394,190.7011,41.4999,111.9020,13.4044,7.7922,7,0.0133,393.8847,480.5155,0.5165,0.0015,2.4711,0.6685,0.3129,0.5585,0.2520,0.2926,0.0815,0.0000,1.4179,0.5459,62,5,0,15,0
esport_0317,181.3592,128.3797,51.6875,6.5438,2.1421,28,0.0332,440.1271,606.3640,0.5742,0.0474,2.9434,0.1790,0.0521,0.5969,0.2190,1.6774,0.6665,0.0000,5.8038,1.8401,82,54,13,0,0
trigger_0055,192.5949,63.6743,29.3835,3.8604,4.1747,26,0.0145,406.7262,589.6130,0.2012,0.0011,2.8149,0.0915,0.0010,0.6351,0.0026,1.7405,0.5086,0.0000,1.9397,4.2781,56,28,37,1,1
skilled_1124,190.1650,97.3928,110.9382,11.2464,6.0422,62,0.0372,526.8732,620.0000,0.6118,0.0166,2.1521,0.2902,0.0993,0.3810,0.1165,1.2832,0.3131,0.0000,1.6291,1.6798,192,60,7,8,0
esport_0314,184.1116,96.6139,67.9492,5.9930,4.7293,21,0.0072,385.8149,598.5873,0.7269,0.0015,2.9399,0.1411,0.0374,0.3976,0.1834,2.1606,0.6129,0.0000,3.0029,6.0956,59,36,24,8,0
casual_0385,296.3905,109.7346,54.0010,23.7223,6.2482,23,0.0000,327.2261,604.7356,0.2576,0.0087,2.0736,0.4754,0.1581,1.1279,0.3313,1.6089,0.2310,0.0000,0.2836,0.4160,125,28,9,2,0
skilled_0877,193.5863,95.4085,68.9524,21.9390,3.3932,11,0.0279,392.7915,566.6584,0.4057,0.0059,3.1361,0.1944,0.1409,0.1302,0.1731,1.6570,0.3327,0.0000,3.8596,1.6892,67,22,7,7,0
esport_0120,71.7819,191.9411,27.8814,4.4720,6.1035,61,0.0479,395.9111,597.6846,0.8159,0.0049,2.7814,0.1500,0.0753,0.4587,0.0952,2.5132,0.5927,0.0000,2.4408,4.1535,137,81,26,1,0
esport_0319,65.0769,152.0560,40.4875,3.1568,4.1461,24,0.0027,460.1010,606.9645,0.7845,0.0039,2.8056,0.1761,0.0402,0.3769,0.0717,2.2232,0.7110,0.0000,4.7855,4.5298,97,68,6,7,0
casual_0536,171.7738,102.7740,172.8635,3.1427,16.0761,29,0.0120,378.6559,556.3613,0.3570,0.0079,2.0403,0.3252,0.0474,0.2985,0.1972,0.6634,0.1227,0.0000,0.4350,0.8143,167,20,1,1,0
casual_2291,221.2098,105.3773,145.3005,37.5076,1.0000,29,0.0311,358.4649,575.3282,0.4291,0.0002,1.8289,0.7043,0.1328,0.2361,0.1352,0.8802,0.1736,0.0000,1.9448,0.0500,122,21,4,1,0
esport_0415,110.1611,118.0624,19.1996,3.6429,4.3384,86,0.0233,416.6198,625.0000,0.7165,0.0071,2.7772,0.0818,0.0574,0.4216,0.1594,1.2855,0.5885,0.0000,4.1384,1.7655,188,110,10,4,0
skilled_0874,90.3746,56.7181,68.3856,16.4295,5.0492,29,0.0238,544.7853,561.0158,0.5466,0.0217,2.2487,0.3498,0.0537,0.3968,0.0953,1.2655,0.3627,0.0000,1.6739,0.5669,110,39,10,9,0
casual_0936,284.2155,89.7000,154.3544,7.1701,2.9964,50,0.0281,317.6817,552.1729,0.0200,0.0045,2.5468,0.6310,0.1229,0.8013,0.3583,0.2504,0.3800,0.0000,1.1180,0.8801,177,67,5,8,0
skilled_0737,220.1605,128.8593,69.2234,8.5708,7.5958,13,0.0332,433.2660,520.8707,0.4164,0.0031,2.2019,0.3719,0.1055,0.3526,0.1969,1.3565,0.3686,0.0000,1.3879,1.9148,43,15,4,11,0
esport_0478,153.3782,123.6194,75.6171,4.9734,1.4579,47,0.0660,445.1797,575.0631,1.0871,0.0025,3.5000,0.1135,0.0629,0.3628,0.1065,1.6453,0.5078,0.0000,6.2776,3.6748,191,96,26,1,0
casual_2360,254.2901,154.9615,108.9306,12.4126,19.2535,24,0.0373,364.8225,455.6538,0.6602,0.0018,1.7013,0.4873,0.2102,0.5306,0.3031,1.7646,0.2651,0.0000,0.0547,0.9036,103,27,3,4,0
skilled_0507,58.7446,83.4651,61.5123,2.3518,4.1548,13,0.0415,493.0424,590.1669,0.3537,0.0287,2.6645,0.3301,0.1288,0.8336,0.1727,0.9766,0.4208,0.0000,2.4093,1.7562,150,63,18,4,0
casual_0201,292.3931,51.5723,136.8028,8.8087,11.1269,29,0.0316,385.7366,512.5652,0.5927,0.0008,2.2527,0.6988,0.1225,0.5135,0.0300,0.2720,0.2411,0.0000,1.5755,1.1431,144,34,3,6,0
skilled_0208,152.7806,58.2391,82.4680,8.6038,5.3199,27,0.0334,442.4634,582.6409,0.3320,0.0074,2.8174,0.3341,0.1361,0.8787,0.1381,1.1860,0.3364,0.0000,2.8259,1.0680,89,29,9,3,0
casual_1332,174.8517,53.2839,121.0590,15.5788,5.1271,15,0.0125,431.4392,539.6699,0.4777,0.0023,2.2443,0.6492,0.1231,0.3345,0.1961,0.9135,0.2553,0.0000,0.4106,0.2663,110,28,8,2,0
skilled_0016,62.1671,82.7763,78.4726,8.4225,4.0665,36,0.0104,518.7782,612.4873,0.4542,0.0166,2.8139,0.1314,0.1331,0.3765,0.1336,1.1315,0.4715,0.0000,0.9143,2.1420,175,82,8,3,0
skilled_0502,210.9361,79.8929,99.9607,14.7736,8.2544,10,0.0242,460.1970,535.3772,0.3417,0.0005,2.3008,0.3479,0.0989,0.6744,0.1076,1.4454,0.2804,0.0000,1.4430,0.9882,37,10,2,3,0
casual_2708,76.0057,10.0000,186.5828,35.4249,13.9829,30,0.0196,394.1168,572.0422,0.5820,0.0045,2.6466,0.7627,0.0848,0.9041,0.2307,1.1199,0.2930,0.0000,0.6312,1.3435,174,50,5,17,0
skilled_1021,53.2132,128.5690,85.5363,2.1465,5.2152,52,0.0171,402.5269,616.1730,0.4859,0.0010,2.5685,0.4822,0.0794,0.4082,0.0720,1.3380,0.3421,0.0000,2.1571,0.9209,174,59,4,6,0
casual_1854,259.4272,70.4169,129.8465,34.5646,13.6204,12,0.0175,379.4545,620.0000,0.1963,0.0130,2.6692,0.6382,0.1294,0.7426,0.3718,1.2231,0.2579,0.0000,0.5947,0.2751,102,26,2,1,0
esport_0219,284.1323,89.9495,76.3381,5.3433,0.9642,71,0.0000,576.2670,569.4513,0.6100,0.0059,2.8874,0.1881,0.0582,0.4171,0.1492,2.5874,0.5584,0.0000,3.6587,4.1021,186,103,9,3,0
casual_2872,35.4705,56.7968,183.2058,18.0840,11.6201,15,0.0087,578.5295,565.5378,0.5516,0.0009,1.6524,0.3446,0.1923,0.7506,0.2061,1.2796,0.1277,0.0000,1.7667,0.3833,83,10,1,14,0
skilled_0030,219.8280,130.1290,110.0330,3.1380,6.4614,14,0.0086,379.0890,571.1222,0.3972,0.0044,2.2553,0.2749,0.1115,0.3251,0.0921,1.5610,0.1680,0.0000,2.9755,2.4010,51,8,7,9,0
casual_1205,43.3540,34.6797,264.6927,19.0766,12.7583,13,0.0212,356.3965,504.7709,0.1272,0.0249,2.2839,0.3634,0.1148,0.2951,0.1234,0.7740,0.1587,0.0000,0.8052,1.4586,159,25,8,14,0
casual_1645,155.2336,53.3008,167.2202,16.5892,8.5890,31,0.0060,459.4082,453.8003,0.3673,0.0004,1.3793,0.3989,0.2001,0.5824,0.2186,0.9519,0.3985,0.0000,0.3041,0.8639,141,56,0,4,0
skilled_0417,85.5469,83.4023,78.9092,6.4808,7.1305,54,0.0181,351.4564,598.3968,0.4781,0.0016,2.5429,0.3655,0.0644,0.4260,0.2138,1.0430,0.2840,0.0000,2.7860,2.0085,158,44,6,8,0
skilled_0476,176.9494,52.7339,81.4889,13.0591,4.7033,46,0.0384,356.5933,572.3091,0.3914,0.0050,3.1710,0.5851,0.0439,0.5343,0.0929,0.8241,0.3870,0.0000,2.7424,1.1127,179,69,17,5,0
casual_2861,171.8265,35.2336,108.3047,6.0740,11.1816,6,0.0000,289.4472,572.0695,0.7218,0.0060,2.4534,0.5926,0.0640,0.9225,0.4843,0.8979,0.0470,0.0000,0.2061,0.3120,21,0,11,12,0
casual_1792,88.4880,109.5319,180.9148,14.0837,5.8444,25,0.0328,539.7812,570.4280,0.7337,0.0140,1.3331,0.6860,0.2030,0.8959,0.2255,0.5520,0.2965,0.0000,1.5556,1.2920,94,27,2,17,0
skilled_0797,44.9809,121.4073,64.9545,14.5242,10.5616,35,0.0040,445.6725,617.9154,0.1322,0.0005,2.5143,0.2357,0.1330,0.6614,0.1022,2.0912,0.1718,0.0000,4.0067,1.2894,99,17,9,4,0
skilled_0368,200.8004,93.7405,111.2500,11.3378,6.6873,35,0.0240,482.7370,579.2609,0.1986,0.0080,2.6970,0.3270,0.1101,0.4956,0.1162,0.7330,0.4289,0.0000,2.1826,0.4844,161,69,8,10,0
skilled_0367,132.8036,128.4683,73.4277,3.4259,9.3643,7,0.0241,407.5697,560.0806,0.4049,0.0013,2.5289,0.3126,0.0747,0.4593,0.1568,2.3128,0.3908,0.0000,3.5883,1.5987,45,17,16,1,0
skilled_0533,89.2027,78.8055,90.7023,9.9141,8.0226,66,0.0343,334.6098,556.1283,0.3152,0.0114,3.0422,0.2588,0.0910,0.3088,0.1302,1.1529,0.3768,0.0000,0.4676,1.5558,187,70,13,8,0
skilled_0449,82.0641,82.1435,58.1597,13.1378,8.4507,11,0.0000,358.4011,552.2624,0.4597,0.0035,2.9629,0.3206,0.0798,0.4990,0.2829,1.3319,0.2328,0.0000,0.6829,1.1474,36,8,16,4,0
casual_0603,224.5879,102.8133,41.4277,16.9463,8.7048,8,0.0147,511.9151,519.1819,0.4015,0.0016,2.4773,0.4712,0.3113,0.6770,0.3071,0.1000,0.2241,0.0000,1.8201,1.4781,30,6,8,17,0
skilled_0056,176.1661,61.0857,56.4178,2.8739,6.2985,51,0.0168,399.2773,553.6247,0.3380,0.0065,1.9301,0.3674,0.1022,0.3844,0.1693,0.7974,0.2397,0.0000,2.1915,2.0705,169,40,9,5,0
esport_0281,245.1825,160.8541,72.1972,12.3253,3.7521,18,0.0491,420.6830,604.2552,0.7892,0.0232,2.4045,0.1158,0.0827,0.5286,0.0766,1.5436,0.5755,0.0000,4.2757,4.7385,36,20,5,6,0
casual_0126,119.0625,58.9474,155.0596,23.7525,10.3982,4,0.0162,372.3433,565.0051,0.1703,0.0020,3.2610,0.6245,0.1340,0.9285,0.1662,1.2063,0.2038,0.0000,0.9341,0.9484,43,8,1,2,0
skilled_0876,56.0847,101.5897,107.0849,15.6462,2.9257,19,0.0172,380.7163,575.8113,0.3952,0.0228,2.5829,0.2839,0.0794,0.6045,0.1748,1.0211,0.3958,0.0000,1.0592,2.6739,124,49,15,0,0
casual_2935,157.3837,86.1260,73.9549,20.2244,8.3782,31,0.0029,495.5439,547.4278,0.8447,0.0396,3.5000,0.6728,0.1908,0.1500,0.2707,1.0961,0.2002,0.0000,0.6009,0.8070,146,29,5,10,0
skilled_0531,161.0753,68.0397,84.3434,14.2769,12.6361,8,0.0037,492.1924,620.0000,0.5847,0.0121,2.8548,0.2808,0.1309,0.6315,0.1553,0.8787,0.3894,0.0000,2.8544,2.2910,33,12,15,4,0
casual_2730,30.7310,80.0168,130.1210,36.5868,6.3184,6,0.0338,278.1566,620.0000,0.4272,0.0003,2.2594,0.3452,0.1578,0.6214,0.0300,0.5209,0.2660,0.0000,0.5784,1.4288,35,9,8,7,0
casual_0827,92.4457,54.4557,144.1892,27.2881,13.4689,17,0.0300,463.7701,545.7199,0.0200,0.0122,3.0556,0.7978,0.1267,0.5951,0.2122,0.8448,0.1696,0.0000,0.4427,0.7496,152,25,1,10,0
casual_1639,227.0501,80.8981,72.0924,14.6383,1.0000,25,0.0218,382.2986,584.5582,0.4607,0.0056,3.1202,0.4434,0.0608,0.1500,0.3752,0.7531,0.2859,0.0000,0.6572,0.9716,164,46,11,12,0
casual_0984,71.2768,47.2046,79.1456,20.3615,19.0028,17,0.0179,419.9206,608.6693,0.4024,0.0150,1.4704,0.6214,0.0400,0.6019,0.4209,1.2940,0.2313,0.0000,0.5986,1.0195,102,23,9,12,0
skilled_0281,144.0911,122.0166,140.6704,1.8160,8.6070,42,0.0238,569.3727,574.3499,0.7294,0.0134,2.8268,0.3045,0.0300,0.8316,0.0644,1.6090,0.1625,0.0000,1.2986,3.1181,120,19,7,6,0
trigger_0046,179.9308,80.2250,46.8523,4.3715,7.2651,105,0.0304,518.5688,568.3299,0.4361,0.0008,2.4133,0.1507,0.0057,0.4260,0.0094,2.3426,0.6014,0.0000,4.6157,4.8187,169,101,33,7,1
casual_2188,101.1313,20.2080,146.1228,21.9051,15.4318,9,0.0049,367.5638,583.0766,0.3879,0.0114,1.6971,0.8521,0.1832,0.8362,0.1820,1.1048,0.2020,0.0000,0.8786,0.7314,39,7,4,16,0
esport_0362,94.6636,147.9007,78.1119,2.2575,5.4150,61,0.0276,480.1437,625.0000,0.6224,0.0157,2.9971,0.1544,0.0207,0.3156,0.2081,2.1347,0.5824,0.0000,4.0100,3.5606,160,93,31,6,0
casual_2443,175.6482,69.5411,20.0000,12.3905,15.7228,29,0.0252,393.4006,476.5689,0.0835,0.0033,1.6376,0.6792,0.1134,0.8006,0.3480,1.3094,0.3051,0.0000,0.9407,0.0836,96,29,6,16,0
casual_0362,61.6180,91.7130,20.0000,21.1457,1.7022,1,0.0211,324.7040,583.9066,0.5632,0.0039,2.4031,0.5731,0.1856,0.9766,0.2342,1.2322,0.1123,0.0000,1.0577,1.3252,15,1,5,13,0
casual_2349,36.4143,35.1817,81.3099,16.8388,7.4184,27,0.0000,287.7084,558.8841,0.3693,0.0010,1.7382,0.6178,0.1332,0.1500,0.1377,0.6331,0.2338,0.0000,0.6497,0.0500,155,36,9,2,0
casual_0345,244.6810,43.1790,148.7484,2.8106,19.8833,42,0.0222,377.3527,600.2848,0.2228,0.0028,2.8582,0.7410,0.1229,0.6409,0.1023,0.8321,0.0754,0.0000,2.1485,0.1244,146,11,5,12,0
casual_0814,64.2657,101.5000,133.0336,10.7712,12.6470,11,0.0217,246.0054,499.2764,0.4138,0.0019,1.8011,0.5076,0.1734,0.6741,0.1649,0.7527,0.3440,0.0000,1.6038,0.1733,58,19,7,9,0
skilled_0205,69.4345,125.5986,84.1699,14.2908,12.1281,18,0.0000,409.3332,620.0000,0.4522,0.0006,2.0786,0.2766,0.0801,0.6016,0.1673,1.7097,0.1456,0.0000,1.4342,1.1069,58,8,6,13,0
skilled_1160,82.7947,80.1909,110.0612,16.0213,14.8738,24,0.0230,490.4324,615.1721,0.3459,0.0072,2.8528,0.2608,0.1031,0.3229,0.1900,1.2492,0.3941,0.0000,1.0859,0.5409,141,55,9,6,0
aimbot_0045,132.9052,138.4079,17.1060,2.0984,1.2029,75,0.0841,442.5168,558.2013,0.4081,0.0025,2.7771,0.0868,0.0147,0.4571,0.0528,2.0405,0.8132,0.0000,4.1707,8.0843,123,100,11,5,1
skilled_0325,221.3360,135.2090,73.1904,6.4776,11.4066,32,0.0048,502.0259,601.5815,0.3305,0.0010,2.6497,0.2749,0.1157,0.5944,0.1896,1.2086,0.3052,0.0000,2.3892,1.6537,113,34,3,12,0
skilled_1106,276.8301,79.0783,87.7565,9.0306,1.6642,11,0.0254,384.3119,529.7347,0.5137,0.0021,1.8455,0.3299,0.1163,0.5578,0.0316,1.4344,0.4472,0.0000,1.4147,0.8200,39,17,12,8,0
casual_2116,101.4351,105.6827,150.1498,20.4475,14.2046,7,0.0214,541.7138,578.6012,0.2111,0.0055,1.8040,0.5989,0.0989,0.9506,0.1846,0.6484,0.0655,0.0000,0.8819,1.1324,38,2,10,3,0
casual_1834,88.5674,107.0914,27.7760,26.2799,18.9437,17,0.0226,440.3376,452.4835,0.5390,0.0015,2.4158,0.3945,0.2895,0.7879,0.3121,0.3968,0.0356,0.0000,1.1753,0.5470,118,4,1,11,0
casual_0793,51.0893,77.9961,155.5077,16.5734,23.7500,21,0.0000,310.3779,564.2734,0.3381,0.0064,2.2814,0.5723,0.1927,0.2721,0.3388,1.3456,0.1212,0.0000,0.9486,1.1898,131,15,5,10,0
trigger_0021,74.3358,101.6602,29.9169,9.3143,1.4533,58,0.0230,359.7409,507.6083,0.6325,0.0296,2.7742,0.1444,0.0074,0.4343,0.0034,1.9249,0.4694,0.0000,6.2259,7.6239,120,56,37,2,1
casual_2674,187.1398,73.5490,33.0423,8.2682,18.0132,0,0.0000,458.7575,601.2535,0.4649,0.0089,2.6311,0.5185,0.2441,0.5260,0.2835,0.7079,0.2067,0.0000,1.5179,1.8458,10,2,2,7,0
casual_0094,111.4083,22.4608,67.8122,11.4932,28.9387,17,0.0020,305.3615,479.7728,0.1457,0.0081,1.9651,0.6564,0.1523,0.9449,0.3012,1.0139,0.1496,0.0000,0.6024,1.3535,98,14,3,7,0
skilled_0756,246.3789,94.5311,96.7138,12.5471,3.1165,60,0.0264,403.5176,586.7143,0.6838,0.0112,2.3930,0.5524,0.0300,0.6440,0.1098,1.0039,0.2573,0.0000,1.7009,1.9047,161,41,16,10,0
casual_2891,294.9447,10.0000,138.0733,15.4998,7.6293,16,0.0175,382.1227,604.1689,0.5391,0.0010,1.6409,0.6506,0.1351,0.6340,0.1020,0.7241,0.2036,0.0000,0.4859,0.6328,88,17,3,11,0
casual_2371,118.2626,122.9250,30.1510,6.7988,1.3664,28,0.0268,311.2458,499.9062,0.3817,0.0021,2.2639,0.6222,0.1733,0.7155,0.3762,0.6358,0.1653,0.0000,0.9984,0.5078,128,21,6,17,0
skilled_1149,124.8260,85.6412,78.3679,15.4828,4.5677,24,0.0306,453.6575,545.6811,0.4694,0.0104,2.5015,0.1874,0.1044,0.4042,0.1951,1.8292,0.2089,0.0000,0.6645,1.2234,94,19,9,13,0
esport_0182,263.1420,105.3869,59.8027,4.6233,5.9680,7,0.0414,519.5219,593.5635,0.6362,0.0072,2.3056,0.2165,0.0981,0.2866,0.1139,1.8923,0.5766,0.0000,4.2815,0.8000,73,42,9,2,0
skilled_0228,106.9685,104.2372,68.2770,12.2541,9.7889,25,0.0265,392.1372,620.0000,0.4398,0.0316,2.7174,0.2733,0.0657,0.5462,0.0421,1.8167,0.2797,0.0000,4.1251,1.7208,81,22,18,9,0
casual_2853,116.6260,88.7597,182.0141,2.4626,25.2713,16,0.0000,465.6491,577.2734,0.4646,0.0152,1.8397,0.7923,0.1914,0.2947,0.3016,0.5199,0.2315,0.0000,1.6596,0.2156,97,22,9,2,0
casual_2912,174.0146,95.6449,155.1391,14.1353,12.3937,37,0.0377,350.8910,553.6871,0.4283,0.0007,2.7824,0.6091,0.1950,0.1500,0.1950,0.5309,0.1685,0.0000,1.2027,0.8542,167,28,1,14,0
casual_1865,262.1920,54.3388,172.1265,8.6903,30.6039,12,0.0044,336.5512,562.3140,0.3608,0.0053,2.5315,0.5377,0.0802,0.6099,0.0525,0.5993,0.1567,0.0000,0.6053,0.7948,49,7,7,10,0
casual_1857,107.4610,10.0000,77.2278,24.8658,2.0504,25,0.0000,290.3836,554.4424,0.5184,0.0058,2.9224,0.3920,0.0742,0.4043,0.1989,1.1966,0.2641,0.0000,0.6347,1.2651,111,29,0,9,0
casual_2645,268.0366,40.3980,181.9762,18.0704,11.0280,4,0.0101,319.9257,562.6112,0.2719,0.0046,2.8860,0.6406,0.0400,0.4925,0.2486,0.1000,0.0778,0.0000,0.4331,0.7141,29,2,4,12,0
casual_2243,98.7283,144.0470,65.8878,18.4847,9.0802,31,0.0164,384.5955,596.8731,0.3045,0.0076,2.2152,0.9332,0.0802,0.6779,0.3111,1.2177,0.2467,0.0000,0.6054,1.5088,157,38,4,5,0
casual_2336,264.4238,43.6406,133.3309,25.0739,14.3327,23,0.0126,544.1909,564.7037,0.5869,0.0192,2.4280,0.8036,0.1287,0.5876,0.2088,0.5930,0.3315,0.0000,1.2156,0.1277,154,51,6,3,0
casual_0950,173.3296,113.2524,81.0831,16.0052,12.3109,8,0.0098,448.8527,437.7382,0.4073,0.0057,2.5344,0.6302,0.1980,0.7537,0.2081,0.8689,0.1846,0.0000,1.4207,0.2617,68,12,2,9,0
skilled_0068,124.1945,103.4893,113.2784,5.7875,2.5037,56,0.0156,522.8817,580.9170,0.3326,0.0028,2.4087,0.2669,0.0986,0.6083,0.1191,1.2369,0.3835,0.0000,2.5372,1.9928,159,60,2,5,0
casual_1120,209.1324,51.0440,198.2318,17.9028,10.2335,14,0.0149,302.4367,568.0505,0.3824,0.0019,2.2115,0.6089,0.2366,0.4033,0.3039,1.4260,0.2671,0.0000,1.1105,1.2024,109,29,5,16,0
casual_2597,139.8511,44.8320,132.3155,21.4206,17.3637,23,0.0087,402.1580,559.4239,0.3405,0.0217,2.1510,0.5561,0.2260,0.4199,0.1358,1.4272,0.0200,0.0000,1.4886,0.4842,100,2,7,14,0
casual_2204,117.2818,86.1473,133.8061,15.4566,16.4339,49,0.0330,469.0342,550.9009,0.4458,0.0041,1.4317,0.5531,0.0738,0.5709,0.4333,0.5334,0.2155,0.0000,1.3400,0.4750,168,36,6,14,0
casual_0419,275.8723,98.8985,203.5199,14.5556,4.3656,50,0.0115,303.5597,578.7646,0.3401,0.0030,2.2392,0.5549,0.1916,0.7140,0.2634,1.5539,0.3160,0.0000,0.6387,0.8096,175,55,3,7,0
casual_0922,196.5242,10.0000,100.5712,14.8834,19.4444,40,0.0183,295.2801,491.2813,0.4985,0.0032,1.5332,0.7256,0.1640,1.1323,0.2096,0.8026,0.1898,0.0000,0.7998,1.3989,172,32,0,14,0
casual_1254,62.9316,57.1342,135.5068,7.1930,16.0077,38,0.0108,305.8680,614.7806,0.1830,0.0138,2.6036,0.6852,0.1291,0.2520,0.2534,0.6250,0.1536,0.0000,1.1958,0.0931,172,26,11,16,0
casual_0477,194.9666,10.0000,187.9055,8.6608,19.1036,4,0.0171,428.3803,553.5007,0.3486,0.0038,2.3100,0.3418,0.0400,0.6689,0.0983,0.4257,0.2575,0.0000,0.8930,0.8567,30,7,3,10,0
casual_2035,241.3616,58.3603,58.9903,12.0818,7.8010,9,0.0216,323.4695,620.0000,0.4858,0.0035,2.2636,0.4144,0.1412,0.3865,0.2317,0.5249,0.1820,0.0000,0.0000,1.3727,94,17,8,13,0
casual_1202,253.7077,48.6814,225.3862,21.9297,9.7505,23,0.0073,414.9209,581.4666,0.2786,0.0090,2.1408,0.7486,0.0889,0.8067,0.1981,0.6373,0.3896,0.0000,1.5437,0.9126,166,64,11,10,0
casual_2626,181.3010,22.9850,75.3307,12.5089,2.3689,9,0.0000,267.6136,535.3334,0.2782,0.0029,3.2832,0.8283,0.1037,0.9687,0.3440,1.4983,0.0200,0.0000,1.6913,1.5129,46,0,5,2,0
aimbot_0068,87.4952,118.4421,24.2771,2.8706,0.7331,62,0.0577,373.4003,625.0000,0.4478,0.0150,1.9902,0.0730,0.0131,0.3510,0.0222,1.5733,0.8389,0.0000,6.0907,9.2052,93,78,33,3,1
casual_1970,114.2979,76.4025,73.9332,18.0008,1.8245,5,0.0126,374.3716,546.6679,0.1959,0.0003,2.3678,0.5547,0.1206,0.1500,0.3509,0.4365,0.2498,0.0000,1.2493,1.0746,29,7,2,10,0
skilled_0110,62.8698,127.6728,100.9597,10.5534,12.0727,15,0.0239,456.4055,620.0000,0.4095,0.0057,2.9780,0.2394,0.0687,0.2429,0.2122,1.1509,0.3330,0.0000,0.8415,0.7047,60,19,12,5,0
skilled_1018,166.2454,108.9233,104.3478,4.5810,6.8095,23,0.0093,454.1069,606.3914,0.6153,0.0063,2.9803,0.3540,0.0819,0.6996,0.2849,1.1635,0.4855,0.0000,2.1858,0.7889,93,45,8,8,0
casual_2151,39.2284,94.8596,90.1616,20.5221,12.0995,20,0.0106,298.1742,598.5895,0.1273,0.0017,1.8111,0.7827,0.1230,0.6192,0.0451,1.1519,0.1935,0.0000,0.2886,0.3591,138,26,10,17,0
skilled_0687,41.0397,106.2690,117.3767,4.9037,12.1571,11,0.0287,482.1792,557.3039,0.3113,0.0033,2.1906,0.2918,0.0953,0.6861,0.1491,1.5689,0.3185,0.0000,1.7913,2.3117,34,10,4,10,0
casual_1997,120.4627,93.9270,73.1219,21.5989,14.9646,21,0.0079,330.0750,563.0361,0.2027,0.0020,1.5699,0.4975,0.0569,0.6706,0.1767,0.4180,0.2468,0.0000,0.1167,0.5741,77,18,4,2,0
skilled_1033,208.8523,78.6671,65.3857,4.9255,7.2515,33,0.0015,483.2797,575.6829,0.2418,0.0059,3.0247,0.2686,0.1067,0.2349,0.0957,1.5448,0.4486,0.0000,3.3724,0.8109,83,37,8,5,0
skilled_0054,81.6100,87.4900,89.6818,14.3026,5.5591,20,0.0000,342.2666,608.1457,0.3677,0.0091,2.5928,0.2524,0.0300,0.3797,0.2867,0.9482,0.2682,0.0000,1.8128,2.0006,71,19,19,1,0
casual_1248,269.8587,72.7725,116.9053,17.0788,8.7210,2,0.0136,503.4569,499.0145,0.3827,0.0151,2.1180,0.8280,0.1954,0.8224,0.1747,1.0184,0.0810,0.0000,0.4763,0.0500,16,1,10,10,0
casual_2192,224.6809,121.8607,23.8521,21.5305,9.8104,2,0.0432,421.6713,561.3414,0.4707,0.0079,2.3574,0.4430,0.2149,1.1541,0.4764,1.2443,0.1712,0.0000,0.6736,1.6593,14,2,5,9,0
casual_2712,97.4110,10.0000,83.4410,22.3744,14.0278,15,0.0027,192.2270,573.7666,0.4218,0.0172,2.5009,0.6976,0.0938,0.4940,0.2386,1.4126,0.1306,0.0000,0.4435,0.5355,153,19,11,13,0
casual_0992,244.2816,101.0925,51.0303,24.8252,9.2127,10,0.0057,410.5024,620.0000,0.4675,0.0071,1.2901,0.7522,0.1411,0.8926,0.1515,0.7905,0.3132,0.0000,1.6204,1.0528,75,23,9,2,0
casual_2190,61.1002,67.0986,60.2447,11.4892,10.7801,19,0.0131,226.0503,620.0000,0.1966,0.0109,3.1987,0.4893,0.2263,0.4445,0.1290,0.4576,0.2973,0.0000,0.9537,1.0999,71,21,2,5,0
skilled_0762,255.4382,51.1412,39.1855,12.4479,1.9669,51,0.0335,528.6690,606.0454,0.4622,0.0202,2.7009,0.4308,0.0949,0.2558,0.1303,1.5182,0.2747,0.0000,3.3808,1.1710,195,53,6,9,0
skilled_0597,67.7553,107.6966,110.4377,5.7933,3.2870,36,0.0097,344.1250,568.6568,0.2885,0.0072,2.7531,0.2971,0.0546,0.6095,0.1706,0.8143,0.3229,0.0000,0.7982,1.8293,143,46,19,2,0
casual_1318,230.7342,54.8301,76.2907,14.7867,5.1674,15,0.0082,583.7680,514.3046,0.3637,0.0057,3.5000,0.4559,0.2019,0.7008,0.3771,0.9748,0.1722,0.0000,0.9981,1.1403,118,20,2,9,0
casual_1863,172.2288,82.2574,71.1426,14.5661,17.9824,14,0.0228,315.4440,566.3800,0.6327,0.0013,2.3531,0.5876,0.1606,1.2533,0.1805,1.1433,0.0373,0.0000,1.9352,0.0500,62,2,9,5,0
casual_2343,107.7762,74.3158,50.3544,33.2445,12.8208,7,0.0083,466.2717,592.8170,0.2588,0.0205,2.2585,0.6720,0.0917,0.4107,0.0324,1.0468,0.1819,0.0000,2.2062,1.0259,36,6,0,7,0
casual_2449,188.0017,46.5994,172.8344,27.3297,7.5600,31,0.0342,387.8796,504.5137,0.6797,0.0029,2.2153,0.6821,0.1714,0.7600,0.3150,0.4810,0.1057,0.0000,0.4239,1.0913,119,12,10,13,0
casual_2136,114.9370,112.6987,168.9443,27.6013,1.0000,48,0.0263,248.1642,531.4698,0.4323,0.0056,3.5000,0.4284,0.1401,0.6303,0.2648,1.3887,0.2097,0.0000,0.8861,0.8938,165,34,1,9,0
casual_1065,293.5547,47.2639,103.8047,28.1227,10.7834,39,0.0110,188.3739,611.0625,0.2498,0.0213,2.0336,0.3740,0.1192,0.1500,0.1772,1.0561,0.1105,0.0000,1.1283,0.9580,149,16,3,15,0
trigger_0035,107.6276,87.7497,38.1939,6.8632,4.8138,20,0.0268,252.5339,588.1720,0.2521,0.0247,2.3654,0.0643,0.0036,0.4499,0.0060,2.0583,0.5401,0.0000,5.2710,1.6846,49,26,33,2,1
casual_2621,289.0910,63.9473,167.8889,12.1531,25.3308,23,0.0264,302.7391,575.9345,0.0200,0.0015,1.3621,0.7739,0.1972,0.4291,0.0704,0.8013,0.1089,0.0000,1.9342,0.2943,114,12,5,1,0
casual_0077,208.7175,152.5920,20.0000,31.9938,12.1708,16,0.0027,313.2006,466.3184,0.6368,0.0214,1.0964,0.4290,0.1246,0.6888,0.2265,1.5495,0.1265,0.0000,1.8570,0.9537,143,18,6,6,0
casual_2898,198.2293,77.3025,94.1203,2.0000,11.1311,9,0.0000,453.2540,561.8542,0.3047,0.0171,2.0535,0.7987,0.0932,0.1500,0.1198,1.2553,0.2061,0.0000,1.4883,0.7634,51,10,9,2,0
casual_1314,40.4063,87.5285,121.3475,17.2845,9.2225,23,0.0005,336.3351,571.9895,0.0952,0.0021,1.9582,0.5233,0.1513,0.7899,0.4069,0.9806,0.2443,0.0000,1.7085,1.3007,129,31,6,10,0
esport_0122,218.7577,120.5210,36.8543,2.7421,3.4761,61,0.0376,386.1442,624.8500,0.6524,0.0046,2.6977,0.2101,0.0581,0.3897,0.1525,1.8489,0.5506,0.0000,4.7435,3.5400,165,90,25,6,0
casual_0872,294.3907,10.0000,77.3780,4.7790,4.1275,13,0.0273,492.8726,513.3155,0.5720,0.0009,1.8763,0.4569,0.2117,0.5666,0.2317,1.0666,0.2403,0.0000,1.2226,0.4917,70,16,8,9,0
skilled_0850,153.3845,92.5382,42.1389,1.0000,12.4298,4,0.0417,307.8448,603.1422,0.1867,0.0011,2.3677,0.3988,0.0767,0.6198,0.0870,0.6478,0.3311,0.0000,2.0599,2.9597,71,23,10,7,0
aimbot_0037,73.1138,98.3505,10.1635,2.6207,1.3271,59,0.0439,515.7153,585.6525,0.3369,0.0173,3.4661,0.0616,0.0082,0.3788,0.0602,2.4077,0.7187,0.0000,5.4030,11.2949,81,58,39,2,1
casual_2965,176.5943,85.1819,94.4789,27.9332,5.9021,13,0.0363,298.5904,528.3472,0.5124,0.0023,2.5976,0.4087,0.2391,1.2155,0.0300,1.1806,0.0859,0.0000,0.0000,1.1967,78,6,3,14,0
skilled_0391,131.8609,101.8403,75.4188,1.4290,6.1882,21,0.0170,418.1611,619.0435,0.5869,0.0102,2.3110,0.3778,0.1173,0.6975,0.1859,0.4805,0.3854,0.0000,3.7816,1.5211,78,30,7,10,0
casual_2560,196.7708,50.9400,134.3374,13.4668,1.0000,4,0.0108,162.9283,487.8615,0.1916,0.0051,2.5802,0.3744,0.1463,0.6126,0.2193,1.0211,0.2143,0.0000,1.1606,0.8910,55,11,7,15,0
speed_0046,43.3396,68.7247,119.7305,16.2759,7.8904,22,0.0374,1066.2383,1160.0002,0.1603,0.3607,2.6262,0.3536,0.1692,0.7162,0.1695,0.4003,0.2940,0.0000,3.9070,2.1029,134,39,16,4,1
casual_2635,145.7201,65.6484,51.6562,19.9053,6.6407,28,0.0108,229.8714,597.6523,0.3642,0.0088,2.7409,0.5164,0.1856,0.6380,0.0300,1.3422,0.3734,0.0000,0.6442,2.0718,149,55,10,8,0
skilled_0530,93.7971,123.8150,39.9817,5.0529,9.6251,31,0.0417,357.1308,589.8846,0.6069,0.0097,2.2496,0.1200,0.1786,0.6989,0.2596,0.7458,0.3819,0.0000,2.8433,2.2446,102,38,5,0,0
casual_0375,69.9015,34.6862,163.2390,14.2867,9.6379,1,0.0138,332.4216,600.5983,0.6287,0.0205,1.6535,0.6324,0.1582,0.6846,0.1542,0.7929,0.3678,0.0000,0.8293,0.4679,10,3,3,5,0
casual_1908,246.7431,34.9028,20.0000,15.8884,13.1115,47,0.0269,248.8919,496.6415,0.4735,0.0035,2.2977,0.7805,0.1987,0.6928,0.3114,1.9374,0.1650,0.0000,0.6461,0.7153,179,29,7,9,0
esport_0082,105.2046,165.0349,55.9144,1.9973,2.5391,46,0.0322,483.1201,615.2807,0.5333,0.0170,3.0190,0.2152,0.0824,0.3267,0.1585,1.8750,0.5533,0.0000,2.1071,3.3247,104,57,6,1,0
esport_0129,153.7870,139.0269,77.6555,2.7278,6.4717,24,0.0327,479.0515,603.6503,0.4491,0.0112,2.5900,0.3252,0.0473,0.4605,0.1689,2.3272,0.4471,0.0000,2.3087,3.3075,94,42,19,4,0
skilled_1027,74.6232,74.0958,87.1795,15.2188,9.2600,41,0.0000,474.9970,583.6469,0.3379,0.0029,2.5142,0.2037,0.1127,0.8523,0.0200,2.4113,0.3557,0.0000,1.9949,1.3895,136,48,17,0,0
casual_1604,93.5192,80.5250,116.2522,16.5672,7.8010,14,0.0036,369.3144,610.0550,0.1446,0.0070,2.9831,0.6709,0.1827,0.7658,0.1721,1.1104,0.2403,0.0000,0.8569,0.9109,58,13,6,9,0
casual_1118,103.0707,66.5276,188.0441,16.2814,12.3159,24,0.0191,340.4427,570.8893,0.3910,0.0133,2.2551,1.0827,0.1602,0.8974,0.1702,1.1889,0.0895,0.0000,0.4020,0.6508,88,7,1,1,0
skilled_0677,166.8541,89.4067,63.9416,14.6616,6.4335,37,0.0303,355.7578,620.0000,0.3546,0.0170,2.7081,0.3196,0.1531,0.9120,0.2632,1.0433,0.3967,0.0000,1.4975,1.7187,135,53,15,12,0
skilled_0490,129.8279,83.9881,155.3253,9.0228,10.5241,38,0.0335,409.7634,564.7860,0.4857,0.0080,2.5673,0.4060,0.1420,0.5271,0.1507,0.3485,0.3348,0.0000,2.1700,2.2805,137,45,5,7,0
speed_0014,192.8445,99.5937,106.5271,9.9662,8.4411,17,0.0134,602.9714,1414.3065,0.6461,0.3832,2.7242,0.6041,0.0753,0.5791,0.1280,1.0935,0.3783,0.0000,1.9652,2.4166,76,28,18,3,1
casual_2958,96.9457,129.7079,136.0024,13.9054,12.7630,32,0.0315,356.8434,508.9145,0.6847,0.0030,2.2985,0.2229,0.0660,0.3069,0.1174,0.8296,0.2365,0.0000,0.5703,0.3933,155,36,8,13,0
casual_1994,158.3325,81.3018,60.9773,14.2844,8.2553,7,0.0153,431.1623,568.5289,0.0200,0.0008,2.3065,0.2000,0.1408,0.6160,0.2867,1.0096,0.1262,0.0000,0.8943,1.2138,37,4,11,4,0
trigger_0030,153.0896,103.0365,40.2493,7.4037,2.2584,48,0.0397,343.7039,595.7820,0.4755,0.0007,2.5025,0.1759,0.0053,0.3686,0.0021,2.3214,0.6258,0.0000,2.1113,4.5942,89,55,28,0,1
esport_0105,122.0835,123.4810,86.8342,3.5461,2.3660,27,0.0636,376.3062,625.0000,0.5708,0.0024,2.6731,0.0800,0.0844,0.1000,0.0908,0.5000,0.7363,0.0000,3.2835,1.9964,105,77,26,7,0
casual_2376,265.4682,94.9574,100.4184,26.5283,12.0613,15,0.0198,583.8226,527.7920,0.7729,0.0041,2.2474,0.6867,0.1379,0.7968,0.2221,0.8577,0.2339,0.0000,1.2186,1.1236,87,20,9,5,0
casual_1342,160.0762,56.4586,70.5057,30.3520,10.2695,16,0.0000,382.6573,573.9213,0.2647,0.0069,2.7789,0.6957,0.2215,0.6606,0.4478,1.2117,0.0636,0.0000,0.6180,1.0254,84,5,8,4,0
casual_0320,277.4140,103.8145,71.4275,24.0600,14.1098,24,0.0164,394.9595,495.4148,0.3277,0.0082,2.2315,0.5669,0.1583,0.5328,0.2886,1.2165,0.2518,0.0000,0.9497,1.0206,164,41,7,2,0
casual_1619,40.4340,45.9042,106.6967,20.4802,17.4712,7,0.0197,347.1562,580.2191,0.5173,0.0023,3.3843,0.6247,0.0668,0.5080,0.1698,0.7218,0.2870,0.0000,1.1021,1.0272,92,26,5,16,0
skilled_0713,31.2950,96.8976,73.7888,14.8350,13.1134,8,0.0076,474.6079,546.5206,0.3828,0.0040,2.6378,0.2136,0.0995,0.6451,0.2405,1.8264,0.4771,0.0000,2.8143,0.9763,56,26,15,5,0
casual_2060,285.2625,46.2946,29.5333,22.1749,5.9391,3,0.0165,313.7106,602.9993,0.6846,0.0173,2.6894,0.8310,0.0953,0.9748,0.2144,0.7247,0.2424,0.0000,0.5492,0.0500,19,4,5,17,0
casual_2219,114.9737,71.6319,63.2135,13.4244,6.9387,6,0.0225,221.6925,520.0913,0.4003,0.0041,0.7861,0.4272,0.1107,1.0144,0.1656,1.1357,0.0772,0.0000,1.0621,0.8783,29,2,7,4,0
casual_1673,64.6392,32.9743,91.6397,26.7581,17.6143,9,0.0258,447.7450,570.0137,0.3856,0.0310,1.8557,0.5776,0.2608,0.8300,0.2290,1.0289,0.1700,0.0000,1.9331,1.6406,81,13,4,13,0
casual_0260,69.4668,28.6792,88.9558,18.0896,16.8281,26,0.0338,370.2643,541.1216,0.5367,0.0061,3.1919,0.5216,0.1339,0.2928,0.0719,1.0120,0.0858,0.0000,1.2627,0.5846,137,11,4,10,0
esport_0167,70.6421,120.5669,52.2907,9.1612,6.1715,49,0.0539,397.1352,625.0000,0.4150,0.0035,2.1148,0.2568,0.0553,0.4815,0.1464,0.9474,0.4741,0.0000,3.6777,3.1824,132,62,21,4,0
casual_2039,236.2379,104.6173,86.6196,27.2715,14.2116,10,0.0380,256.0694,546.6510,0.3041,0.0045,1.6548,0.2807,0.1785,1.1108,0.1147,1.3315,0.3358,0.0000,0.8593,1.0343,40,13,8,1,0
casual_0901,100.0488,120.0885,119.9815,14.1271,7.8595,18,0.0235,377.8780,487.6200,0.3836,0.0005,2.2332,0.3783,0.1440,0.8895,0.1582,0.1000,0.0848,0.0000,0.5638,0.9882,116,9,10,10,0
skilled_0744,136.8099,65.6662,105.8099,10.2044,10.3582,55,0.0253,477.5020,587.5703,0.4692,0.0050,3.0383,0.4046,0.0825,0.7303,0.1034,1.9723,0.2500,0.0000,2.2228,1.1266,177,44,10,13,0
casual_2026,248.7817,38.3569,90.0983,18.6238,10.9333,9,0.0372,569.3312,557.0416,0.0320,0.0046,2.0135,0.4590,0.2854,0.2075,0.1909,0.7182,0.1902,0.0000,0.0000,0.3319,53,10,6,11,0
casual_1917,225.7005,58.7530,131.4699,27.3727,5.2229,15,0.0000,382.5860,557.0502,0.4095,0.0023,2.4287,0.4267,0.1256,0.5251,0.1068,0.5867,0.2289,0.0000,1.0561,0.1803,165,37,3,9,0
casual_1828,278.8549,170.0116,52.3462,19.0399,16.0668,11,0.0000,503.1993,557.4316,0.2219,0.0028,2.9937,0.6505,0.1667,0.7097,0.1283,0.7003,0.1379,0.0000,1.4468,1.2235,57,7,0,2,0
casual_1573,255.8855,96.2343,20.0000,19.6742,7.7204,19,0.0033,309.9073,595.7511,0.2706,0.0330,2.6312,0.8043,0.0443,0.6867,0.2450,1.6333,0.3607,0.0000,1.8401,0.6266,73,26,10,5,0
esport_0144,252.3612,96.9189,46.8084,3.5873,2.8003,18,0.0243,384.1414,619.0508,0.4235,0.0211,2.2962,0.1235,0.0528,0.1439,0.0536,2.8142,0.4134,0.0000,4.4423,2.1611,49,20,15,3,0
skilled_1208,192.7490,62.7357,76.8807,15.3005,7.9866,6,0.0199,344.6413,606.7192,0.5567,0.0260,2.6958,0.1644,0.1336,0.4219,0.1655,0.6637,0.3630,0.0000,1.2662,1.5428,20,7,12,1,0
casual_0224,107.3405,60.7783,82.2776,33.1132,7.6084,30,0.0098,349.2197,606.6061,0.3584,0.0134,3.1238,0.6620,0.1171,0.1500,0.1994,0.7616,0.2238,0.0000,1.4552,1.3922,108,24,6,8,0
casual_0723,289.1391,61.8502,79.8463,13.8210,16.0606,17,0.0115,320.3645,503.2393,0.1919,0.0107,1.1669,0.5890,0.2170,0.8785,0.4719,0.8437,0.0200,0.0000,1.2712,0.6574,108,2,9,16,0
esport_0235,144.7678,125.9743,63.7554,9.9211,2.7568,40,0.0358,448.9302,625.0000,0.8061,0.0156,2.7660,0.1638,0.0200,0.3465,0.1388,1.9700,0.4619,0.0000,3.6614,3.0363,99,45,30,5,0
casual_1141,242.6152,27.4471,159.0613,7.8989,8.4554,6,0.0184,478.1595,615.3525,0.3828,0.0061,2.2292,0.6181,0.1595,0.8751,0.2855,1.1982,0.1455,0.0000,0.0000,1.0607,43,6,0,11,0
casual_2762,57.1409,147.0386,132.0661,10.8261,7.2255,14,0.0199,416.6797,460.1202,0.1027,0.0020,2.5459,0.6461,0.1549,0.3036,0.1230,0.9125,0.1950,0.0000,1.3041,1.0572,79,15,3,3,0
casual_0846,136.6520,10.0000,177.8447,2.0000,18.6780,35,0.0196,485.1910,531.1547,0.6256,0.0030,3.2245,0.6650,0.1096,1.1187,0.2271,1.1799,0.1149,0.0000,0.5263,0.9439,171,19,5,4,0
casual_2551,164.8057,98.2621,104.2392,22.0163,16.9782,35,0.0215,415.6138,512.5013,0.4253,0.0207,2.0771,0.4778,0.1587,0.6067,0.2522,0.9990,0.1291,0.0000,0.4030,0.1974,152,19,1,17,0
casual_2928,128.5999,112.1939,123.0528,21.5265,11.3446,18,0.0178,434.8615,620.0000,0.0200,0.0075,2.2511,0.5351,0.1922,0.3660,0.2537,0.3916,0.2575,0.0000,0.8891,0.3038,128,32,8,8,0
casual_0117,224.2550,104.8551,63.3748,6.3314,4.3430,24,0.0141,400.7131,620.0000,0.3242,0.0006,2.3534,0.6924,0.1458,0.7018,0.3014,1.0529,0.3893,0.0000,0.9987,1.2381,142,55,11,2,0
casual_0645,261.6938,89.5152,20.0000,14.6872,15.3050,40,0.0349,327.5526,530.4782,0.3826,0.0165,2.3242,0.3839,0.1609,0.3284,0.3748,0.9038,0.2800,0.0000,0.8585,1.2933,167,46,11,2,0
casual_0003,218.2894,10.0000,43.9217,3.2324,9.2224,20,0.0123,300.7629,493.9059,0.4171,0.0029,1.7710,0.2466,0.1759,0.6855,0.4144,0.8574,0.1882,0.0000,1.3322,0.8909,142,26,11,4,0
skilled_1170,192.6362,137.5392,97.7628,8.6467,7.3041,47,0.0353,309.8795,593.7921,0.4741,0.0221,3.0058,0.3531,0.1247,0.5756,0.1586,1.3720,0.2440,0.0000,2.3644,1.0316,170,41,12,1,0
casual_0467,283.9605,83.9644,154.1865,10.3750,19.4383,20,0.0315,270.0841,572.2709,0.5481,0.0100,2.4664,0.7306,0.1283,0.6339,0.0983,0.8128,0.0200,0.0000,1.2971,1.4421,96,1,6,10,0
casual_0005,293.4180,55.9561,112.2677,30.1448,13.1819,30,0.0043,241.9981,569.7147,0.0200,0.0000,2.5872,0.3331,0.0400,0.7034,0.2789,0.6480,0.1294,0.0000,1.3561,0.0500,127,16,11,14,0
casual_0919,179.2825,22.6167,99.1236,12.9237,12.7375,10,0.0139,328.9872,575.3275,0.3805,0.0060,2.0714,0.3117,0.2393,0.5592,0.2355,0.8116,0.0805,0.0000,1.3846,1.1467,52,4,10,1,0
casual_2595,276.5959,62.0313,90.2620,13.6215,17.0748,30,0.0145,312.6132,554.7753,0.3659,0.0194,2.1329,0.8462,0.1981,0.3996,0.2124,0.2647,0.0641,0.0000,0.8500,0.8792,155,9,7,16,0
casual_1063,198.8791,105.4081,84.4952,17.4314,8.3417,20,0.0324,470.2571,506.4998,0.2736,0.0022,3.1323,0.4695,0.1434,0.9401,0.1521,0.6495,0.3054,0.0000,0.7206,1.3122,128,39,7,2,0
casual_2590,237.2685,99.7103,77.9211,10.8522,12.5323,18,0.0211,407.9175,505.7586,0.3710,0.0167,2.3841,0.4680,0.0954,0.1500,0.2064,1.3095,0.1339,0.0000,0.8136,0.3709,82,10,10,12,0
casual_0242,92.8130,10.0000,112.2139,20.1030,13.5661,11,0.0138,263.3804,595.3316,0.2117,0.0100,1.8151,0.2460,0.2936,0.8735,0.4294,1.0762,0.3465,0.0000,2.0747,0.8399,54,18,5,11,0
casual_1160,39.4064,28.5262,72.6611,13.4710,14.1843,38,0.0147,317.0049,557.8200,0.0851,0.0082,2.0102,0.4754,0.1401,0.4529,0.3323,2.5342,0.3708,0.0000,0.9402,0.2070,159,58,4,9,0
casual_2870,197.7938,109.1242,82.4376,15.3321,14.9016,12,0.0071,323.5516,511.3954,0.4521,0.0024,2.0328,0.6709,0.1540,0.8838,0.1653,0.4732,0.2500,0.0000,0.5271,0.8774,92,22,8,16,0
skilled_0735,193.2780,86.1953,100.2555,12.8506,11.4240,16,0.0152,423.4733,600.4544,0.4276,0.0079,2.1105,0.1801,0.2093,0.3892,0.1232,1.0327,0.3821,0.0000,2.1402,1.9415,49,18,16,13,0
casual_2397,81.1626,83.5669,40.5810,24.5184,20.3588,3,0.0075,575.7361,543.7769,0.6337,0.0097,2.2552,0.5992,0.0400,0.6659,0.3583,0.5015,0.2561,0.0000,1.4910,0.9278,165,42,8,14,0
skilled_0517,69.0998,86.1307,36.2331,12.8950,10.5541,31,0.0068,386.3935,616.3894,0.4379,0.0064,2.2656,0.2266,0.1481,0.3696,0.1248,0.7974,0.3939,0.0000,3.8199,3.4315,111,43,14,7,0
skilled_0421,127.1714,95.9083,44.6777,9.1817,7.0661,11,0.0480,439.3505,610.7925,0.4467,0.0196,2.3637,0.3282,0.0823,0.5848,0.0985,1.0304,0.2096,0.0000,2.0615,0.8386,53,11,7,0,0
casual_2563,169.4751,48.9756,149.2321,17.4320,9.4307,37,0.0210,393.0060,526.6377,0.0690,0.0166,2.9322,0.5467,0.1423,0.9643,0.2595,0.5437,0.1278,0.0000,1.7254,0.0500,179,22,7,5,0
casual_1605,104.5760,31.2696,34.8839,14.3727,9.4534,7,0.0000,100.7515,616.7359,0.1156,0.0026,3.4449,0.6374,0.2484,0.6450,0.2826,0.9210,0.2323,0.0000,1.4935,1.2082,41,9,3,3,0
aimbot_0078,181.9120,88.8642,24.4030,1.7684,1.1553,57,0.1235,211.1335,587.0001,0.4543,0.0108,2.1597,0.0713,0.0143,0.3408,0.0750,1.8463,0.6955,0.0000,5.3409,7.6491,99,68,23,3,1
casual_2324,100.9370,26.5509,62.9617,15.1423,9.1893,12,0.0127,559.5293,552.1451,0.5458,0.0160,3.0295,0.4544,0.1408,0.9590,0.3146,0.7996,0.1153,0.0000,0.6153,0.7013,136,15,6,6,0
casual_2709,203.5570,94.2152,70.8098,10.5767,4.6347,36,0.0000,395.8198,575.6582,0.4289,0.0250,2.3899,0.2738,0.0931,0.3960,0.1300,1.2205,0.1756,0.0000,0.7834,1.1419,174,30,10,13,0
esport_0148,164.0194,168.1225,33.9961,3.2066,3.7438,70,0.0070,454.6571,623.4222,0.7288,0.0021,2.9757,0.1312,0.0203,0.4429,0.0773,1.7683,0.4706,0.0000,3.1122,2.1360,191,89,11,1,0
casual_1312,186.3239,69.0565,123.3338,2.0000,18.8655,6,0.0088,422.8162,536.2505,0.1644,0.0006,2.5671,0.6153,0.1895,1.1071,0.1255,0.7031,0.0200,0.0000,0.4773,1.3008,27,0,0,11,0
skilled_0448,270.0868,113.4936,59.0857,13.6692,2.4444,21,0.0144,474.3093,584.3507,0.4673,0.0148,2.6151,0.5471,0.1360,0.4001,0.2083,1.4012,0.2573,0.0000,1.6115,1.9673,123,31,12,13,0
skilled_0812,99.8787,79.5143,77.9360,12.3855,6.1920,47,0.0114,560.5903,578.0091,0.4859,0.0026,2.5643,0.1200,0.1168,0.1748,0.1430,0.7233,0.6006,0.0000,0.4430,3.0149,162,97,7,2,0
esport_0405,102.2537,121.1820,54.6360,8.4100,4.0165,33,0.0317,408.0743,590.0686,0.7140,0.0188,2.3486,0.2382,0.0879,0.6669,0.1298,1.5246,0.5032,0.0000,3.2666,3.6217,120,60,15,9,0
casual_2362,158.9652,121.1644,56.3021,20.0302,7.2176,28,0.0035,428.0761,514.4038,0.2370,0.0030,2.1987,0.5939,0.1677,0.6375,0.2569,0.2181,0.1095,0.0000,0.5860,1.7284,122,13,3,13,0
casual_1975,89.2865,52.0452,43.5782,16.5139,23.4319,6,0.0122,600.0000,529.8867,0.2142,0.0120,2.3867,0.5248,0.2114,0.8913,0.4424,1.3527,0.0200,0.0000,0.5529,0.0955,29,0,7,9,0
skilled_0514,143.0809,136.2143,97.3410,19.7914,9.0721,35,0.0130,419.1146,578.1032,0.4012,0.0190,1.7895,0.4481,0.1220,0.7040,0.2573,1.2176,0.3733,0.0000,1.7886,1.4426,148,55,7,0,0
casual_1761,75.6664,65.7640,140.9014,17.7518,23.0685,42,0.0000,418.7050,469.5242,0.5964,0.0047,2.2951,0.2863,0.1811,0.8327,0.3481,1.0277,0.3012,0.0000,1.6335,0.2721,160,48,6,5,0
casual_2739,185.3296,70.9889,175.3960,34.2964,6.4961,58,0.0000,287.8838,497.8613,0.4643,0.0029,2.6369,0.9005,0.0868,0.4283,0.1312,0.2126,0.2099,0.0000,1.0171,0.6146,167,35,0,12,0
aimbot_0094,136.7777,161.6419,12.2772,3.5444,0.6985,59,0.1089,365.2460,592.5346,0.5818,0.0193,1.9713,0.0775,0.0143,0.5873,0.0881,1.8389,0.8828,0.0000,5.6358,6.5786,98,86,15,1,1
casual_2472,225.2965,110.4513,137.1951,17.3127,11.0991,11,0.0222,302.8221,498.3935,0.5281,0.0028,1.8992,0.4956,0.0907,0.5707,0.0300,1.5338,0.1875,0.0000,0.3190,0.2044,44,8,9,9,0
skilled_1007,110.1030,76.0070,76.8201,11.7266,3.0655,44,0.0294,493.2136,544.9029,0.4075,0.0036,2.7609,0.3508,0.1438,0.4861,0.1471,0.9919,0.3873,0.0000,2.2923,1.3179,176,68,17,11,0
casual_1493,241.0744,75.9728,124.6296,11.1065,9.4360,26,0.0163,273.2407,528.3111,0.4811,0.0003,1.7702,0.3354,0.0870,0.5785,0.3093,0.9388,0.1844,0.0000,1.7353,1.6482,147,27,10,11,0
skilled_1206,221.8422,122.8216,60.6948,10.3680,10.8464,74,0.0338,353.9990,592.0326,0.2152,0.0122,3.0860,0.3487,0.0475,0.6651,0.1293,1.7665,0.3650,0.0000,2.8636,1.9035,191,69,10,1,0
casual_2158,141.8279,86.7931,301.2912,14.6417,1.0000,12,0.0073,525.5523,476.6313,0.3849,0.0122,3.0216,0.4644,0.2239,0.6207,0.3207,0.7751,0.0831,0.0000,0.8320,1.3689,72,5,8,8,0
casual_1169,55.0441,42.7657,128.4899,16.1015,10.6826,21,0.0173,334.4169,552.0578,0.2701,0.0077,2.2979,0.7612,0.1221,0.4692,0.1138,1.1836,0.0766,0.0000,0.6575,0.4555,101,7,0,12,0
esport_0266,173.6258,122.3879,41.6156,7.2364,1.7913,24,0.0622,442.7596,597.5329,0.5028,0.0112,2.4970,0.0986,0.0499,0.5895,0.1525,1.9472,0.4514,0.0000,5.1502,3.2694,60,27,27,6,0
casual_0232,290.8826,81.9154,127.3480,22.2213,8.2781,19,0.0086,451.5983,501.2683,0.1209,0.0217,2.2889,0.6431,0.0781,0.8911,0.1125,1.0870,0.1487,0.0000,0.9955,1.1450,101,15,0,13,0
casual_0066,180.9859,58.3058,30.8619,18.9109,3.6157,3,0.0072,391.8064,564.5594,0.4830,0.0058,3.3486,0.9103,0.2622,0.5781,0.1511,0.4302,0.2868,0.0000,1.2531,1.3522,15,4,3,1,0
casual_1603,249.9079,37.9906,255.8352,9.9873,16.5716,22,0.0000,374.0288,501.2705,0.3774,0.0033,3.0761,0.4460,0.1503,0.7531,0.0668,0.9323,0.2524,0.0000,1.2600,1.1330,81,20,0,7,0
skilled_0283,268.9301,48.0353,43.2197,11.0489,5.0556,28,0.0059,481.4982,542.6664,0.4005,0.0112,2.7427,0.2973,0.0961,0.5743,0.1575,1.6798,0.1878,0.0000,1.2876,1.0322,100,18,7,0,0
skilled_0596,172.8087,148.6532,29.4828,14.7381,6.4455,22,0.0230,446.4292,564.7370,0.4648,0.0081,2.6411,0.3389,0.1388,0.6394,0.1648,1.9972,0.3719,0.0000,2.9068,1.0259,111,41,10,6,0
casual_0125,163.3775,46.4853,88.3060,16.9251,9.2395,10,0.0025,231.5984,580.2590,0.3590,0.0300,2.0538,0.8133,0.1569,0.4269,0.3544,0.4746,0.1357,0.0000,0.6966,1.5616,81,10,6,7,0
casual_1296,55.5527,101.6721,145.9116,20.3662,10.8253,32,0.0067,243.3259,532.0380,0.2450,0.0012,2.4685,0.5691,0.1252,0.5084,0.0811,0.6065,0.2197,0.0000,0.9105,0.4418,165,36,10,12,0
casual_1976,155.2590,66.6804,20.0000,2.0000,12.6352,9,0.0232,476.3740,531.7517,0.0200,0.0048,1.8025,0.2461,0.0744,0.7732,0.2098,0.5885,0.1385,0.0000,0.7329,0.6468,45,6,0,3,0
esport_0267,213.9947,162.4784,64.1904,3.5836,5.1420,33,0.0680,478.2843,614.9418,0.6874,0.0168,2.8703,0.1491,0.0660,0.5867,0.1483,0.6876,0.5521,0.0000,4.4296,3.9360,94,51,5,7,0
esport_0231,164.6421,110.8372,35.2943,3.0233,4.9491,58,0.0223,444.9201,593.8402,0.2933,0.0169,2.9494,0.2163,0.0260,0.5984,0.0935,1.3774,0.6135,0.0000,3.6797,2.4823,187,114,30,2,0
casual_2075,173.2953,41.4650,90.6809,10.4180,14.6471,41,0.0344,277.4803,570.5580,0.6878,0.0069,2.6055,0.5432,0.1915,0.8084,0.0300,1.6316,0.0293,0.0000,1.2490,1.4973,179,5,5,3,0
skilled_0086,170.6631,62.5901,47.8854,1.0000,11.1202,7,0.0070,476.7448,561.3405,0.4314,0.0113,2.0711,0.2482,0.1786,0.7674,0.1687,0.2951,0.2625,0.0000,3.6739,0.9484,33,8,19,3,0
esport_0095,84.5635,110.0280,71.1366,5.1379,4.3709,21,0.0117,435.3993,625.0000,0.3545,0.0042,2.1346,0.1221,0.0645,0.3186,0.1313,2.0106,0.6062,0.0000,3.7799,4.6620,99,60,12,1,0
skilled_0345,100.6386,123.8192,41.9343,7.2253,8.7827,36,0.0348,413.4531,620.0000,0.4257,0.0001,2.5606,0.1591,0.1641,0.4362,0.0707,1.7101,0.4895,0.0000,3.3062,0.4497,162,79,10,13,0
esport_0214,209.3107,158.0824,75.7139,8.5988,0.5000,19,0.0219,389.1917,625.0000,0.3208,0.0186,2.5780,0.1539,0.0650,0.5792,0.0933,2.7559,0.7103,0.0000,2.3510,4.7928,69,49,9,0,0
casual_2797,125.3882,10.0000,133.3167,12.6499,14.2389,8,0.0000,396.9458,620.0000,0.3121,0.0073,2.8700,0.5717,0.0627,0.8588,0.2057,1.0238,0.2497,0.0000,0.6074,1.1156,69,17,7,3,0
casual_0918,112.2060,44.0295,194.3670,15.1603,18.2066,27,0.0003,373.0271,492.6202,0.3273,0.0031,2.3220,0.4715,0.0442,0.7636,0.1374,0.1423,0.2046,0.0000,1.4603,0.4101,171,34,1,14,0
casual_1646,108.1460,96.6331,99.0170,19.0177,6.5131,5,0.0352,354.3564,620.0000,0.2215,0.0036,2.2351,0.6572,0.1170,0.4822,0.2534,0.3755,0.0937,0.0000,0.6316,0.4628,52,4,1,11,0
casual_0364,207.6231,67.8677,105.5980,27.4408,17.4420,27,0.0114,234.6829,564.6502,0.2629,0.0239,2.2975,0.4968,0.1670,0.8688,0.1566,1.4657,0.0200,0.0000,0.3008,0.7288,160,3,4,8,0
skilled_0287,131.6973,68.6050,72.3362,14.2079,6.8395,48,0.0188,431.3326,571.1512,0.1494,0.0084,2.8961,0.4668,0.1532,0.2541,0.1718,1.1222,0.2750,0.0000,2.0923,1.3836,185,50,3,9,0
casual_2125,133.9953,72.5504,176.0780,4.9098,11.3563,3,0.0055,236.6479,620.0000,0.3931,0.0007,1.3916,0.7505,0.1103,0.6011,0.0642,0.4585,0.1643,0.0000,0.8518,0.2659,48,7,5,8,0
skilled_1123,172.6088,102.7100,75.8003,15.6133,5.6455,24,0.0174,392.6269,546.5734,0.4111,0.0061,2.5044,0.4689,0.1244,0.8484,0.1385,2.1159,0.4495,0.0000,0.7360,1.3770,136,61,11,5,0
casual_0525,128.5282,62.0282,81.2302,14.8605,11.7520,33,0.0205,471.4454,524.6428,0.2509,0.0098,2.3495,0.5143,0.2138,0.8033,0.3025,0.9195,0.2024,0.0000,2.0629,1.6792,120,24,4,14,0
casual_0055,240.7968,77.7694,109.0480,9.0291,5.3567,28,0.0067,312.3604,579.5217,0.4123,0.0003,2.7144,0.5593,0.1548,0.6581,0.2076,1.0260,0.3986,0.0000,0.6373,0.8655,145,57,10,17,0
casual_0638,238.9046,97.4734,162.6053,2.0000,14.5014,37,0.0130,373.1945,570.9436,0.1895,0.0233,2.1917,0.6367,0.1252,0.4675,0.3525,1.2025,0.1036,0.0000,1.9424,1.2477,161,16,6,15,0
casual_0302,174.7384,89.1028,88.1158,18.0578,9.0445,5,0.0187,335.3383,556.9569,0.7590,0.0084,1.9490,0.6966,0.1455,0.8532,0.0300,0.5067,0.0589,0.0000,1.7403,0.5988,35,2,1,6,0
casual_2766,150.2217,10.0000,31.8001,15.7620,16.7297,16,0.0075,342.9328,494.9581,0.4892,0.0039,2.3345,0.6529,0.0890,0.6521,0.1666,0.4910,0.2358,0.0000,1.8890,1.1216,120,28,8,14,0
casual_1276,82.1662,57.9762,101.9916,16.5300,6.8647,32,0.0097,388.8780,572.6286,0.2411,0.0040,2.1858,0.5297,0.1314,0.9541,0.1260,0.5508,0.0802,0.0000,2.0444,0.0500,135,10,5,9,0
casual_2055,159.5456,52.6898,95.4995,20.5337,5.7840,37,0.0000,453.2013,620.0000,0.1040,0.0072,3.4584,0.3944,0.1322,0.6631,0.0786,1.6076,0.1515,0.0000,0.9452,0.8993,135,20,7,12,0
skilled_0644,202.3227,105.6627,73.6089,15.9971,6.1339,41,0.0156,423.7867,615.9142,0.1287,0.0175,2.3101,0.1356,0.0882,0.6364,0.1529,1.6724,0.3558,0.0000,2.9782,0.8204,112,39,6,11,0
skilled_1143,230.8980,105.2195,165.8575,12.5084,3.1373,22,0.0220,391.3185,620.0000,0.5636,0.0309,2.1116,0.2274,0.1112,1.1475,0.2006,1.6078,0.3647,0.0000,3.1363,1.4181,88,32,15,8,0
casual_2878,172.8406,86.3272,194.1760,14.5113,8.1455,28,0.0213,428.9456,558.2796,0.3119,0.0078,1.8116,0.5312,0.1972,1.0219,0.2731,1.0011,0.3298,0.0000,0.0000,0.8159,140,46,9,7,0
skilled_1202,119.1096,124.2504,37.5520,18.1121,2.1854,31,0.0386,439.5922,603.5648,0.5004,0.0063,2.2666,0.2188,0.1245,0.5104,0.1076,1.2809,0.1152,0.0000,2.3725,1.6820,168,19,16,13,0
casual_2286,269.7678,91.0543,126.2532,11.4541,21.5914,4,0.0112,360.4724,555.1919,0.4434,0.0124,2.5226,0.5839,0.1285,0.7412,0.0689,0.1000,0.2119,0.0000,0.7627,0.5099,29,6,6,10,0
casual_2261,296.4122,119.4413,155.2996,14.0316,16.0674,16,0.0211,371.1679,490.8409,0.2310,0.0086,2.9382,0.3930,0.0429,0.1500,0.3041,0.6516,0.3687,0.0000,0.2508,0.1080,72,26,3,10,0
casual_2296,226.6901,59.0888,105.2432,4.3721,9.3811,15,0.0270,350.3092,542.7932,0.4194,0.0028,2.2686,0.4540,0.1100,0.9123,0.3461,0.9111,0.2793,0.0000,1.6842,0.2923,78,21,9,1,0
casual_1753,249.1731,25.0898,112.2030,4.8993,13.4937,27,0.0000,480.6754,574.7734,0.0367,0.0018,1.7786,1.0315,0.2459,0.7734,0.2097,0.7088,0.1536,0.0000,1.8838,1.0676,106,16,2,10,0
casual_1968,157.5665,72.4706,142.2992,25.9925,19.4865,2,0.0142,459.3107,478.1815,0.4724,0.0053,2.2227,0.6048,0.1919,0.4538,0.1170,0.8343,0.1590,0.0000,1.7204,0.0500,17,2,11,16,0
esport_0101,223.8732,148.1700,26.7566,8.8642,2.1320,35,0.0387,420.0366,625.0000,0.4912,0.0021,3.0442,0.1333,0.0466,0.5362,0.1512,1.6112,0.7425,0.0000,5.5392,5.5501,82,60,13,5,0
skilled_0117,247.3044,86.9577,78.5341,6.9626,1.0000,37,0.0195,531.3008,584.7969,0.4156,0.0123,2.0884,0.3368,0.0623,0.4801,0.2372,0.9291,0.4995,0.0000,3.9392,2.3320,126,62,9,8,0
casual_2393,32.9524,140.7906,89.0599,14.9616,7.7211,6,0.0207,481.1572,608.2312,0.2164,0.0115,1.2468,0.4278,0.1881,0.6197,0.0601,0.7728,0.2394,0.0000,0.8110,0.3208,44,10,8,7,0
casual_0523,192.2269,78.2713,106.4521,14.1961,5.2012,16,0.0201,357.5440,539.3071,0.8749,0.0025,2.8856,0.5188,0.2008,0.1500,0.1472,1.4300,0.1851,0.0000,0.7107,0.4605,149,27,3,15,0
skilled_0900,242.6702,65.1552,127.2774,9.4342,5.0753,45,0.0248,400.4409,552.6276,0.1661,0.0016,3.0226,0.3163,0.1041,0.3746,0.2624,1.4752,0.2027,0.0000,1.5394,1.4873,107,21,12,2,0
skilled_0122,111.3946,106.0815,49.2486,8.2272,8.3310,6,0.0076,392.2235,575.6907,0.1979,0.0010,2.2367,0.3526,0.0344,0.3485,0.0804,1.9395,0.3614,0.0000,2.0889,1.0902,31,11,4,13,0
skilled_1156,50.5336,90.6079,142.6185,14.1540,6.1855,22,0.0289,584.2566,579.9734,0.4396,0.0006,2.6242,0.2842,0.1103,0.5171,0.1500,0.5919,0.3838,0.0000,2.1009,1.8958,87,33,16,11,0
casual_1969,167.6542,70.9020,154.1099,10.7967,16.3420,20,0.0399,409.9506,541.9884,0.0339,0.0284,2.7658,0.5539,0.0833,0.6654,0.0303,0.1000,0.1081,0.0000,0.8173,0.5059,158,17,8,9,0
casual_0671,185.2154,72.4547,135.9914,26.6025,9.9726,2,0.0049,447.0849,493.9515,0.4340,0.0015,2.7654,0.9257,0.1658,0.3233,0.1695,0.2443,0.2315,0.0000,1.3029,0.6109,10,2,8,7,0
skilled_1188,30.7849,103.6474,50.6514,14.7124,9.2635,3,0.0097,371.8242,620.0000,0.5618,0.0055,2.9629,0.3731,0.0495,0.4805,0.1410,1.1276,0.3381,0.0000,1.2532,1.2762,50,16,19,8,0
casual_0666,248.0065,118.8632,163.2967,2.6330,29.5419,32,0.0110,448.4712,479.1615,0.6145,0.0089,2.1007,0.4743,0.2151,0.7352,0.3319,0.8564,0.2061,0.0000,0.3201,1.9579,124,25,9,10,0
esport_0088,100.5703,81.1354,20.0344,1.9009,6.4700,63,0.0494,535.7633,624.5245,0.4500,0.0025,2.5957,0.1810,0.0588,0.4362,0.1060,1.1846,0.7384,0.0000,3.2185,2.6611,196,144,16,6,0
casual_1887,80.9523,53.5150,100.8381,20.1571,20.0616,28,0.0299,424.5601,585.9646,0.0200,0.0007,2.5104,0.4985,0.1778,0.5275,0.4042,0.5678,0.1276,0.0000,0.5398,0.7976,147,18,4,15,0
skilled_0266,241.9032,85.3346,68.4415,14.1889,13.8887,31,0.0238,435.3509,580.9970,0.5783,0.0037,2.9174,0.5589,0.0982,0.6603,0.1513,1.3033,0.5721,0.0000,0.9721,2.1495,123,70,3,7,0
casual_0280,41.7383,34.1187,110.4333,28.8182,12.7082,12,0.0146,468.9851,523.5366,0.1623,0.0094,1.7095,0.6245,0.1638,0.5598,0.3467,0.8573,0.2987,0.0000,1.3535,0.3155,77,23,10,5,0
casual_1719,253.9908,84.9394,99.0148,14.6273,8.8267,19,0.0358,370.1578,489.7700,0.2771,0.0089,2.6251,0.3529,0.0988,0.6240,0.0975,0.9533,0.1577,0.0000,2.2745,0.1915,99,15,11,5,0
casual_2947,245.5547,109.6218,75.0104,16.2161,11.6751,4,0.0329,415.1707,620.0000,0.7606,0.0129,2.3579,0.3897,0.1526,0.6760,0.2535,0.9135,0.2308,0.0000,0.3844,0.1342,38,8,8,17,0
casual_0899,170.9433,63.7761,146.0207,13.9530,7.5136,21,0.0000,356.0371,563.9850,0.4968,0.0034,2.4076,0.6247,0.0963,0.9932,0.3340,0.1570,0.1473,0.0000,0.0000,1.3065,112,16,10,14,0
speed_0000,153.5530,131.4997,112.2256,9.0038,5.5123,6,0.0187,803.9714,1385.5387,0.8231,0.2791,3.1354,0.2214,0.1770,0.7395,0.2316,1.2020,0.2195,0.0000,4.7556,4.5313,28,6,6,8,1
casual_0760,222.1207,23.7200,131.1838,39.6930,4.3175,1,0.0389,353.8488,577.6598,0.6167,0.0161,1.7117,0.6341,0.1622,0.1500,0.1593,0.3832,0.2734,0.0000,0.9229,0.6475,14,3,8,14,0
casual_1906,149.5699,84.1256,88.6747,11.6313,8.7833,27,0.0000,434.1791,488.8533,0.1500,0.0009,3.0750,0.4267,0.2307,0.6737,0.1454,1.0733,0.1129,0.0000,1.1892,0.4039,120,13,1,2,0
skilled_1042,100.3430,45.3129,55.7590,1.7084,8.1695,47,0.0139,400.0261,570.3576,0.6498,0.0031,2.0993,0.2428,0.0705,0.3915,0.0855,0.8230,0.4225,0.0000,1.9382,1.4358,129,54,16,8,0
skilled_0823,273.2287,64.8771,131.9014,5.0313,9.3843,29,0.0213,471.4507,587.5770,0.6941,0.0140,2.5310,0.5213,0.1456,0.1000,0.2671,1.5492,0.3910,0.0000,2.0930,1.4073,106,41,12,3,0
skilled_1138,146.5798,94.8721,92.3069,4.2634,6.7958,24,0.0238,351.3226,590.2400,0.4996,0.0148,2.6342,0.3928,0.1305,0.6199,0.1871,0.4801,0.4451,0.0000,3.1848,0.2982,85,37,5,3,0
skilled_0818,221.4167,135.7554,67.9918,16.7109,8.8813,23,0.0114,252.2070,552.2244,0.3615,0.0096,2.4503,0.3765,0.1208,0.1788,0.0808,1.5875,0.3573,0.0000,2.3888,2.6829,88,31,16,8,0
esport_0050,128.2629,133.2067,31.4062,6.4805,3.4489,81,0.0000,494.7899,582.1056,0.5613,0.0051,2.9873,0.2130,0.0799,0.5875,0.1412,1.5011,0.5755,0.0000,2.5478,3.4807,181,104,28,9,0
casual_2593,63.5908,85.9321,97.3407,29.3155,18.9305,11,0.0048,291.3351,569.2829,0.6779,0.0038,2.3032,0.9458,0.1811,0.5994,0.4171,1.0333,0.4223,0.0000,0.3063,0.5604,66,27,4,5,0
skilled_1164,65.6313,76.7784,99.2716,7.5607,10.5391,20,0.0039,408.8333,588.8788,0.2656,0.0005,2.6186,0.2712,0.0493,0.4828,0.2054,1.1072,0.4235,0.0000,3.9110,0.8361,91,38,9,12,0
skilled_0031,267.4746,110.6778,136.7322,15.6834,9.8287,21,0.0207,437.8947,531.8108,0.5922,0.0078,2.5205,0.2910,0.0607,0.7615,0.2821,1.0895,0.2222,0.0000,3.8855,2.3590,66,14,8,9,0
skilled_0579,81.6409,91.8130,51.8317,10.8348,1.1726,9,0.0259,329.4830,584.7107,0.5811,0.0062,2.9421,0.3122,0.1512,0.1517,0.1597,0.9930,0.3436,0.0000,1.0088,1.3871,40,13,9,10,0
casual_2832,154.9557,74.6382,113.6814,5.4084,6.8329,17,0.0111,371.4617,620.0000,0.5663,0.0002,2.3310,0.8683,0.1467,1.1900,0.0590,1.0302,0.3488,0.0000,0.1820,0.8216,130,45,11,8,0
skilled_0472,150.8689,112.8464,74.2087,9.2809,6.6873,23,0.0379,254.4213,571.6337,0.3481,0.0500,2.2765,0.2993,0.0964,0.4727,0.1560,1.3294,0.3879,0.0000,2.1664,1.9902,109,42,13,11,0
casual_0137,160.2219,100.0666,45.8052,25.4083,7.8899,18,0.0130,361.8773,620.0000,0.4981,0.0014,2.0556,0.8524,0.2373,1.1910,0.1815,0.6727,0.0558,0.0000,0.2336,0.8963,161,8,3,5,0
casual_2180,241.8749,97.8374,58.3929,10.2819,8.4978,22,0.0112,278.4826,543.3887,0.4784,0.0011,2.4460,0.5311,0.1575,0.4312,0.1779,1.3345,0.1343,0.0000,0.9389,0.9994,176,23,0,6,0
casual_2128,54.2274,98.0629,52.3113,17.4371,12.2712,28,0.0347,284.6043,613.2057,0.5478,0.0223,2.2843,0.4476,0.1639,0.8561,0.2335,1.2063,0.2281,0.0000,0.9789,0.5871,125,28,0,7,0
skilled_0177,42.4085,94.5079,78.7174,8.4295,9.4917,9,0.0021,463.2883,527.0259,0.4970,0.0124,3.3118,0.4818,0.0626,0.7449,0.1238,0.9386,0.3865,0.0000,2.7079,1.7249,36,13,6,7,0
esport_0117,166.3973,136.4002,59.8411,5.8914,6.3569,34,0.0174,456.7675,586.9687,0.8305,0.0176,2.7934,0.2227,0.0496,0.4657,0.0809,1.9866,0.3504,0.0000,5.8156,4.9669,81,28,7,8,0
esport_0011,198.8847,127.9909,87.4832,6.2435,4.1700,10,0.0519,481.2700,604.8860,0.2564,0.0037,2.0196,0.1505,0.0541,0.4676,0.1597,2.3155,0.5612,0.0000,3.0799,3.3680,45,25,13,4,0
esport_0094,79.5651,129.7618,81.2663,4.3788,4.1465,51,0.0464,437.6353,600.7426,0.5552,0.0033,3.3808,0.1932,0.0778,0.4288,0.1820,1.8859,0.6607,0.0000,5.3278,5.2082,132,87,21,0,0
casual_1331,164.0794,46.5098,127.7535,21.8573,10.7761,20,0.0300,452.8260,620.0000,0.1515,0.0018,2.6200,0.7212,0.1584,0.4137,0.1421,0.9656,0.1394,0.0000,0.0479,0.8075,116,16,9,7,0
casual_2017,38.6518,109.5490,28.6083,25.6125,19.0934,14,0.0117,373.0234,515.8079,0.5636,0.0107,2.1334,0.7145,0.1045,0.5731,0.2263,1.4908,0.2574,0.0000,0.0000,1.2749,93,23,6,14,0
casual_2482,58.5525,12.4864,84.8375,26.9994,18.7643,8,0.0316,293.2364,492.2630,0.7407,0.0019,2.0963,0.5487,0.0853,0.7926,0.2795,0.9960,0.3127,0.0000,0.9532,1.7578,52,16,9,5,0
casual_1358,216.3342,14.9149,57.4528,25.3838,4.5939,25,0.0238,351.5500,581.1694,0.2316,0.0033,3.0103,0.6543,0.2284,1.0414,0.3201,0.7822,0.2471,0.0000,1.7654,1.0690,105,25,7,3,0
casual_1329,73.3588,53.6624,156.5679,17.4972,8.7212,28,0.0054,366.5331,487.6003,0.2286,0.0005,2.3083,0.6579,0.1770,0.7140,0.1976,1.0662,0.0708,0.0000,1.6494,0.1959,129,9,7,2,0
casual_2150,207.1820,62.2713,40.2061,6.9318,17.7399,13,0.0166,433.3298,578.0327,0.2329,0.0138,2.0839,0.4671,0.1553,0.4485,0.1997,1.5454,0.1737,0.0000,1.3292,1.1053,102,17,3,5,0
casual_2122,105.4258,69.3753,105.7906,33.9722,12.5866,16,0.0193,289.5470,514.5144,0.2821,0.0004,1.5409,0.4777,0.1023,0.5488,0.4104,1.4780,0.2451,0.0000,1.5448,0.6272,103,25,0,8,0
skilled_0981,267.8860,109.3020,39.6108,6.5623,2.9471,43,0.0184,360.1779,554.7033,0.3480,0.0087,1.9577,0.3647,0.0365,0.9114,0.1989,1.0763,0.2839,0.0000,0.9729,0.1000,132,37,17,11,0
casual_1252,61.1381,83.4517,130.1468,13.6127,8.8572,53,0.0223,360.8327,484.0805,0.5023,0.0008,2.3954,0.4107,0.1500,0.9416,0.3344,0.6676,0.0724,0.0000,0.9934,0.8891,169,12,2,14,0
skilled_0278,186.5170,109.3262,59.2465,11.9042,2.1131,28,0.0039,381.1536,604.3153,0.2841,0.0208,2.9041,0.4344,0.0588,0.5743,0.2179,1.1011,0.3213,0.0000,2.0189,1.5495,117,37,4,8,0
skilled_0374,276.4003,115.9250,84.6948,10.4840,3.3410,9,0.0318,450.4478,617.8825,0.2637,0.0218,2.2338,0.4817,0.1054,0.8506,0.1502,1.7292,0.3787,0.0000,3.2004,1.5521,74,28,4,9,0
casual_2814,37.6389,17.4629,118.3852,3.3726,5.8619,12,0.0116,495.9905,518.6564,0.4083,0.0014,1.6392,0.6097,0.1571,0.5109,0.3538,0.5039,0.2691,0.0000,0.4020,0.6093,44,11,10,9,0
casual_1848,141.3098,112.9552,90.5128,22.5049,7.2372,9,0.0182,420.0307,560.4262,0.5829,0.0076,2.9401,0.5813,0.1711,0.2260,0.1432,0.7249,0.2153,0.0000,1.7574,0.5878,69,14,8,8,0
skilled_0037,142.9684,98.3768,64.7107,7.6087,4.7245,32,0.0270,459.0839,619.1554,0.5132,0.0086,2.7388,0.3490,0.0300,0.3478,0.1532,1.8250,0.3771,0.0000,0.7947,1.4080,109,41,8,3,0
casual_0388,61.9892,59.0396,87.3713,2.0000,20.5565,11,0.0217,362.1544,620.0000,0.4090,0.0119,2.3542,0.4522,0.1529,0.9365,0.2972,1.3808,0.1825,0.0000,0.9170,0.9543,78,14,10,6,0
casual_0235,247.1774,37.8802,96.6606,28.1949,7.2864,21,0.0231,264.9377,513.6739,0.2838,0.0015,2.3702,0.7890,0.1853,0.7807,0.2412,1.1969,0.0200,0.0000,0.4291,1.4853,96,1,4,11,0
casual_1077,162.2525,82.6560,27.2678,25.7923,13.1902,27,0.0000,379.1765,533.6266,0.1515,0.0007,1.7691,0.7547,0.1653,0.8067,0.1734,1.1077,0.2447,0.0000,0.8339,0.5021,123,30,7,17,0
casual_1984,197.0384,68.2030,105.8918,28.9867,21.3759,3,0.0186,456.3356,620.0000,0.2671,0.0026,3.4727,0.4225,0.0440,0.5982,0.2644,0.8003,0.0472,0.0000,1.2497,0.9898,18,0,4,2,0
esport_0113,196.5654,138.6841,105.6818,3.1049,7.1094,25,0.0090,469.6863,624.6126,0.7524,0.0419,2.7735,0.1870,0.0645,0.3974,0.0679,1.4185,0.3554,0.0000,1.5000,3.8943,99,35,15,6,0
skilled_0962,145.4845,79.1970,48.8268,1.0000,10.8783,52,0.0172,413.6376,620.0000,0.3818,0.0167,1.4332,0.1651,0.1465,0.5217,0.0655,1.2069,0.2442,0.0000,2.6011,2.4679,171,41,11,0,0
casual_0770,95.2425,42.6583,180.7715,17.7079,13.4619,12,0.0223,310.2289,532.5120,0.1756,0.0062,2.1213,0.7601,0.0472,1.0512,0.1261,0.7299,0.2222,0.0000,1.5013,0.3393,52,11,2,11,0
casual_2165,102.9921,36.8528,99.1961,34.5545,8.6453,25,0.0256,442.1230,540.6094,0.4862,0.0073,2.2724,0.4971,0.1892,0.1500,0.1769,0.1000,0.0200,0.0000,1.7638,0.0500,129,2,1,14,0
casual_0673,219.2379,12.3278,92.7169,28.0166,13.6559,26,0.0085,397.3136,508.9889,0.3915,0.0103,2.2143,0.5934,0.2638,0.1500,0.3324,0.6439,0.0204,0.0000,1.1150,0.2672,160,3,11,13,0
casual_0249,144.9882,45.0781,20.0000,27.4416,15.5607,3,0.0319,295.6105,595.2755,0.4121,0.0141,2.4362,0.5377,0.1707,0.4975,0.1881,0.8274,0.3341,0.0000,1.0152,0.7839,18,6,4,4,0
casual_1574,59.3374,34.7183,59.9453,27.8347,10.0640,30,0.0374,362.2394,557.9737,0.6580,0.0261,2.1128,0.5895,0.0833,0.5276,0.2722,0.6407,0.1048,0.0000,1.0320,0.9989,139,14,8,12,0
skilled_0419,132.2922,87.0879,118.2799,12.1449,12.4707,32,0.0369,427.5911,568.8848,0.4833,0.0005,2.6660,0.3986,0.1916,0.1343,0.2731,1.1517,0.3211,0.0000,1.9875,2.0589,93,29,17,13,0
casual_2081,84.0495,82.3050,57.5179,31.9911,13.4220,31,0.0236,421.3605,558.9154,0.3060,0.0000,3.2572,0.4694,0.1009,0.4899,0.4283,0.5205,0.2080,0.0000,0.2153,0.6825,126,26,9,6,0
casual_1823,192.5392,75.8872,126.2660,24.1336,14.6411,18,0.0229,419.3511,543.8764,0.2762,0.0055,2.2284,0.6759,0.1273,0.2963,0.0636,0.3096,0.0769,0.0000,0.9214,1.1081,80,6,2,2,0
casual_0716,181.7861,71.8078,20.0000,22.9274,12.7539,17,0.0019,568.5767,620.0000,0.6848,0.0131,2.4615,0.7403,0.1533,0.6869,0.1452,0.3747,0.2106,0.0000,0.4815,0.4154,129,27,7,10,0
esport_0418,140.2917,132.2578,52.2768,3.4725,5.7836,33,0.0000,488.8535,590.2405,0.3320,0.0245,2.8992,0.1761,0.0545,0.1696,0.2024,2.3946,0.5442,0.0000,3.0597,2.0539,90,48,6,1,0
casual_2048,69.6207,76.8536,110.6905,16.7826,19.6756,10,0.0303,260.9430,555.5158,0.0777,0.0376,3.4275,0.5145,0.0804,0.4054,0.2606,0.8719,0.0200,0.0000,0.0855,1.0238,61,1,3,1,0
skilled_1178,108.7079,86.9094,60.2613,7.3182,4.1743,36,0.0223,228.0854,614.9990,0.2967,0.0012,2.5839,0.3622,0.1042,0.4769,0.2287,1.5349,0.2201,0.0000,3.0882,2.4422,145,31,3,7,0
casual_2724,75.3433,58.3708,21.8848,19.8176,10.4437,8,0.0266,454.7433,566.1536,0.3878,0.0184,2.6262,0.3697,0.1314,0.2266,0.1027,0.8602,0.2246,0.0000,1.3212,0.4097,48,10,9,5,0
esport_0271,229.7740,131.9058,48.7491,6.9576,2.7703,35,0.0495,517.0961,596.5841,0.3376,0.0170,2.3399,0.2364,0.0735,0.4357,0.0797,1.4668,0.4259,0.0000,1.5000,5.3787,120,51,5,5,0
casual_1460,238.1088,37.6892,119.0982,11.6943,9.9936,11,0.0111,514.3245,590.0918,0.1389,0.0238,1.5321,0.6763,0.1610,0.7639,0.3697,1.0415,0.1677,0.0000,0.5767,1.0093,66,11,1,8,0
casual_1668,43.6447,71.5449,25.8915,7.8109,18.6048,13,0.0014,387.4037,554.8504,0.0406,0.0201,2.1252,0.7469,0.1535,0.6621,0.2885,0.7212,0.1434,0.0000,1.2525,0.0500,119,17,6,9,0
casual_2756,264.8148,38.6369,129.6064,23.1472,20.4875,4,0.0193,229.3765,620.0000,0.2760,0.0074,3.1011,0.6764,0.1717,0.4963,0.1730,0.8746,0.2458,0.0000,1.3812,0.8241,16,3,9,11,0
casual_2000,257.5376,88.7706,63.5693,4.8006,15.9993,6,0.0189,358.0537,600.2562,0.4259,0.0043,2.5588,0.2234,0.2331,0.8161,0.4069,0.6275,0.1964,0.0000,1.4371,0.4756,33,6,7,9,0
casual_0404,299.1994,87.0797,31.8875,10.0881,10.8955,36,0.0108,390.3823,620.0000,0.5528,0.0012,2.8090,0.5070,0.0669,0.8160,0.3123,0.9588,0.2587,0.0000,1.2414,0.7053,137,35,10,6,0
casual_0384,131.6171,46.5502,73.3811,12.8579,10.8848,25,0.0158,328.2391,503.9420,0.3002,0.0038,3.5000,0.4273,0.1084,0.5913,0.1279,0.1000,0.2601,0.0000,0.6879,1.0360,114,29,9,2,0
esport_0285,211.8771,142.1840,96.0979,5.9883,5.8437,29,0.0647,432.3599,602.2928,0.6419,0.0025,2.3565,0.2154,0.0852,0.3583,0.1602,1.2602,0.5458,0.0000,4.0066,3.7844,98,53,32,0,0
casual_2152,237.9505,115.6656,96.7177,30.8845,10.2086,5,0.0000,470.5356,604.7775,0.3399,0.0032,2.8745,0.8819,0.0874,0.7533,0.3323,0.7498,0.1956,0.0000,1.2818,1.2797,32,6,8,2,0
casual_1633,216.4085,10.0000,67.4252,16.4578,13.8089,9,0.0161,533.9518,602.4130,0.1481,0.0378,2.5028,0.4267,0.1723,1.2575,0.3271,0.9459,0.2425,0.0000,0.9880,1.2322,58,14,2,9,0
esport_0336,193.2457,50.0000,25.2504,7.4937,3.5388,47,0.0375,447.3919,591.5289,0.6665,0.0207,2.9239,0.2003,0.0462,0.2513,0.1425,1.1818,0.5271,0.0000,3.2354,3.9937,132,69,12,2,0
skilled_0925,141.3174,144.3760,135.9598,4.3934,6.9278,26,0.0256,413.2839,555.4920,0.5266,0.0099,2.4457,0.2741,0.1614,0.4333,0.0471,1.1534,0.4698,0.0000,2.1804,2.1415,131,61,2,5,0
skilled_1158,246.6231,127.6651,79.6977,10.2223,8.3811,5,0.0058,336.3917,557.6331,0.3793,0.0109,2.5510,0.2766,0.0768,0.6895,0.1163,0.9666,0.1085,0.0000,3.6449,2.1834,25,2,4,2,0
casual_0223,288.0183,163.5117,20.0000,18.9989,10.5339,23,0.0181,448.3517,566.4103,0.8711,0.0089,2.2706,0.5054,0.1075,0.4936,0.2668,1.7803,0.3251,0.0000,0.3349,0.5076,76,24,4,1,0
casual_2193,45.8891,86.7944,162.5730,10.3632,7.9792,1,0.0131,381.7681,558.9209,0.3444,0.0005,2.2063,0.5180,0.1002,0.6856,0.2582,0.9347,0.0971,0.0000,0.7313,0.4738,10,0,0,13,0
skilled_0136,45.1113,101.5251,72.3153,18.3382,11.9288,62,0.0236,407.0777,556.5673,0.4988,0.0005,3.2614,0.3414,0.0783,0.6522,0.1586,0.5511,0.4995,0.0000,2.5152,1.7372,190,94,19,13,0
casual_1824,229.1291,99.9035,111.1862,27.8007,13.2727,22,0.0297,496.2026,574.2839,0.2171,0.0357,1.5868,0.5934,0.1973,0.6426,0.2843,1.0724,0.2620,0.0000,0.6062,1.2318,123,32,7,5,0
esport_0350,181.0906,121.8891,42.7122,6.6406,1.1940,47,0.0291,533.7131,583.1878,0.3044,0.0231,2.9016,0.1275,0.0627,0.4260,0.1601,1.9380,0.5284,0.0000,3.0686,3.5424,129,68,14,8,0
casual_0797,74.6817,44.2487,145.9073,10.4591,10.2924,48,0.0217,452.7623,611.0095,0.3784,0.0011,2.3690,0.2257,0.2062,0.3612,0.3436,0.8654,0.2169,0.0000,1.8385,0.6394,170,36,5,6,0
casual_2871,153.5885,59.1183,156.6657,20.2337,9.5988,34,0.0019,352.2450,587.2331,0.4859,0.0050,1.5710,0.6888,0.1395,0.3862,0.1230,1.0874,0.1480,0.0000,0.5413,1.3719,166,24,3,6,0
casual_0009,151.6042,70.8557,133.1608,28.1018,23.2959,4,0.0071,458.1500,474.3440,0.2815,0.0030,2.3158,0.2460,0.2083,0.6386,0.2097,1.3185,0.3565,0.0000,0.8291,1.0389,16,5,2,4,0
casual_1944,252.5922,90.2439,125.9206,32.2294,13.2287,23,0.0140,414.7866,510.0618,0.7996,0.0125,1.3721,0.6229,0.1283,0.6526,0.1002,1.1939,0.1956,0.0000,1.4586,1.0808,138,26,7,1,0
casual_1838,237.6955,10.0000,72.9771,24.1957,13.0443,13,0.0000,371.8462,533.2501,0.3710,0.0117,1.6981,0.7454,0.0949,0.6768,0.2277,0.9555,0.2583,0.0000,0.9233,0.1210,53,13,6,17,0
casual_0255,231.4239,57.4943,185.7190,15.5828,14.9486,14,0.0314,429.0000,620.0000,0.3358,0.0066,3.2402,0.5741,0.1402,0.6453,0.2280,1.1365,0.2748,0.0000,0.8732,0.6068,149,40,5,11,0
esport_0258,207.8461,155.6342,66.2818,0.5000,3.0172,24,0.0696,565.8603,610.6225,0.6928,0.0002,2.6496,0.0953,0.0342,0.4489,0.1936,3.0313,0.3410,0.0000,4.5274,0.9641,67,22,7,2,0
casual_1581,114.8739,73.1953,148.0228,3.8750,4.4954,19,0.0152,429.5959,594.4793,0.4363,0.0015,1.5578,0.5317,0.2043,0.4434,0.1828,0.6965,0.2590,0.0000,2.2662,0.4290,93,24,5,1,0
casual_2956,72.3969,61.7820,71.0970,36.9503,14.2268,25,0.0232,432.5238,594.0537,0.3054,0.0105,1.9319,0.4829,0.2164,0.3359,0.2623,1.1232,0.1661,0.0000,1.4046,0.2304,172,28,7,1,0
casual_0924,74.6341,70.3617,182.4287,22.1074,9.3423,24,0.0135,295.0804,597.5022,0.1883,0.0032,2.2832,0.4735,0.1765,0.6820,0.2331,0.5691,0.1714,0.0000,1.0273,0.8647,116,19,3,10,0
esport_0179,87.7872,113.9799,49.5846,5.3988,1.0333,19,0.0744,565.2489,614.6687,0.4885,0.0023,2.6828,0.1899,0.0637,0.2701,0.0787,1.3826,0.5263,0.0000,3.9042,2.4477,40,21,11,7,0
casual_2508,173.7521,23.4538,166.8192,2.0000,18.5757,5,0.0070,255.7528,523.7347,0.1338,0.0264,2.8874,0.5857,0.1825,1.0448,0.1141,0.7034,0.1526,0.0000,1.1045,0.7884,49,7,0,6,0
skilled_0775,79.4623,105.4249,90.5824,11.6546,7.4156,42,0.0316,484.0783,596.1764,0.4785,0.0003,2.0072,0.2793,0.1501,0.6020,0.1508,0.9933,0.4674,0.0000,2.5006,2.0734,163,76,17,13,0
skilled_1136,207.2352,148.1120,61.3540,9.0340,9.2299,14,0.0040,432.5264,583.8183,0.5028,0.0165,2.5780,0.2368,0.1323,0.4851,0.2238,1.6126,0.3483,0.0000,2.4276,2.8400,57,19,17,2,0
casual_2779,66.5098,83.3996,158.8731,38.9332,12.0161,25,0.0246,302.2347,564.0467,0.3792,0.0207,2.8799,0.8984,0.1599,0.9091,0.3683,1.7365,0.3330,0.0000,0.8970,0.3628,135,44,5,7,0
casual_0539,255.8022,108.3433,108.1861,19.5180,12.1266,20,0.0176,481.7342,620.0000,0.3150,0.0007,2.6378,0.6347,0.1765,0.5245,0.1663,1.0952,0.1803,0.0000,0.6065,1.0898,104,18,11,3,0
casual_2745,241.3456,78.1041,32.3366,10.3739,9.3066,37,0.0162,389.8676,582.0725,0.4883,0.0057,2.5527,0.2475,0.1516,0.7821,0.1161,1.6090,0.0944,0.0000,1.8088,0.4158,132,12,7,2,0
esport_0248,218.0928,142.6411,59.0728,7.0863,0.9271,11,0.0436,444.6767,625.0000,0.6379,0.0330,3.1186,0.0914,0.0667,0.3661,0.1795,2.2373,0.5442,0.0000,4.9079,3.6917,51,27,16,7,0
esport_0321,219.4514,109.2036,27.1089,5.2494,6.7812,33,0.0056,310.7771,616.3394,0.7501,0.0001,2.2817,0.1180,0.0565,0.3505,0.1526,2.4288,0.4076,0.0000,6.8691,5.2633,109,44,11,5,0
casual_1145,116.8173,56.1525,54.3841,21.5354,20.4000,2,0.0000,379.4229,549.2413,0.3417,0.0154,2.3596,0.7841,0.1702,0.2405,0.2112,0.6753,0.2268,0.0000,1.7126,0.0500,13,2,9,12,0
casual_0667,299.6607,103.8886,144.1676,17.6188,22.3068,24,0.0245,503.9084,597.6890,0.1625,0.0065,1.7514,0.7286,0.0735,0.4240,0.1679,1.4569,0.2253,0.0000,1.7392,0.5954,127,28,5,4,0
skilled_0019,121.6513,95.4540,63.7475,13.6684,11.1109,27,0.0471,408.9773,620.0000,0.2806,0.0136,1.9173,0.1674,0.1268,0.4362,0.1702,1.0882,0.3474,0.0000,2.6785,0.6777,100,34,8,7,0
casual_0357,245.7961,62.4000,72.6776,11.8251,8.0637,5,0.0127,500.5570,620.0000,0.5604,0.0058,1.5762,0.5953,0.2382,0.4445,0.1990,0.9660,0.2702,0.0000,0.8510,0.4956,22,5,6,1,0
casual_2831,151.8281,57.8399,170.3337,12.0923,14.0591,5,0.0127,308.2479,620.0000,0.4021,0.0071,2.4843,0.7644,0.1631,0.5322,0.0776,0.1407,0.1565,0.0000,1.7726,0.4856,29,4,7,13,0
casual_2783,124.8809,69.7231,70.7393,12.1264,5.4039,3,0.0173,445.0718,451.1151,0.0200,0.0045,2.5713,0.7362,0.1491,0.7164,0.2592,0.9118,0.0906,0.0000,0.8556,1.0573,22,1,1,13,0
casual_1353,112.0251,45.0054,80.1767,29.5524,12.5187,8,0.0253,406.8700,612.8511,0.2301,0.0109,2.5643,0.6857,0.1577,0.7082,0.1870,1.1552,0.2596,0.0000,0.5510,0.8449,62,16,2,11,0
casual_0470,139.0893,106.8149,30.9210,23.8861,15.6481,18,0.0000,566.1895,552.8074,0.2074,0.0120,2.4280,0.5791,0.1416,0.8490,0.1867,1.3908,0.2562,0.0000,0.9340,1.1843,72,18,7,17,0
casual_2703,249.3202,85.6148,110.8341,16.8598,6.2046,9,0.0073,427.8094,439.4363,0.5028,0.0009,1.9259,0.5402,0.1973,0.5949,0.1389,0.1774,0.2020,0.0000,2.3839,1.2587,128,25,1,6,0
skilled_0330,216.8679,64.1143,61.1189,10.2817,9.0526,50,0.0160,278.4024,613.2131,0.4039,0.0133,2.3944,0.3117,0.0915,0.6698,0.2377,1.2908,0.3685,0.0000,1.4960,2.0397,150,55,10,1,0
skilled_0637,243.8042,80.8176,85.9871,8.8074,8.4313,44,0.0010,517.3389,607.3693,0.4756,0.0027,2.5858,0.2537,0.0760,0.3146,0.3287,2.0092,0.4894,0.0000,2.7684,1.6794,148,72,17,2,0
casual_1396,174.4225,10.0000,157.3372,16.4761,5.6822,12,0.0264,294.9157,549.1231,0.3859,0.0003,2.3942,0.4127,0.1881,0.9880,0.2663,0.8773,0.2229,0.0000,0.1753,0.2562,68,15,11,10,0
skilled_0584,84.4999,101.8844,110.8349,5.6088,7.9214,33,0.0167,457.1882,605.0867,0.6010,0.0026,2.7468,0.4071,0.1095,0.6840,0.0944,1.5536,0.5776,0.0000,1.3975,1.8000,107,61,7,1,0
esport_0236,255.4132,168.3954,72.4937,3.7517,4.4166,46,0.0698,522.7928,588.2368,0.7841,0.0127,2.8889,0.2118,0.0745,0.5806,0.1968,1.6518,0.3990,0.0000,5.6275,3.8010,103,41,14,3,0
skilled_0376,106.3969,96.3615,128.9224,11.6411,9.3276,22,0.0135,514.6670,586.9575,0.2879,0.0046,2.5639,0.2222,0.1013,0.2372,0.1093,0.9259,0.3601,0.0000,3.3295,1.6660,99,35,9,12,0
casual_1256,233.6533,144.2586,71.3717,17.9179,17.4119,14,0.0447,388.5101,498.3025,0.0479,0.0071,2.7276,0.5261,0.1354,0.8114,0.0937,0.5292,0.2057,0.0000,1.0831,0.3024,71,14,8,7,0
skilled_0512,233.1317,100.0252,52.6698,6.7918,10.1264,12,0.0085,327.4207,575.6498,0.5815,0.0116,2.7282,0.4402,0.0300,0.3591,0.1660,0.9668,0.4088,0.0000,2.2893,2.4689,52,21,7,13,0
casual_1250,56.9544,152.4537,112.6132,20.9897,19.9663,20,0.0324,301.5638,506.5440,0.3045,0.0224,2.3655,0.3685,0.2335,0.8350,0.2166,1.2540,0.1978,0.0000,0.8664,0.8898,169,33,8,1,0
aimbot_0057,63.8397,158.4153,3.0000,2.1029,0.0888,47,0.0746,387.7922,614.5976,0.3364,0.0202,2.7857,0.0743,0.0118,0.6384,0.0822,1.7113,0.6970,0.0000,6.4595,7.9974,50,34,14,1,1
esport_0048,89.5088,92.6776,28.3290,2.4087,3.9641,24,0.0558,372.0777,604.4734,0.6884,0.0077,2.5988,0.1334,0.0426,0.5160,0.1512,2.2565,0.4512,0.0000,2.8494,0.8000,77,34,16,9,0
skilled_0284,177.3336,94.8059,26.9568,9.7265,10.9678,10,0.0177,388.7880,588.3461,0.5274,0.0015,2.7101,0.3855,0.0642,0.6435,0.1130,1.6267,0.4249,0.0000,2.8646,1.9318,75,31,2,1,0
casual_2933,268.1149,59.9385,169.8664,27.2915,16.9685,1,0.0266,461.6371,576.1311,0.3059,0.0033,2.6527,0.6244,0.1973,0.9628,0.2154,0.5927,0.0774,0.0000,0.7028,0.7664,10,0,1,6,0
skilled_1175,248.7505,105.0155,124.5119,4.6665,5.7381,33,0.0027,448.4527,620.0000,0.4361,0.0004,1.7786,0.2960,0.1322,0.4937,0.1296,1.1417,0.2596,0.0000,2.0894,1.5721,87,22,19,11,0
casual_1852,165.0566,15.5149,207.5110,2.0000,10.0281,25,0.0044,277.9992,540.2412,0.3132,0.0218,2.7612,0.8034,0.2036,0.6448,0.2712,0.3040,0.1305,0.0000,2.0975,1.4773,155,20,7,1,0
speed_0019,128.0676,15.0000,88.8076,20.2171,16.8424,12,0.0222,1033.9309,816.8449,0.5768,0.7400,2.8725,0.6591,0.1634,0.6665,0.1636,1.6020,0.5469,0.0000,2.8722,3.8574,74,40,21,8,1
casual_2105,221.7970,12.2009,113.8351,16.9201,10.6647,22,0.0126,269.1054,620.0000,0.3810,0.0097,2.2855,0.5224,0.1048,0.4317,0.2940,1.5809,0.2719,0.0000,1.9670,0.5046,128,34,0,17,0
casual_0133,123.6548,78.9772,132.1996,26.1426,2.7292,12,0.0276,486.7517,620.0000,0.5517,0.0023,1.8081,0.8065,0.1558,0.4881,0.2146,0.6181,0.3244,0.0000,0.6459,0.2337,152,49,10,13,0
casual_0928,187.7415,94.9940,35.2517,2.0000,5.6868,18,0.0317,424.6683,605.6405,0.0200,0.0005,2.5012,0.3367,0.1586,0.4742,0.3474,1.1462,0.1218,0.0000,1.8892,0.4879,118,14,2,7,0
casual_0823,209.1777,63.0409,77.3070,10.7724,20.4537,11,0.0044,435.9542,491.4208,0.4189,0.0207,2.7565,0.6801,0.2130,0.9652,0.0526,0.9074,0.2753,0.0000,1.3610,0.8942,79,21,5,7,0
esport_0293,281.5220,140.1181,48.3721,0.8161,2.3984,56,0.0233,390.0333,603.5291,0.6821,0.0375,2.7771,0.1197,0.0531,0.2396,0.1868,2.0054,0.6556,0.0000,2.9145,4.6600,159,104,10,7,0
casual_1531,64.3646,104.5161,106.0080,41.4303,11.7856,4,0.0060,439.0515,507.1711,0.2142,0.0064,2.3422,0.5002,0.1674,0.4603,0.1385,0.6187,0.0677,0.0000,1.7472,0.7353,18,1,10,13,0
casual_1214,103.0881,139.8050,128.3201,41.5636,25.5682,8,0.0196,375.7665,620.0000,0.2794,0.0041,2.4193,0.4729,0.2743,0.9456,0.1484,1.2636,0.0446,0.0000,0.7300,1.1474,38,1,10,6,0
casual_0504,170.4743,73.5059,154.6436,14.4633,8.6140,16,0.0213,507.5046,586.7220,0.1874,0.0180,2.6198,1.2000,0.1728,0.4074,0.2649,0.8285,0.2669,0.0000,0.3759,1.1807,62,16,7,11,0
esport_0035,254.9643,133.4171,59.7005,5.0567,3.0032,65,0.0022,493.9731,582.3622,0.9509,0.0013,3.0274,0.1523,0.0770,0.4965,0.0744,1.5275,0.3452,0.0000,5.1420,3.2734,194,66,31,0,0
casual_1996,106.9830,106.9813,186.8013,19.4825,4.8942,6,0.0218,448.5350,521.4972,0.0915,0.0024,2.7055,0.9246,0.1431,0.9880,0.4144,0.6115,0.1720,0.0000,0.9915,0.8422,46,7,8,11,0
skilled_0072,158.1233,90.1912,53.3932,1.0000,7.9761,33,0.0194,490.2338,579.9350,0.1629,0.0051,2.0487,0.4223,0.1156,0.3784,0.0200,1.1080,0.4312,0.0000,0.7867,1.7719,130,56,18,4,0
casual_1958,259.4431,18.6465,76.0160,17.0707,17.9302,31,0.0080,369.9106,595.6909,0.1649,0.0034,2.2083,0.8872,0.1680,0.7539,0.1302,0.4300,0.0928,0.0000,0.9811,0.4760,163,15,6,15,0
casual_1384,288.8510,51.0272,91.5091,18.6820,11.4192,25,0.0127,435.5559,539.3886,0.4501,0.0086,2.7993,0.5847,0.0807,0.9745,0.2048,0.6220,0.1877,0.0000,1.1959,0.8674,134,25,11,3,0
casual_0894,233.4462,78.0853,20.0000,16.8741,10.3765,12,0.0158,182.7003,528.6200,0.2754,0.0010,2.5056,0.6530,0.0738,0.8211,0.3638,0.6783,0.0782,0.0000,0.6186,0.6145,74,5,5,10,0
casual_0455,79.5540,15.7760,73.1631,21.4700,22.7659,4,0.0151,439.0080,540.5552,0.3754,0.0136,1.2090,0.2370,0.1615,0.8472,0.3232,1.5007,0.2578,0.0000,1.4984,0.4326,20,5,9,6,0
speed_0029,137.9499,65.5559,18.0000,21.8659,11.1744,3,0.0124,893.6946,1311.2803,0.6342,0.5023,2.5751,0.4085,0.1517,0.3165,0.1302,1.9034,0.1841,0.0000,4.1778,2.5146,21,3,17,3,1
skilled_0709,106.8198,105.5402,15.0000,1.6037,11.5154,45,0.0502,553.9786,601.5966,0.4475,0.0019,2.3827,0.1551,0.0797,0.3407,0.1469,1.1627,0.3195,0.0000,0.2000,2.4324,134,42,4,3,0
esport_0368,219.5412,105.7969,89.4264,6.0397,0.5000,22,0.0207,376.2177,604.6669,0.5948,0.0089,2.2236,0.1578,0.0497,0.5085,0.1407,2.5080,0.5041,0.0000,2.8615,4.4086,54,27,28,7,0
esport_0018,210.8177,152.0377,36.2676,0.5000,3.4092,50,0.0780,457.5384,625.0000,0.7599,0.0128,3.4793,0.1473,0.0475,0.4017,0.0609,2.0278,0.3000,0.0000,5.4224,0.8000,138,41,20,4,0
skilled_0522,102.1009,89.8841,68.9236,10.2256,12.8229,20,0.0291,565.0230,620.0000,0.0500,0.0235,2.3914,0.2600,0.0608,0.2740,0.1886,1.6951,0.5135,0.0000,3.0438,1.3511,66,33,2,6,0
skilled_1134,182.5936,50.0986,103.1680,9.4668,5.1023,22,0.0225,435.9471,588.7070,0.3079,0.0023,3.0296,0.2156,0.1205,0.4082,0.0647,1.1061,0.3646,0.0000,3.6316,1.3583,103,37,3,3,0
skilled_0602,79.6820,57.9174,29.0949,14.9946,1.0000,56,0.0082,437.3023,586.2147,0.8521,0.0064,3.0106,0.2455,0.0746,0.3196,0.1125,1.9019,0.3976,0.0000,2.1787,1.5607,138,54,3,7,0
casual_0713,273.6896,119.8083,60.6857,6.4108,14.1306,12,0.0225,263.6984,526.0056,0.4443,0.0078,2.0003,0.5795,0.1581,0.6490,0.1527,1.1578,0.3301,0.0000,1.0399,0.0923,53,17,10,16,0
skilled_1186,241.0421,114.2011,40.9395,1.6217,6.4450,33,0.0180,277.6400,600.2740,0.5757,0.0036,2.2097,0.2336,0.1417,0.4636,0.1029,1.1904,0.2834,0.0000,1.9407,1.6370,79,22,11,2,0
casual_2214,279.0366,43.3785,87.8125,18.9279,1.1419,12,0.0259,311.7088,620.0000,0.4293,0.0120,1.8395,0.7124,0.1970,0.6118,0.2347,1.8782,0.5000,0.0000,0.1728,0.3225,78,39,5,12,0
casual_2923,212.0190,97.2867,42.6079,26.8739,10.5522,32,0.0102,160.4209,588.5603,0.0200,0.0005,1.8657,0.8567,0.1068,0.8198,0.3433,0.8188,0.1010,0.0000,1.4581,0.8200,179,18,6,17,0
casual_1810,90.0393,67.2569,121.9854,23.9689,11.2768,28,0.0145,355.7256,533.7705,0.1651,0.0117,1.4343,0.4937,0.2919,0.6617,0.2604,1.1741,0.2362,0.0000,0.9210,0.8788,170,40,2,3,0
skilled_0486,66.8103,83.1065,76.4928,6.1237,4.7027,52,0.0412,519.3358,578.1449,0.3276,0.0001,2.0190,0.4239,0.0727,0.3799,0.2190,1.3070,0.2985,0.0000,1.3901,1.5341,198,59,17,9,0
skilled_0141,237.9011,110.0123,77.9852,4.4028,2.5026,58,0.0235,560.5959,577.2075,0.2456,0.0022,2.6530,0.1200,0.0814,0.6767,0.1378,1.4399,0.4225,0.0000,0.6858,1.6749,188,79,5,12,0
casual_1827,160.0297,76.2710,106.6707,22.9812,13.5633,16,0.0095,374.2180,524.6372,0.3955,0.0144,2.2772,0.6969,0.1577,0.8710,0.2023,0.8333,0.0693,0.0000,0.8510,0.1406,102,7,10,4,0
casual_1155,48.2300,54.5540,141.8927,2.1894,2.3409,8,0.0299,279.7030,602.3344,0.4875,0.0087,2.7019,0.6139,0.0589,0.6231,0.2285,0.6709,0.2032,0.0000,1.8170,1.3857,43,8,4,14,0
casual_1324,119.2933,109.1151,64.0298,35.9944,6.6548,22,0.0121,278.8310,549.1433,0.0585,0.0053,3.3294,0.6937,0.0786,0.5034,0.3072,0.8109,0.1566,0.0000,0.6331,0.3630,138,21,6,9,0
esport_0062,204.7578,174.5133,55.9636,2.3979,2.6478,53,0.0083,371.0229,596.5995,0.6485,0.0075,3.1445,0.1941,0.0846,0.6287,0.0772,1.4249,0.4159,0.0000,7.4011,3.7200,193,80,23,2,0
casual_0510,49.4560,56.9295,95.4552,6.4943,16.1131,6,0.0143,347.5445,614.6828,0.4773,0.0250,1.8067,0.6295,0.0767,0.6901,0.3260,0.9478,0.4128,0.0000,1.3314,0.2215,24,9,3,16,0
casual_1680,231.0882,46.6894,73.7561,15.1029,9.6345,19,0.0000,373.4038,534.6996,0.5451,0.0057,2.6049,0.4567,0.1723,0.9260,0.2319,1.0608,0.2397,0.0000,2.3256,1.1949,119,28,10,13,0
casual_0499,168.4396,58.0686,89.8615,14.2717,17.1277,35,0.0341,443.6484,522.3961,0.1662,0.0045,2.4814,0.6063,0.3146,0.6115,0.2632,0.9103,0.1259,0.0000,0.0000,1.0807,167,21,1,7,0
esport_0286,296.7650,178.4481,68.5969,6.7264,2.4585,49,0.0134,444.7719,550.1822,0.3942,0.0543,2.7578,0.1168,0.0603,0.4590,0.1308,2.1358,0.5879,0.0000,4.9807,3.2573,136,79,19,4,0
casual_1856,90.4653,90.2744,82.2618,18.8094,6.0222,13,0.0137,382.0035,591.1501,0.3609,0.0073,2.3367,0.4698,0.1299,0.5996,0.3653,0.7948,0.3724,0.0000,1.3614,0.2211,72,26,6,17,0
casual_1388,273.8071,73.5050,43.5998,14.8653,23.5806,27,0.0181,399.3430,608.5817,0.1908,0.0014,2.0390,0.5630,0.1399,0.7517,0.3913,0.8831,0.1817,0.0000,1.4831,0.2981,172,31,5,11,0
skilled_0719,78.0054,57.5859,48.9111,10.2801,8.3011,57,0.0352,329.5850,597.2473,0.2223,0.0018,2.2190,0.2312,0.0434,0.1000,0.1544,0.7677,0.3393,0.0000,0.4630,2.5917,196,66,5,4,0
casual_2386,296.5403,78.8689,126.4277,39.3761,28.1287,10,0.0305,316.8188,580.7400,0.4565,0.0015,2.3677,0.2563,0.2572,0.7135,0.1325,1.7152,0.1584,0.0000,0.8452,0.2123,69,10,6,14,0
skilled_0236,251.7427,84.6928,38.9462,11.4725,9.6153,36,0.0169,541.5408,579.4773,0.3652,0.0016,2.9994,0.2845,0.0663,0.6876,0.0200,1.4067,0.2358,0.0000,3.4907,1.9380,110,25,15,4,0
casual_1540,251.5504,101.0389,68.4614,20.7797,14.1827,7,0.0206,389.7701,480.1004,0.2964,0.0015,1.9658,0.6643,0.1961,0.6197,0.3386,0.1000,0.0388,0.0000,0.5705,0.5735,47,1,7,15,0
casual_1217,182.3057,56.1429,77.7778,11.6507,10.8932,22,0.0023,471.5061,620.0000,0.2976,0.0008,2.3644,0.4610,0.1141,0.3543,0.3070,0.2335,0.2034,0.0000,0.9599,0.3665,121,24,6,1,0
casual_2681,260.4857,96.9844,104.7801,21.8397,15.6095,21,0.0137,354.1585,541.7755,0.3222,0.0011,1.5771,0.8949,0.2942,0.6194,0.2372,0.7745,0.2189,0.0000,0.8774,0.8372,132,28,4,16,0
casual_2993,178.2177,66.3849,99.9309,16.7337,1.5868,7,0.0053,376.2314,505.9276,0.3051,0.0046,2.8132,0.9698,0.2457,0.9256,0.2337,1.4314,0.2689,0.0000,0.6437,0.0500,43,11,3,4,0
casual_1191,136.0879,96.1396,97.1746,3.2510,16.8043,18,0.0081,340.3483,601.2496,0.4969,0.0077,2.3591,0.3694,0.0863,0.1500,0.0300,0.6653,0.0889,0.0000,1.9400,0.9169,85,7,1,10,0
casual_1542,127.4189,87.9408,131.7755,15.0583,6.9074,1,0.0360,457.0077,620.0000,0.2636,0.0043,1.7907,0.7415,0.2769,0.7847,0.1369,1.6582,0.1515,0.0000,1.0007,0.8236,13,1,10,13,0
skilled_0301,272.5428,106.0973,34.4226,9.1503,12.0215,37,0.0443,382.9319,558.6382,0.5501,0.0044,3.0789,0.4705,0.0997,0.5465,0.1564,1.8184,0.3341,0.0000,2.6093,1.7922,133,44,15,10,0
skilled_0324,37.2471,132.2520,40.2231,21.9716,1.9520,17,0.0235,396.4213,620.0000,0.2804,0.0084,2.8793,0.3455,0.1364,0.4626,0.2118,0.4864,0.4843,0.0000,1.6081,1.3712,49,23,2,7,0
casual_2539,167.6284,86.5785,114.8912,15.5984,10.7472,25,0.0197,380.7476,558.9895,0.4022,0.0068,3.2393,0.5428,0.2201,1.1508,0.2215,0.7147,0.2613,0.0000,1.1933,0.6649,171,44,6,6,0
casual_0953,73.5386,35.6619,93.7020,12.8475,8.1845,12,0.0024,415.0867,500.0033,0.3162,0.0233,1.9154,0.8673,0.0602,0.4015,0.2190,1.1281,0.2452,0.0000,1.1245,0.7180,54,13,1,15,0
esport_0080,237.7589,94.9940,38.0089,5.7212,4.4556,25,0.0335,433.6761,581.0436,0.8215,0.0125,2.8713,0.0895,0.0631,0.4208,0.2116,2.2049,0.7510,0.0000,3.7874,2.4179,63,47,24,6,0
casual_0732,60.1321,14.6317,86.7614,20.4405,25.4084,24,0.0244,400.6967,540.1566,0.1347,0.0027,1.7799,0.3645,0.0957,0.4663,0.2937,0.7559,0.2026,0.0000,0.6711,0.7649,148,29,6,11,0
casual_1156,44.2579,96.4125,97.8927,9.6816,15.5823,3,0.0091,366.6760,562.0667,0.4442,0.0227,2.3737,0.5983,0.1867,0.1500,0.2229,0.9598,0.1437,0.0000,0.7288,0.9973,12,1,7,9,0
skilled_0294,75.5668,143.4610,91.5351,9.9571,1.0000,39,0.0233,335.1320,564.0277,0.6402,0.0198,2.2456,0.2769,0.0772,0.3318,0.1891,1.6916,0.2704,0.0000,1.5880,2.3357,112,30,14,11,0
casual_2982,56.8676,80.9888,92.0516,18.8730,8.3256,7,0.0347,279.0153,530.4645,0.2214,0.0038,1.7342,0.3560,0.1495,0.3073,0.1067,0.9018,0.1818,0.0000,1.1835,1.3661,31,5,7,4,0
casual_2156,56.4285,141.0631,79.8785,13.8848,23.2592,16,0.0058,321.5796,612.8862,0.6658,0.0010,3.5000,0.6690,0.1937,1.1592,0.2391,1.4029,0.3423,0.0000,1.7797,0.3854,127,43,0,11,0
casual_1062,98.8789,46.2424,154.1211,32.5810,18.5061,28,0.0122,240.1813,620.0000,0.5626,0.0070,2.2944,0.4633,0.2214,0.6213,0.3363,0.6851,0.3202,0.0000,0.3123,1.0824,129,41,8,10,0
casual_2616,83.3202,34.8213,191.1681,24.5876,23.7014,7,0.0162,314.5131,611.9004,0.2229,0.0001,3.3863,0.6971,0.1495,0.2028,0.1894,0.8861,0.3516,0.0000,0.0000,0.7592,31,10,9,14,0
casual_1167,175.5143,89.7729,161.9580,9.8700,13.0501,25,0.0154,572.1378,543.3277,0.0200,0.0004,2.0030,0.3643,0.1809,0.9718,0.1745,1.0388,0.1551,0.0000,1.2108,1.5831,139,21,5,10,0
skilled_0222,134.5589,110.0318,70.1447,12.8670,4.4182,27,0.0235,373.0526,620.0000,0.4367,0.0062,2.2959,0.1873,0.1622,0.6295,0.1850,2.1012,0.4026,0.0000,2.0053,1.9394,91,36,12,2,0
skilled_0636,76.9908,97.1440,101.6893,21.2141,10.7981,4,0.0119,440.2573,610.8158,0.4308,0.0044,2.9459,0.2978,0.0315,0.1055,0.0506,1.4067,0.3299,0.0000,2.7363,1.8302,34,11,12,11,0
casual_2938,96.0493,155.6731,173.1259,14.6116,16.9743,36,0.0161,563.1208,516.3881,0.1273,0.0025,2.1450,0.6084,0.1333,0.5754,0.0683,1.4607,0.3362,0.0000,1.0842,0.7257,143,48,2,4,0
esport_0241,99.6878,138.4668,19.7242,10.6580,5.4126,71,0.0390,516.8690,625.0000,0.5400,0.0359,2.6212,0.1912,0.0312,0.3997,0.0664,1.4440,0.3817,0.0000,4.0889,2.1508,178,67,22,7,0
skilled_0140,213.3155,96.1542,84.8579,13.3048,11.0659,36,0.0000,591.4815,526.7107,0.6014,0.0161,3.3350,0.2469,0.0300,0.2402,0.1475,1.2646,0.3980,0.0000,1.9346,1.5332,172,68,12,0,0
casual_0143,184.3666,69.6873,202.7738,8.3328,20.4414,12,0.0148,444.0948,544.2360,0.3205,0.0118,2.1043,0.9092,0.1724,0.9326,0.2791,1.2635,0.3654,0.0000,1.8321,1.0041,91,33,10,15,0
skilled_0577,219.1062,76.4675,40.5605,15.4931,8.9767,47,0.0200,387.7640,562.3727,0.3671,0.0095,2.4996,0.3443,0.0696,0.6305,0.1241,1.2898,0.2430,0.0000,3.0760,3.2245,185,44,17,2,0
casual_2782,202.2033,61.5521,161.8072,13.1344,12.0955,15,0.0246,450.1103,472.1533,0.5983,0.0022,2.4131,0.5818,0.2451,0.6160,0.2246,0.2037,0.1304,0.0000,1.8066,0.7934,151,19,11,9,0
casual_0717,57.5114,120.0336,140.9703,32.5522,11.6959,22,0.0045,367.3039,604.7437,0.8353,0.0337,2.6966,0.3314,0.1922,0.4537,0.1569,0.7883,0.1614,0.0000,2.0577,0.1222,129,20,10,9,0
casual_1819,197.3242,87.6844,20.0000,17.4322,20.2767,12,0.0138,503.8111,620.0000,0.3374,0.0134,1.4776,0.5079,0.1393,0.4342,0.1575,0.6200,0.1668,0.0000,1.2605,0.4671,85,14,1,16,0
casual_2502,286.6340,46.3873,142.5307,29.2431,11.6941,21,0.0176,337.3212,620.0000,0.0491,0.0090,2.1107,0.6532,0.1648,1.0320,0.2380,0.7721,0.3541,0.0000,1.5711,0.3342,150,53,5,2,0
esport_0110,171.4559,148.8071,37.9703,0.5000,1.9119,41,0.0758,357.2070,606.4693,0.4869,0.0000,2.8814,0.2649,0.0553,0.4367,0.0437,1.6494,0.5888,0.0000,4.4901,2.6869,104,61,10,4,0
skilled_1171,65.6057,90.8744,127.6965,13.3221,7.0613,8,0.0107,466.5604,619.2155,0.4592,0.0113,2.5676,0.3944,0.1276,0.5694,0.1649,1.3604,0.2978,0.0000,1.8139,2.1167,36,10,10,12,0
casual_0395,152.6658,46.4152,150.7666,2.0000,13.5097,19,0.0006,430.3732,585.9568,0.4140,0.0051,1.8181,0.2000,0.1339,0.8220,0.1239,1.1814,0.1212,0.0000,1.2476,0.7948,89,10,6,11,0
aimbot_0086,138.5636,181.8179,11.7267,3.8566,1.1498,82,0.0860,529.0069,625.0000,0.0976,0.0017,1.9401,0.0781,0.0024,0.7619,0.1013,2.0882,0.7967,0.0000,3.9544,6.4104,117,93,24,5,1
esport_0242,216.7383,104.1953,37.8420,3.9281,4.6935,35,0.0389,420.3113,606.9738,0.8177,0.0086,2.7830,0.2174,0.0589,0.3489,0.1378,2.4229,0.3177,0.0000,3.1604,3.9644,89,28,18,2,0
casual_1365,171.0077,128.7149,102.4469,10.7436,17.1814,3,0.0100,356.8487,579.9469,0.3842,0.0035,2.7359,0.3552,0.1177,0.6870,0.2638,0.8154,0.2831,0.0000,1.1413,0.9813,14,3,9,9,0
esport_0308,237.9982,135.4612,76.4152,4.1813,5.1555,50,0.0765,471.8895,608.7064,0.4738,0.0158,3.3769,0.1555,0.0854,0.1952,0.0362,2.4174,0.7800,0.0000,4.9430,6.2146,119,92,27,7,0
casual_0595,105.0660,16.0876,163.5536,19.7857,14.7451,38,0.0177,371.5539,611.1064,0.2979,0.0056,1.8409,0.8281,0.1120,0.7667,0.2505,1.4830,0.2250,0.0000,1.3045,0.8360,177,39,9,9,0
skilled_0952,102.3645,124.4019,106.1389,5.1465,9.6471,22,0.0187,428.0237,569.6610,0.5299,0.0169,2.2131,0.3416,0.0846,0.8158,0.0804,0.9794,0.3580,0.0000,2.2842,2.1551,147,52,10,4,0
casual_2914,153.1868,120.6136,20.0000,5.0057,10.3979,39,0.0130,466.7964,564.1273,0.2634,0.0087,2.7180,0.3518,0.1329,0.2751,0.2004,0.8364,0.1806,0.0000,1.0295,1.5804,175,31,7,15,0
casual_2326,86.4191,78.3706,113.7218,29.0130,7.0536,6,0.0273,435.4571,478.0463,0.2138,0.0004,1.1837,0.6319,0.2145,0.6254,0.3007,0.5159,0.2435,0.0000,0.4661,1.2074,35,8,0,16,0
skilled_0766,233.5593,111.1598,69.0299,5.1978,6.3459,48,0.0196,322.4851,582.5386,0.2614,0.0033,3.1579,0.4135,0.1538,0.4305,0.1105,0.8429,0.4202,0.0000,1.7574,1.8445,134,56,3,8,0
skilled_0440,176.8170,73.4970,76.1611,13.1453,11.0395,37,0.0136,425.2100,599.5446,0.2914,0.0075,2.3321,0.6390,0.0480,0.5319,0.1676,1.9192,0.3575,0.0000,2.2891,1.2329,198,70,16,2,0
skilled_0851,221.0117,115.8564,72.5533,10.0413,4.8363,32,0.0000,435.0376,609.4310,0.7593,0.0058,2.8422,0.3225,0.0746,0.1000,0.0322,1.3839,0.3247,0.0000,1.4700,0.8540,89,28,5,12,0
skilled_1132,76.7722,112.7366,53.3302,15.8613,1.3227,30,0.0161,275.0639,522.3868,0.5440,0.0142,2.1016,0.3366,0.1369,0.6298,0.1216,1.0716,0.5921,0.0000,2.6971,1.8550,180,106,18,12,0
esport_0341,137.8924,189.2859,116.4974,4.4453,5.3146,21,0.0089,356.9232,616.4559,0.3727,0.0019,2.6801,0.2327,0.0594,0.3683,0.1148,1.2560,0.4375,0.0000,4.9309,2.4500,66,28,25,1,0
casual_2143,247.7277,84.5397,97.0409,39.7884,6.3544,23,0.0375,397.3800,574.4340,0.3002,0.0143,2.0396,0.2000,0.1836,0.8006,0.2389,0.6098,0.2878,0.0000,0.4626,0.7900,120,34,3,10,0
casual_1571,183.4052,45.4636,111.5245,24.0064,11.1713,17,0.0338,308.3846,612.8293,0.5808,0.0004,2.3411,0.4800,0.1463,0.1500,0.2262,1.7030,0.2890,0.0000,0.9479,1.6483,110,31,11,16,0
skilled_1079,71.8456,72.0898,85.9344,1.0000,6.6959,20,0.0323,393.7741,618.7353,0.5202,0.0024,1.6290,0.3230,0.1609,0.3251,0.2313,1.3940,0.5230,0.0000,3.2913,2.5513,88,46,18,3,0
casual_1122,254.7829,83.1506,20.0000,18.1797,8.1721,32,0.0183,399.2709,520.5180,0.2732,0.0022,2.5037,0.7817,0.0758,0.4861,0.1255,0.9650,0.2141,0.0000,1.5145,0.0500,132,28,2,17,0
casual_2786,215.4494,86.5358,102.8006,20.5078,15.3485,2,0.0348,404.8579,572.8297,0.6962,0.0240,2.1854,0.4061,0.1888,0.7928,0.2179,1.3357,0.1441,0.0000,0.5587,1.4841,16,2,2,12,0
casual_2967,106.5357,71.7989,205.4993,27.8070,17.5920,28,0.0076,401.5314,584.7390,0.2914,0.0151,1.4907,0.4967,0.2151,0.7613,0.3614,1.0374,0.2766,0.0000,1.4693,0.6318,105,29,2,9,0
casual_2504,104.8435,67.3330,44.5370,16.8524,12.6353,23,0.0096,471.8182,605.1700,0.6444,0.0024,1.3836,0.6614,0.1789,0.5848,0.3540,1.0995,0.1159,0.0000,0.0000,1.6857,104,12,7,2,0
skilled_0465,264.2662,136.7027,58.7786,9.4987,6.6697,24,0.0197,481.8651,614.3514,0.5151,0.0124,2.4151,0.5468,0.1317,0.1890,0.0511,1.1939,0.2852,0.0000,1.8332,1.7505,64,18,10,4,0
casual_0675,135.9397,97.5281,131.1821,32.1298,5.8120,14,0.0094,309.0713,590.6430,0.0307,0.0149,2.4249,0.3183,0.0945,0.8221,0.2437,0.7302,0.1069,0.0000,1.6240,0.3176,85,9,9,14,0
casual_2808,79.6282,109.6311,100.4049,25.1316,5.4999,28,0.0186,405.5694,581.4563,0.4346,0.0109,3.1281,0.2479,0.1853,0.9116,0.1448,0.2703,0.2741,0.0000,1.4901,1.1473,126,34,9,1,0
skilled_0348,255.5401,95.5380,147.7449,17.5429,8.7106,22,0.0366,321.0319,595.2749,0.5951,0.0009,2.5703,0.3114,0.0883,0.2030,0.1006,1.2163,0.4887,0.0000,2.1184,0.6359,101,49,18,1,0
casual_0728,152.8818,84.0854,222.2050,19.1857,12.9795,3,0.0064,357.0884,589.7127,0.3263,0.0024,2.3159,0.5755,0.1624,0.8907,0.3230,0.4224,0.2900,0.0000,0.5807,0.6037,39,11,10,15,0
casual_0412,54.4190,61.8671,159.4175,16.6090,17.4496,3,0.0254,410.0003,580.9011,0.5676,0.0060,1.9538,0.7391,0.1255,0.9000,0.1667,0.5783,0.0459,0.0000,0.9015,0.7276,20,0,6,14,0
skilled_0146,250.8362,80.3191,88.7319,9.5796,7.4566,5,0.0318,500.4177,598.4098,0.5890,0.0225,2.3388,0.4094,0.0800,0.5191,0.1915,1.6285,0.4439,0.0000,1.5317,1.0643,26,11,16,9,0
casual_1516,59.8955,70.2357,100.3869,26.6075,12.1111,8,0.0150,533.6374,546.4897,0.5096,0.0045,2.5163,0.4798,0.1020,0.7796,0.2219,1.5038,0.1819,0.0000,1.6180,1.1468,52,9,2,16,0
casual_0825,34.9033,83.8961,186.7537,36.1998,16.3249,10,0.0302,270.0346,616.4223,0.1387,0.0097,2.2464,0.7156,0.2208,0.4394,0.3792,1.4504,0.1823,0.0000,0.5381,0.6487,47,8,10,15,0
skilled_0267,58.0017,108.8561,112.1978,15.2887,1.8252,16,0.0154,436.2574,549.1640,0.1704,0.0089,2.7614,0.3948,0.0324,0.9427,0.2850,1.7593,0.3701,0.0000,0.2612,0.6221,64,23,17,3,0
skilled_0974,164.8955,94.4855,104.0982,10.5107,2.4312,43,0.0176,346.8381,620.0000,0.6724,0.0051,2.6314,0.3347,0.1092,0.3062,0.0200,1.2411,0.3106,0.0000,2.6405,2.6462,196,60,10,2,0
casual_0616,232.4956,89.8956,52.1528,13.8240,8.6235,8,0.0000,326.2490,557.8401,0.1822,0.0119,2.0259,0.5497,0.1393,0.8869,0.1817,1.2209,0.1543,0.0000,0.6430,0.4623,109,16,8,6,0
casual_0114,77.7287,88.2995,73.3183,48.9233,14.9719,9,0.0173,209.0870,585.5620,0.8561,0.0203,2.9333,0.4768,0.1672,0.9204,0.1942,0.7768,0.1067,0.0000,0.9402,0.9900,79,8,4,17,0
casual_0417,239.7273,72.2730,119.1507,32.3086,4.8853,35,0.0210,392.4288,524.4720,0.1394,0.0083,2.7593,0.4019,0.0941,0.5296,0.2790,0.4592,0.2765,0.0000,1.0227,0.0500,178,49,5,2,0
skilled_0069,144.7077,93.5371,82.8425,12.3833,2.9570,53,0.0290,484.3136,607.4233,0.2983,0.0036,2.2422,0.3595,0.0949,0.3820,0.1180,0.5186,0.4129,0.0000,2.7140,2.5728,177,73,6,8,0
casual_1625,231.7105,97.7025,76.1049,19.6789,1.0000,19,0.0035,243.6266,554.1315,0.3487,0.0046,2.3366,0.5363,0.0889,1.0316,0.2891,1.0386,0.2151,0.0000,0.8472,0.8623,168,36,6,10,0
trigger_0025,225.4664,172.0804,44.6003,10.6887,5.3342,126,0.0152,488.4094,513.1159,0.3257,0.0160,2.2979,0.0949,0.0082,0.5393,0.0074,3.0046,0.4507,0.0000,4.4412,5.5351,159,71,20,1,1
skilled_1185,245.7977,91.1291,94.1031,8.6220,11.4204,9,0.0157,295.8754,620.0000,0.4976,0.0055,2.8889,0.2848,0.0471,0.7709,0.1961,1.1085,0.2621,0.0000,1.3790,0.4332,44,11,9,5,0
casual_2896,293.1152,51.1451,134.2469,25.5727,4.3197,17,0.0268,428.9561,620.0000,0.5315,0.0063,2.0648,0.7030,0.0400,0.7725,0.2572,1.4748,0.3276,0.0000,1.4305,0.6591,112,36,9,16,0
esport_0421,190.7830,90.9016,33.7584,3.0373,6.0886,52,0.0463,384.3914,594.0577,0.4070,0.0112,3.2782,0.0800,0.0779,0.5740,0.1805,2.8003,0.4049,0.0000,4.0918,5.5970,194,78,25,3,0
casual_2082,213.6094,55.3266,157.7366,16.5195,17.7625,33,0.0000,446.8024,620.0000,0.0854,0.0002,2.8095,0.4145,0.1940,0.7527,0.1362,1.2874,0.3710,0.0000,1.0132,0.6540,117,43,3,7,0
casual_0753,159.5631,27.5548,140.9670,20.9066,16.4158,26,0.0121,469.9525,576.1130,0.2262,0.0319,3.1172,0.5384,0.1007,1.1486,0.1935,0.9925,0.0603,0.0000,1.3089,0.7756,152,9,7,2,0
casual_2546,291.8816,35.5020,101.4862,42.8982,18.8260,17,0.0266,438.1970,620.0000,0.4419,0.0177,3.4199,0.3668,0.1112,0.4562,0.3420,0.5911,0.1734,0.0000,0.3498,1.0382,70,12,4,15,0
skilled_0969,131.5442,115.7062,70.9829,11.6647,7.3001,39,0.0186,377.2353,617.5586,0.2571,0.0009,2.3152,0.4400,0.1232,0.4461,0.0743,1.0411,0.2176,0.0000,2.3895,1.5978,148,32,13,12,0
skilled_0373,272.0190,143.9446,57.9046,5.2363,8.9903,22,0.0045,284.1548,608.3632,0.5374,0.0161,3.1526,0.2926,0.1833,0.3028,0.3311,1.9651,0.3310,0.0000,1.6176,0.8787,112,37,7,7,0
skilled_1107,163.7439,78.8481,78.7975,8.1900,4.6257,24,0.0386,361.0239,577.8562,0.5019,0.0163,2.0407,0.2982,0.1013,0.4827,0.2651,0.8673,0.4063,0.0000,2.4793,1.5085,166,67,12,10,0
casual_2444,159.9714,58.9182,76.4818,26.2324,1.0000,38,0.0369,419.2135,514.7439,0.2651,0.0075,2.4025,0.4257,0.1228,0.5719,0.2626,0.6194,0.1742,0.0000,1.2441,0.7746,175,30,2,7,0
esport_0130,88.3797,165.0582,95.6134,7.7444,2.6935,48,0.0019,400.5617,625.0000,0.5112,0.0036,2.9538,0.1939,0.0200,0.3930,0.0749,1.9812,0.3890,0.0000,4.2164,2.2547,164,63,29,0,0
casual_1066,137.9126,26.1343,123.5325,16.3544,15.2777,7,0.0000,453.3893,548.7417,0.5337,0.0006,3.0194,0.6281,0.1179,0.7360,0.1234,0.1524,0.1449,0.0000,1.2944,0.7437,73,10,11,3,0
skilled_0913,269.6423,92.5312,80.6886,13.4933,5.9166,29,0.0000,480.7229,556.3289,0.1942,0.0228,2.6377,0.4062,0.0609,0.3577,0.1831,1.0370,0.3095,0.0000,1.1716,0.8811,162,50,5,12,0
skilled_0498,277.7463,133.7211,66.6628,9.1261,13.3359,38,0.0270,421.9388,620.0000,0.5128,0.0077,2.0516,0.2182,0.1024,0.3042,0.2056,1.0217,0.3508,0.0000,3.5550,1.8442,178,62,5,12,0
casual_2738,220.8079,83.5151,104.0463,25.3317,6.0536,35,0.0372,453.8567,543.7655,0.2181,0.0137,3.5000,0.8294,0.0762,0.5495,0.1454,1.2537,0.1502,0.0000,0.0765,1.3557,162,24,3,13,0
skilled_1000,162.2226,57.4677,104.2812,7.9613,1.4278,29,0.0169,485.4211,617.2671,0.4201,0.0140,2.1391,0.1921,0.1446,0.7730,0.1675,1.3019,0.5400,0.0000,1.3700,3.2238,141,76,8,5,0
casual_1568,158.8442,107.9963,20.0000,15.7199,18.1379,9,0.0319,317.9149,514.8008,0.5981,0.0007,2.4299,0.2200,0.0753,0.3725,0.0815,0.3282,0.3380,0.0000,1.4662,1.2830,97,32,2,13,0
casual_2427,216.7987,52.4430,58.8086,12.4640,18.6898,28,0.0000,408.5308,620.0000,0.2892,0.0400,1.6315,0.5939,0.0887,0.7408,0.1162,0.5931,0.0803,0.0000,1.2836,0.7474,101,8,10,10,0
skilled_0746,223.1201,64.9300,62.0154,9.3258,1.0895,33,0.0166,457.6837,552.9839,0.6085,0.0096,2.4562,0.2485,0.0594,0.5731,0.1638,0.6224,0.2542,0.0000,1.5164,1.1466,197,50,9,4,0
esport_0389,107.8877,93.4715,30.7203,7.9966,3.1830,36,0.0723,399.5631,608.2582,0.6699,0.0031,2.6523,0.1454,0.0769,0.5140,0.1018,2.4899,0.5320,0.0000,4.5344,7.6114,111,59,28,2,0
casual_1687,166.4248,31.2905,137.3971,12.7747,8.3506,47,0.0120,492.2111,483.7042,0.0200,0.0036,1.9947,0.3803,0.1510,0.1761,0.2005,1.1080,0.0702,0.0000,0.9030,1.4426,178,12,1,5,0
casual_0851,83.8763,133.8708,81.7034,34.9712,2.3568,35,0.0028,259.6549,573.5531,0.3578,0.0028,2.1652,0.6355,0.0890,0.7873,0.4063,1.0791,0.1474,0.0000,0.9951,0.8134,173,25,4,14,0
skilled_0546,68.4376,60.1858,82.1662,1.0000,3.9257,14,0.0237,460.1719,620.0000,0.4191,0.0083,2.9349,0.1792,0.0679,0.5993,0.0704,1.8092,0.4477,0.0000,1.7384,1.5831,49,21,8,1,0
casual_0895,267.8797,78.2351,80.0354,5.1864,21.8773,6,0.0218,399.2907,578.5894,0.5210,0.0011,1.3499,0.4973,0.1226,0.7679,0.3299,1.6823,0.3259,0.0000,0.2647,0.6370,42,13,9,5,0
esport_0342,101.3993,192.5088,51.5100,0.5000,0.5000,25,0.0334,408.6486,593.6699,0.4144,0.0095,3.3434,0.0942,0.0673,0.3864,0.0876,1.6150,0.4834,0.0000,4.9221,1.3393,111,53,28,9,0
casual_0335,195.8825,59.0435,96.0398,7.7899,18.0850,5,0.0319,314.1526,488.9747,0.3757,0.0247,2.4530,0.3225,0.1125,0.3955,0.3411,1.7201,0.1866,0.0000,1.1616,0.7549,46,8,4,5,0
casual_2839,42.3288,68.0978,89.8471,12.4957,8.6588,35,0.0071,320.0486,542.8366,0.3402,0.0018,2.9330,0.3655,0.0608,0.6892,0.1747,0.9239,0.2838,0.0000,0.4209,1.6352,174,49,4,7,0
skilled_0087,113.4805,86.8995,51.5210,9.2266,6.7573,50,0.0222,412.9564,591.5034,0.3952,0.0008,3.3536,0.4466,0.0993,0.5165,0.0497,1.2037,0.4363,0.0000,1.4543,1.8459,198,86,8,4,0
casual_1348,142.7572,10.0000,77.6290,10.2043,3.4098,8,0.0147,397.8651,620.0000,0.2428,0.0114,1.6713,0.7171,0.0901,0.5866,0.3600,1.2856,0.0200,0.0000,1.1730,0.0893,40,0,5,3,0
casual_1015,77.8536,68.0591,169.1260,28.5231,3.0943,9,0.0281,419.0495,620.0000,0.2736,0.0075,2.2466,0.5952,0.1893,0.6777,0.2749,1.4539,0.1231,0.0000,1.8871,1.2020,114,14,7,16,0
casual_2816,106.2843,65.4563,20.0000,7.9733,1.1837,6,0.0095,169.0258,620.0000,0.1419,0.0160,2.0669,0.4936,0.0888,0.5097,0.3089,0.6947,0.0200,0.0000,0.5602,0.4487,46,0,6,5,0
casual_1631,262.6899,87.5423,75.3892,2.0000,11.2581,12,0.0123,261.0049,519.9309,0.1911,0.0067,1.6590,0.2000,0.0907,0.8826,0.3432,0.1000,0.0523,0.0000,1.6225,0.7937,57,2,3,14,0
casual_2489,194.3381,63.7577,111.6214,31.7642,13.0898,12,0.0174,383.6241,500.3464,0.5799,0.0337,2.9703,0.2477,0.2757,0.3305,0.3798,0.8373,0.1392,0.0000,0.9893,1.0962,134,18,3,16,0
skilled_0730,52.8371,108.6778,74.6723,13.4184,8.9880,79,0.0291,444.4500,613.9909,0.2935,0.0069,3.5000,0.3724,0.0899,0.5825,0.1263,1.4373,0.3738,0.0000,2.7526,1.7403,187,69,5,7,0
skilled_0251,170.0848,106.6476,88.1874,14.3984,4.4478,51,0.0137,444.4844,605.9335,0.5074,0.0016,2.2779,0.1793,0.0683,0.3251,0.2003,1.1490,0.5086,0.0000,2.2217,1.0942,160,81,3,0,0
esport_0384,291.0318,123.3707,53.7700,6.9603,2.6271,12,0.0523,329.2981,625.0000,0.7290,0.0017,2.8248,0.2057,0.0383,0.4262,0.2203,1.9694,0.6251,0.0000,1.5000,1.8575,32,20,33,7,0
casual_2070,262.0733,84.9969,77.4522,24.0435,13.0779,20,0.0270,326.0082,620.0000,0.3285,0.0015,2.0051,0.3980,0.2472,0.9977,0.2554,0.6917,0.3174,0.0000,0.0000,0.9011,82,26,6,5,0
esport_0202,112.9405,97.6481,39.1689,0.9887,3.9856,42,0.0312,466.2374,594.0392,0.5521,0.0065,2.2585,0.1936,0.0556,0.2788,0.0956,2.0606,0.7800,0.0000,5.0988,4.7275,126,98,17,8,0
speed_0032,21.0826,73.6750,72.7563,17.8355,3.2963,5,0.0007,500.0000,1453.9333,0.6650,0.3446,3.2708,0.5267,0.1577,0.2795,0.1278,1.2574,0.2188,0.0000,2.6975,2.3177,21,4,17,7,1
casual_1635,141.1977,92.4754,163.2972,7.4784,12.8872,16,0.0177,433.6290,492.6979,0.2924,0.0191,2.3056,0.5575,0.1000,0.7077,0.4411,0.4420,0.0763,0.0000,1.2924,1.2097,65,4,8,17,0
casual_2479,284.9188,51.2740,61.3352,12.9667,17.0013,24,0.0000,418.9440,473.3519,0.4989,0.0046,2.2114,0.4617,0.0739,0.8292,0.1919,0.2789,0.2877,0.0000,0.6661,0.7249,123,35,0,9,0
casual_2265,64.1722,48.9998,48.3359,14.3762,15.5651,55,0.0120,469.2894,453.6689,0.0200,0.0315,3.2724,0.4715,0.1238,0.9974,0.1606,0.7276,0.1628,0.0000,0.5819,0.0500,175,28,10,7,0
casual_2959,276.7854,139.9401,38.1137,27.9657,9.2409,16,0.0006,392.0093,570.6857,0.5126,0.0060,3.0884,0.6947,0.1302,0.2900,0.0858,0.4326,0.0200,0.0000,0.8954,1.0926,60,1,1,13,0
esport_0481,165.2348,66.1645,68.6832,7.8915,5.1841,31,0.0601,463.5981,595.3433,0.3789,0.0065,2.3273,0.2471,0.0797,0.6475,0.1957,0.7905,0.5072,0.0000,2.5134,1.8660,88,44,6,1,0
skilled_0059,260.7588,70.7419,98.9058,6.1669,8.2561,24,0.0335,309.9620,620.0000,0.2798,0.0111,2.1159,0.3053,0.1576,0.4688,0.1750,1.1283,0.4296,0.0000,1.9872,1.1162,76,32,16,4,0
casual_2141,147.2743,113.3597,206.9841,20.7592,6.3140,13,0.0044,268.8413,607.8636,0.2408,0.0077,2.2550,0.6921,0.0541,0.7797,0.3617,0.5310,0.2033,0.0000,1.0313,0.9610,160,32,5,3,0
skilled_0118,43.4869,53.0889,37.4222,10.0887,4.1246,25,0.0046,381.7662,620.0000,0.3856,0.0013,2.7496,0.3724,0.1527,0.5697,0.1762,1.0513,0.5165,0.0000,1.5603,2.2723,183,94,16,3,0
esport_0475,117.7525,126.3536,40.8596,8.6079,6.3878,64,0.0454,525.3874,605.9971,0.5315,0.0117,2.0320,0.1895,0.0544,0.4010,0.0502,1.7314,0.7128,0.0000,2.7672,6.3494,157,111,19,2,0
skilled_1045,177.2864,95.3791,51.5831,12.3394,8.0674,25,0.0381,376.3774,616.5550,0.6305,0.0099,2.1528,0.3854,0.1113,0.5249,0.1842,1.4962,0.3646,0.0000,2.1064,2.0628,103,37,11,7,0
skilled_0356,244.3956,115.0460,128.6075,5.0398,2.5663,33,0.0350,292.2492,613.4541,0.3739,0.0022,2.5921,0.2175,0.1279,0.7749,0.1780,1.2994,0.5805,0.0000,0.3126,2.1900,104,60,15,8,0
casual_2744,127.3526,83.4013,83.6749,19.3230,12.8462,38,0.0145,238.5485,557.9776,0.2382,0.0013,2.1347,0.6237,0.2150,0.8185,0.2004,0.5803,0.1549,0.0000,0.9717,0.8629,173,26,2,7,0
skilled_0506,40.3750,134.5398,94.7311,13.9901,4.3380,46,0.0320,320.2123,559.7805,0.4278,0.0003,2.0904,0.3909,0.1152,0.4408,0.2594,1.9771,0.2181,0.0000,1.1005,2.1602,173,37,6,12,0
casual_1679,172.4136,55.2061,158.9983,30.0576,2.3324,39,0.0194,314.6018,567.2435,0.3232,0.0151,1.8969,0.3649,0.2506,0.2036,0.2005,0.5573,0.2185,0.0000,0.2839,1.1773,159,34,9,15,0
skilled_1249,119.7708,117.5212,142.0240,4.9924,8.1837,29,0.0224,462.6418,606.1591,0.5516,0.0063,1.7119,0.3936,0.0605,0.5757,0.2222,1.1953,0.3352,0.0000,2.5804,1.6482,185,62,8,1,0
skilled_0147,90.7458,83.3168,16.9741,10.6004,9.0514,42,0.0166,445.9017,620.0000,0.3672,0.0402,3.5000,0.3488,0.0843,0.2512,0.1661,0.8708,0.5231,0.0000,1.9003,0.1000,138,72,3,8,0
casual_2294,110.7638,60.3642,32.1907,16.1540,19.7423,35,0.0287,303.2319,593.1295,0.9307,0.0017,2.5636,0.8388,0.1734,0.3474,0.2901,1.3935,0.1453,0.0000,1.4553,1.6103,106,15,2,11,0
casual_0580,164.6806,107.6503,93.1144,15.3647,3.3638,21,0.0293,527.9930,509.5999,0.3272,0.0024,2.3553,0.5532,0.1895,0.7179,0.4189,0.4473,0.1970,0.0000,1.0723,1.5138,113,22,4,15,0
casual_1470,282.9008,124.1481,54.4449,5.0106,10.6662,3,0.0165,357.3654,597.5656,0.3406,0.0002,2.8780,0.5699,0.1324,0.8849,0.2373,1.2799,0.0940,0.0000,1.5548,0.3406,10,0,5,7,0
skilled_1070,212.9879,94.6720,49.3786,11.2369,10.5172,41,0.0145,376.8706,555.7844,0.4280,0.0093,3.0716,0.2911,0.0418,0.4294,0.1042,1.2612,0.3191,0.0000,2.1325,0.9318,151,48,12,10,0
skilled_0343,121.3014,76.8425,17.7079,13.7426,5.0131,45,0.0088,354.2119,604.1044,0.4308,0.0019,3.2530,0.2779,0.1127,0.3193,0.1657,0.9708,0.4098,0.0000,1.8557,1.9920,119,48,16,10,0
esport_0333,75.3452,169.8947,73.9708,5.2331,3.5964,47,0.0287,459.7357,609.0213,0.4406,0.0013,1.7249,0.1954,0.0374,0.4142,0.1412,2.0539,0.3628,0.0000,2.8117,3.1785,97,35,11,9,0
skilled_0672,181.2115,127.3957,53.4968,14.9505,7.5888,8,0.0097,353.9896,606.0770,0.4785,0.0130,2.5698,0.2988,0.0940,0.4236,0.1994,0.8182,0.3756,0.0000,2.8429,1.3048,25,9,10,11,0
casual_0559,163.1883,60.1295,45.2652,2.0000,14.9716,39,0.0188,367.4599,526.9856,0.4892,0.0177,2.3516,0.6018,0.0400,0.3124,0.1628,0.8631,0.2008,0.0000,1.0672,1.1283,154,30,3,14,0
casual_2849,131.6467,28.5646,107.9152,23.8305,7.9726,9,0.0000,237.6006,555.1829,0.0918,0.0006,2.2531,0.8017,0.1733,0.5880,0.2156,1.2492,0.2236,0.0000,1.0905,0.4710,139,31,2,17,0
casual_0512,45.0033,58.4878,186.0788,22.7751,4.3105,27,0.0067,366.2013,548.0588,0.3491,0.0053,2.7589,0.3628,0.0752,0.6904,0.2262,1.0229,0.0200,0.0000,3.2382,0.3720,176,3,5,7,0
casual_1081,276.4214,75.9834,107.5941,10.6752,4.5071,21,0.0154,290.2561,620.0000,0.4186,0.0101,2.2846,0.2797,0.0566,0.8117,0.1206,0.2384,0.2347,0.0000,2.3940,0.2015,118,27,7,17,0
casual_1664,277.6968,81.5608,45.8630,16.6203,14.6398,13,0.0360,355.6584,544.8104,0.5393,0.0099,2.3032,0.6085,0.1726,0.1500,0.3085,0.7870,0.0203,0.0000,1.0943,0.0500,92,1,11,2,0
casual_1012,157.6517,68.2294,159.9777,17.1313,1.0000,8,0.0149,309.7510,567.3424,0.4859,0.0066,1.4478,0.6577,0.1735,0.5724,0.1738,0.1407,0.0200,0.0000,1.3210,0.5906,103,2,3,11,0
casual_1931,194.8091,39.5369,38.5705,36.4528,12.3915,59,0.0239,338.5548,620.0000,0.2570,0.0030,2.3442,0.6055,0.2655,1.1998,0.0315,0.8075,0.3008,0.0000,0.0000,0.3954,166,49,0,14,0
casual_1150,68.8553,57.0285,143.7870,19.1827,23.4309,22,0.0068,519.7225,620.0000,0.3221,0.0089,1.9620,0.5952,0.0400,0.6948,0.2710,0.7763,0.0200,0.0000,1.6730,0.7849,128,2,1,11,0
casual_2838,130.3620,90.4799,147.9773,27.4961,8.8625,27,0.0029,473.3849,582.8852,0.7278,0.0031,3.0819,0.7393,0.1846,0.8064,0.2286,0.5910,0.1797,0.0000,0.7981,1.6242,143,25,9,4,0
casual_0116,234.8003,119.8246,92.0850,11.3832,12.9029,33,0.0134,305.2948,601.3753,0.0298,0.0019,2.3166,0.5109,0.2108,0.6316,0.2656,1.0828,0.3112,0.0000,0.6248,0.2532,156,48,1,14,0
casual_0740,30.4484,10.0000,20.0000,44.0892,14.7855,37,0.0302,417.8379,567.6409,0.2927,0.0066,2.3363,0.5270,0.1073,0.6410,0.3356,0.4180,0.2628,0.0000,1.2925,0.1806,163,42,9,1,0
aimbot_0056,67.0471,118.8305,15.9752,1.3565,0.4607,69,0.0142,369.3731,613.5964,0.5826,0.0029,2.5978,0.0970,0.0053,0.3892,0.0889,2.6920,0.8664,0.0000,5.9191,10.9825,92,79,28,4,1
skilled_0675,215.9359,98.3683,66.1053,5.7786,8.0388,36,0.0208,353.5328,620.0000,0.4643,0.0071,2.4440,0.2022,0.1002,1.0159,0.1292,0.8444,0.3352,0.0000,2.2256,1.2931,101,33,19,6,0
casual_0830,194.9079,90.6612,169.1164,27.9195,11.9657,1,0.0240,283.5870,614.3042,0.4593,0.0108,1.9422,0.3313,0.1308,0.4499,0.1366,1.2681,0.2959,0.0000,1.6074,0.0721,24,7,1,17,0
casual_0119,199.3734,38.3763,40.1473,9.5378,27.6665,6,0.0184,426.3301,480.3793,0.5804,0.0150,3.1744,0.3511,0.1351,0.1500,0.2653,1.8405,0.3637,0.0000,0.5592,1.8252,28,10,1,3,0
speed_0003,103.2243,20.8168,145.1146,10.6839,9.9583,24,0.0157,803.2804,1690.1687,0.4825,0.5158,2.8831,0.3861,0.1429,0.7057,0.1232,0.9188,0.3272,0.0000,4.1949,0.8554,97,31,26,5,1
esport_0488,247.0409,106.4672,34.1761,4.4263,1.2025,80,0.0373,459.7844,595.8050,0.6455,0.0082,2.9691,0.1545,0.0788,0.3372,0.0670,1.5073,0.5176,0.0000,2.5023,3.1289,173,89,12,1,0
casual_0635,59.5062,87.1712,81.4307,23.7196,13.5324,9,0.0075,406.3700,471.3167,0.3735,0.0004,2.8703,0.5958,0.1038,0.8998,0.2410,1.1859,0.0507,0.0000,0.0000,0.6104,34,1,0,11,0
esport_0215,88.8526,161.9695,97.1393,3.1018,5.0811,28,0.0615,579.1790,613.4535,0.5595,0.0049,2.8917,0.2192,0.0814,0.4302,0.0985,1.7417,0.7074,0.0000,3.0342,5.4531,84,59,13,1,0
esport_0114,124.9920,168.6137,33.7877,9.4849,4.1448,47,0.0547,392.9579,566.4474,0.5136,0.0232,2.6634,0.1682,0.0535,0.3282,0.0835,2.1771,0.4077,0.0000,3.1979,2.8896,132,53,33,7,0
skilled_1142,123.9474,113.9506,89.8051,7.9648,2.5242,28,0.0109,355.4158,579.3446,0.5730,0.0015,2.3770,0.3470,0.0746,0.3650,0.1808,1.5102,0.2662,0.0000,2.5800,1.3707,105,27,16,2,0
casual_0991,232.7264,70.4380,98.4908,25.8386,8.5044,46,0.0134,426.4988,558.5704,0.1685,0.0023,2.6111,0.5601,0.0400,0.2069,0.1417,0.8380,0.1299,0.0000,0.5320,0.5925,167,21,1,11,0
casual_0876,136.5501,84.1182,80.4897,3.1891,6.1797,6,0.0035,458.0056,620.0000,0.6425,0.0051,3.2017,0.5176,0.1280,1.0315,0.5001,0.9823,0.2908,0.0000,1.0084,1.8599,38,11,2,17,0
casual_0004,55.4279,119.7569,138.2054,30.1621,17.2400,32,0.0265,532.6118,548.2708,0.1295,0.0032,3.3248,0.6526,0.1425,0.6663,0.2310,1.2350,0.1488,0.0000,1.2476,0.4860,157,23,9,9,0
skilled_0051,190.7990,104.2307,98.4630,3.8983,13.8472,70,0.0225,527.3236,565.2394,0.4711,0.0068,3.1270,0.4254,0.0363,0.4560,0.1588,1.0886,0.2668,0.0000,1.7146,1.4162,167,44,13,9,0
skilled_0124,114.7087,100.2756,120.7257,12.3683,9.6997,11,0.0168,350.4640,517.5735,0.6618,0.0017,2.3932,0.3306,0.0514,0.7232,0.1625,1.1218,0.5393,0.0000,2.7903,0.9824,63,33,17,3,0
casual_2660,256.9880,83.7599,89.8586,10.3725,3.8301,15,0.0000,399.5976,517.0667,0.4932,0.0016,1.8269,0.6766,0.1817,0.5709,0.2917,0.2603,0.1517,0.0000,1.2445,0.2066,152,23,6,3,0
casual_2491,138.5773,95.0438,97.2892,20.3880,7.9160,15,0.0368,350.6898,508.6352,0.4338,0.0246,2.0314,0.5560,0.1644,0.4620,0.2001,0.7430,0.3059,0.0000,0.9196,0.0500,111,33,7,17,0
skilled_0854,266.2537,112.1571,102.1061,11.2694,7.1065,45,0.0000,473.0367,572.0862,0.4642,0.0034,2.0462,0.3893,0.1294,0.3118,0.3139,1.5875,0.2733,0.0000,1.7554,0.8455,138,37,16,1,0
casual_1715,237.9521,75.9509,92.9932,18.5767,2.9212,45,0.0196,240.7433,507.9761,0.5952,0.0045,0.4000,0.3633,0.1488,0.6231,0.0979,0.3622,0.2151,0.0000,0.8179,0.5058,166,35,10,8,0
casual_1148,162.6395,100.1216,151.9572,16.0263,10.3852,23,0.0319,266.2189,620.0000,0.3637,0.0003,1.7731,0.4101,0.1751,0.8479,0.0300,0.2848,0.2648,0.0000,0.8926,1.3164,134,35,5,6,0
skilled_0261,101.4858,89.7066,64.2465,16.6836,10.2326,37,0.0197,404.1764,620.0000,0.5315,0.0199,2.6640,0.3418,0.1106,0.4532,0.1939,0.5233,0.2833,0.0000,2.9743,0.4026,149,42,13,5,0
casual_0574,260.0442,85.6700,105.3843,16.3830,3.1769,5,0.0139,375.4715,583.0684,0.0200,0.0017,3.0797,0.3694,0.1768,0.8540,0.1778,1.1700,0.2974,0.0000,0.9741,0.6658,40,11,4,10,0
skilled_0769,103.0522,90.7533,87.0989,10.4119,7.5594,12,0.0127,330.4518,573.1098,0.4301,0.0068,3.2411,0.2480,0.0528,0.5839,0.1552,1.1239,0.4661,0.0000,0.6930,1.6732,39,18,2,0,0
skilled_0736,158.3244,92.7665,59.5507,4.2375,11.3258,42,0.0208,451.5141,577.0736,0.2671,0.0028,2.8854,0.2711,0.1251,0.6730,0.1328,1.0883,0.3764,0.0000,2.6474,2.4040,145,54,11,0,0
skilled_1146,193.2789,81.5772,89.3648,5.3988,7.8946,39,0.0060,398.0990,580.8734,0.3835,0.0320,2.3799,0.3490,0.0630,0.2933,0.1449,1.4006,0.3564,0.0000,3.8273,1.9831,103,36,7,11,0
casual_0853,276.3973,58.4713,20.0000,20.0959,20.8440,29,0.0269,385.2934,590.5301,0.4923,0.0138,2.2283,0.6862,0.1472,0.8340,0.2998,0.7865,0.0940,0.0000,0.4098,0.4473,120,11,10,10,0
casual_1982,259.9650,73.5809,76.1021,7.1181,8.3636,10,0.0321,208.3575,561.2986,0.3034,0.0116,2.4609,0.7546,0.1567,0.6430,0.2954,1.2003,0.2618,0.0000,0.9947,0.9678,60,15,4,10,0
casual_2774,233.6045,85.0752,128.6414,12.0358,13.2525,21,0.0390,188.3802,495.9839,0.2363,0.0005,2.8229,0.2795,0.0937,1.1211,0.1080,0.8085,0.2549,0.0000,0.3067,1.1236,149,37,3,17,0
casual_1166,252.2436,62.3118,118.9871,12.9196,11.7596,22,0.0236,313.3709,620.0000,0.3652,0.0034,1.3736,0.3765,0.0973,0.6681,0.3351,0.7485,0.3046,0.0000,0.9748,0.9626,112,34,1,8,0
casual_0971,38.1147,13.3620,58.1849,17.1269,21.4457,7,0.0137,374.8826,582.6717,0.0200,0.0200,2.6772,0.3131,0.0934,0.6566,0.2935,1.1446,0.1765,0.0000,1.2166,0.5150,26,4,3,3,0
casual_2701,173.8399,69.6973,67.3920,28.4657,15.4272,2,0.0413,339.4294,577.0567,0.5056,0.0037,1.9487,0.3813,0.2191,0.7752,0.2509,0.3074,0.2953,0.0000,0.7882,0.9248,16,4,3,1,0
esport_0245,208.8150,104.6068,52.6437,9.2796,9.0436,20,0.0425,472.0895,590.6070,0.5569,0.0132,3.2522,0.1662,0.0856,0.4818,0.0896,2.1715,0.6096,0.0000,3.0109,3.3356,48,29,11,9,0
skilled_0847,185.7970,104.8012,72.1594,10.7762,11.8990,38,0.0173,546.1561,573.4721,0.3533,0.0137,2.4023,0.4659,0.1268,0.2873,0.1129,0.9271,0.3096,0.0000,1.4404,2.0495,147,45,6,13,0
casual_2368,128.9769,41.6669,70.0725,30.1721,23.6382,31,0.0286,344.0239,494.2069,0.3712,0.0004,2.6943,0.7417,0.0465,0.7201,0.2220,0.3780,0.2924,0.0000,1.4147,1.7367,162,47,0,17,0
skilled_1115,128.6154,158.2814,105.8377,8.5059,4.4823,21,0.0346,397.9342,563.2754,0.3098,0.0003,3.1202,0.2645,0.0956,0.4205,0.2011,0.7519,0.3528,0.0000,2.8351,1.3359,95,33,13,9,0
skilled_1131,170.1814,123.6912,83.3753,12.8086,3.7992,14,0.0094,414.8797,536.0214,0.3643,0.0118,1.9210,0.2671,0.0477,0.1078,0.0200,0.8352,0.2298,0.0000,2.0815,1.9042,48,11,9,6,0
casual_2950,71.4660,67.9051,178.6590,37.3878,17.0875,14,0.0335,367.4911,578.6252,0.2044,0.0128,2.6650,0.4782,0.1606,0.5222,0.2441,1.4465,0.2676,0.0000,1.0078,0.7380,99,26,5,5,0
casual_0524,62.3116,36.9894,113.2712,23.3801,15.8133,22,0.0080,239.5613,510.0287,0.4500,0.0069,1.5280,0.2000,0.1739,0.5138,0.1102,0.9546,0.1608,0.0000,0.9306,1.8794,134,21,2,13,0
casual_2455,175.1271,37.4289,122.4237,26.7811,3.6583,12,0.0036,431.2218,620.0000,0.3246,0.0128,2.6736,0.7825,0.1596,0.3352,0.3199,1.2003,0.1539,0.0000,0.0000,0.8178,66,10,6,16,0
casual_1841,183.8954,61.7042,95.3983,19.4756,8.2463,11,0.0094,464.6319,591.0949,0.5683,0.0121,1.8891,0.5499,0.0400,0.6243,0.2547,0.5528,0.2391,0.0000,1.4797,0.9598,97,23,10,9,0
casual_0537,74.2129,15.9145,135.5575,23.8829,9.2034,2,0.0362,293.9083,550.5403,0.3601,0.0051,2.6573,0.6851,0.1327,0.5747,0.1809,0.8191,0.3500,0.0000,0.2130,0.3484,11,3,6,16,0
casual_2806,118.7706,109.7086,127.6770,20.2398,1.0000,33,0.0333,479.8312,532.7647,0.5802,0.0033,1.6435,0.6168,0.2132,0.3307,0.3308,0.7432,0.1519,0.0000,1.5409,1.0908,156,23,11,1,0
esport_0091,271.0144,126.3735,29.9062,0.7725,3.9250,33,0.0676,570.1394,625.0000,0.4962,0.0129,3.1659,0.1264,0.0313,0.2843,0.1058,2.3338,0.7521,0.0000,3.8790,3.4831,95,71,24,6,0
skilled_0175,199.3268,81.8776,74.8886,14.5414,6.0805,39,0.0166,485.8248,554.0148,0.3306,0.0067,2.6636,0.3060,0.1122,0.5073,0.2123,1.4517,0.4852,0.0000,3.3695,2.0053,199,96,4,3,0
casual_0784,295.8554,85.5730,112.4803,17.1734,18.8401,12,0.0303,473.2708,565.7176,0.2541,0.0155,1.8394,0.7916,0.0410,0.8730,0.3495,1.4478,0.1612,0.0000,1.0912,0.9271,65,10,9,2,0
skilled_1057,258.2792,79.4941,48.2023,9.2957,7.7366,15,0.0231,514.2298,563.2468,0.5501,0.0025,1.8897,0.5015,0.0581,0.5620,0.0200,1.1248,0.2781,0.0000,1.6713,0.6113,34,9,12,11,0
casual_1409,221.1179,67.1612,90.1686,32.3291,14.2954,30,0.0137,354.0978,612.2229,0.4472,0.0079,1.7434,1.0032,0.1374,1.1227,0.2439,0.7194,0.0554,0.0000,1.4172,1.0704,121,6,6,15,0
casual_2537,131.8661,59.5999,120.2588,13.8359,15.3645,12,0.0000,347.6543,596.6866,0.5049,0.0118,2.4405,0.6066,0.0505,0.6804,0.1332,1.1176,0.1743,0.0000,0.5049,1.4307,66,11,3,7,0
casual_0154,59.3155,38.3122,135.5732,12.6936,9.6715,2,0.0095,546.5375,620.0000,0.0838,0.0028,2.3437,0.8263,0.1857,0.3272,0.0663,0.4081,0.1067,0.0000,1.2640,1.2901,11,1,5,1,0
skilled_0009,102.6813,77.9208,60.3767,7.3784,5.6868,32,0.0235,433.2679,569.2546,0.1821,0.0500,2.5831,0.4007,0.0623,0.3915,0.1288,1.3542,0.2553,0.0000,2.7652,2.4855,101,25,16,0,0
casual_1686,165.7762,90.6809,168.6628,20.6139,19.2285,11,0.0205,433.4938,548.9019,0.4485,0.0055,3.3026,0.5501,0.0770,0.4298,0.1700,0.8557,0.1689,0.0000,1.5270,0.4782,74,12,2,17,0
casual_2901,281.4357,63.8775,42.1439,15.0387,21.5392,10,0.0154,437.3263,616.6650,0.0465,0.0099,2.8312,0.4222,0.0955,0.4403,0.2824,1.0814,0.0200,0.0000,0.5850,0.6216,71,1,7,15,0
trigger_0024,48.2932,148.0296,68.9935,1.3835,4.0295,95,0.0049,328.9664,582.4858,0.3597,0.0020,2.6525,0.1076,0.0023,0.4353,0.0047,2.0745,0.6531,0.0000,3.7784,5.3665,163,106,36,0,1
skilled_0863,156.1568,126.5558,77.8815,6.4444,8.1621,10,0.0144,407.7336,620.0000,0.4419,0.0061,2.0984,0.2827,0.0802,0.3709,0.2029,1.4702,0.5714,0.0000,1.5926,2.2716,52,29,4,3,0
casual_2733,120.2053,81.1158,87.9751,18.8844,1.5735,5,0.0296,342.6043,497.3444,0.3115,0.0046,1.8875,0.3310,0.0598,0.9513,0.2679,1.5702,0.1684,0.0000,1.4481,0.7386,58,9,4,2,0
casual_1895,77.7904,114.9346,157.6109,30.0589,6.2323,10,0.0000,384.0834,471.3535,0.3115,0.0013,1.7852,0.7286,0.1130,0.2146,0.0924,1.7936,0.1863,0.0000,1.1520,0.7782,54,10,10,17,0
casual_0569,175.6724,92.2545,240.0043,7.0087,18.5430,9,0.0201,311.1397,547.6288,0.3920,0.0046,2.3081,0.4511,0.1223,0.4215,0.3288,1.0302,0.1204,0.0000,1.1971,0.4291,72,8,9,13,0
casual_1816,235.3139,10.0000,41.5168,23.8432,20.2321,25,0.0266,348.9323,560.8383,0.1840,0.0025,2.3567,0.6476,0.0931,0.6960,0.2530,0.5543,0.2858,0.0000,0.0000,0.1360,164,46,6,17,0
casual_2065,281.1285,71.7409,121.2961,15.8986,11.3246,12,0.0120,427.7939,605.0689,0.3195,0.0154,2.4993,0.7972,0.2695,0.6951,0.2256,1.7111,0.2357,0.0000,1.3263,1.0302,67,15,11,14,0
casual_0127,69.0215,111.2458,73.9634,26.0285,15.3131,9,0.0041,392.3761,551.4235,0.3937,0.0027,2.0061,0.7521,0.1689,0.6951,0.1495,1.0197,0.2312,0.0000,2.0042,0.6884,37,8,4,5,0
skilled_0394,175.9569,79.1324,60.4264,14.5685,7.3049,32,0.0201,370.3033,573.9538,0.5332,0.0157,2.0206,0.3265,0.1262,0.2879,0.1018,1.4833,0.2167,0.0000,2.1036,0.3835,99,21,10,1,0
skilled_0327,125.8550,107.4592,56.8945,3.7478,2.7782,45,0.0074,432.0777,598.8687,0.3124,0.0089,2.7606,0.3788,0.0855,0.1689,0.0761,0.4477,0.4035,0.0000,1.5421,1.3414,144,58,17,2,0
trigger_0061,47.1854,62.4367,43.2773,7.8591,4.2290,49,0.0170,395.3019,601.4138,0.3572,0.0070,3.4204,0.1181,0.0064,0.4689,0.0046,2.0195,0.5214,0.0000,4.6682,5.9074,83,43,21,3,1
casual_2975,251.2726,95.0821,75.0228,15.8353,7.6086,17,0.0000,453.2815,572.9108,0.3901,0.0035,2.9994,0.2889,0.2599,0.5658,0.1138,0.8361,0.1342,0.0000,0.4348,1.4398,102,13,11,10,0
casual_0980,296.9231,23.7852,206.9087,21.9897,8.4974,37,0.0142,401.8283,518.9323,0.3308,0.0146,3.1552,0.8075,0.1967,0.8176,0.1646,1.2819,0.0480,0.0000,0.0000,1.2301,124,5,0,4,0
casual_2300,286.1959,141.5688,103.9168,15.2773,9.4592,7,0.0255,471.3776,517.0020,0.3559,0.0041,2.5374,0.3103,0.2138,0.6090,0.2941,0.9315,0.2117,0.0000,1.7606,1.2244,30,6,5,6,0
casual_0190,282.9396,89.1139,86.7817,22.2324,15.1771,6,0.0318,429.8237,567.0288,0.0227,0.0060,2.5006,0.3752,0.2189,0.9419,0.1191,1.0590,0.0412,0.0000,0.8338,0.9769,173,7,0,5,0
casual_1139,211.5114,64.3897,81.7048,21.2297,8.3660,14,0.0298,307.2174,558.1888,0.1523,0.0102,2.6463,0.2727,0.1486,0.5611,0.2737,1.7758,0.0923,0.0000,0.8311,0.9625,75,6,11,9,0
casual_0699,110.8335,47.1521,77.3121,19.5204,6.6762,16,0.0330,428.0565,594.4489,0.3650,0.0043,1.6262,0.3881,0.1459,0.4241,0.2534,1.6124,0.2304,0.0000,1.0044,0.5726,84,19,9,13,0
aimbot_0030,94.4679,170.4284,22.0851,1.4686,1.2846,27,0.0588,507.4347,551.7677,0.2161,0.0034,3.0504,0.0457,0.0095,0.3619,0.1116,2.3223,0.7909,0.0000,4.2124,6.5154,43,34,32,3,1
casual_0606,264.0364,41.5041,84.0897,21.6365,11.8068,13,0.0247,451.4529,521.0785,0.0835,0.0151,2.6863,0.6398,0.0816,0.6422,0.2813,1.0573,0.2285,0.0000,1.3417,0.5984,67,15,2,9,0
esport_0026,146.4014,150.0941,66.5487,6.1701,0.5000,27,0.0376,408.2137,606.7348,0.6897,0.0029,3.1928,0.2144,0.0537,0.4241,0.1003,1.7093,0.6985,0.0000,5.3511,3.6143,83,57,11,2,0
casual_0301,66.3291,53.0344,92.1731,22.2241,8.8915,14,0.0168,298.9124,514.4107,0.5730,0.0025,2.9515,0.7789,0.2113,1.0147,0.3430,0.2098,0.4688,0.0000,1.2613,0.3605,59,27,3,8,0
skilled_0420,177.5543,81.7505,46.7247,9.8673,6.3685,11,0.0014,421.6657,575.7841,0.5981,0.0066,2.9285,0.1200,0.1115,0.5377,0.3218,1.7114,0.3484,0.0000,3.2248,3.3431,39,13,17,5,0
aimbot_0070,79.9421,145.5285,5.7588,0.3068,1.2233,45,0.1039,330.8831,610.5606,0.3751,0.0037,3.4107,0.0390,0.0134,0.4067,0.0376,1.6062,0.7432,0.0000,8.0229,4.9686,70,52,14,5,1
casual_1060,287.2891,45.8385,101.7105,24.2673,18.8651,30,0.0292,499.3598,554.7957,0.2362,0.0018,3.0691,0.2609,0.2048,0.5310,0.2942,1.0115,0.1796,0.0000,1.4597,1.3792,83,14,5,10,0
casual_2565,136.9376,95.3142,174.3974,32.3227,2.5856,13,0.0136,376.0871,599.8263,0.0352,0.0100,2.1197,0.4265,0.2508,0.6394,0.1688,0.5716,0.1020,0.0000,0.1666,1.1201,76,7,3,7,0
trigger_0069,223.9203,95.6508,26.3399,0.5000,4.4326,49,0.0228,364.7526,549.8895,0.0400,0.0287,2.5027,0.1360,0.0046,0.5110,0.0035,1.9089,0.7739,0.0000,3.1242,8.4846,87,67,21,4,1
casual_1069,138.0166,79.5662,64.0407,4.7496,17.2602,3,0.0108,522.1701,569.0974,0.3513,0.0025,1.4033,0.6148,0.0798,0.1500,0.2660,1.0756,0.0726,0.0000,1.0801,1.2563,16,1,0,3,0
casual_2524,276.2954,114.6107,71.6779,30.7213,5.7119,19,0.0108,501.8639,561.3599,0.3143,0.0191,2.4945,0.7747,0.2165,0.1902,0.3680,0.1000,0.0200,0.0000,1.2799,0.9143,65,1,6,13,0
casual_2205,188.6614,49.6539,122.7152,37.1907,8.3304,26,0.0409,464.2555,620.0000,0.4973,0.0029,2.0594,0.5217,0.1475,0.5720,0.3251,0.8114,0.3694,0.0000,0.9680,0.3339,172,63,3,8,0
casual_1243,44.9230,84.3477,122.2197,16.1486,12.6832,20,0.0211,332.7244,620.0000,0.1674,0.0076,2.1732,0.3333,0.3059,0.7596,0.0300,1.2951,0.0200,0.0000,0.4455,0.7889,129,2,6,12,0
casual_0016,179.7379,110.9245,260.4080,28.3710,15.5261,15,0.0078,320.4883,620.0000,0.4771,0.0048,1.4326,0.7238,0.2187,0.6032,0.2120,0.9675,0.1204,0.0000,1.2500,0.8686,82,9,10,2,0
skilled_0120,177.0005,105.0982,77.4157,2.8872,3.1233,15,0.0151,308.7198,578.3650,0.3958,0.0091,2.3905,0.3776,0.0628,0.2679,0.1569,1.7481,0.3072,0.0000,1.8673,2.2581,144,44,19,9,0
esport_0392,147.6928,185.6916,46.1331,3.7794,4.4484,52,0.0390,527.4356,554.6017,0.7579,0.0030,2.1482,0.2006,0.0807,0.4240,0.1310,1.5984,0.5678,0.0000,4.8786,3.4951,145,82,12,2,0
casual_0815,272.2716,44.5576,99.2265,17.9712,9.8917,16,0.0215,527.9880,566.5361,0.5808,0.0086,2.4599,0.4389,0.1750,0.8897,0.2159,0.7515,0.1573,0.0000,1.3629,1.2366,99,15,9,13,0
skilled_0067,256.7653,90.5538,58.9242,9.6399,5.2257,23,0.0170,351.0628,579.9312,0.4442,0.0009,1.8821,0.2696,0.1084,0.6634,0.1304,1.3128,0.1965,0.0000,0.6898,1.2008,77,15,10,3,0
aimbot_0034,101.5625,129.3635,13.0625,0.5225,1.7409,26,0.1114,426.7828,590.2758,0.3485,0.0063,2.0666,0.1315,0.0108,0.3604,0.0702,2.0561,0.7995,0.0000,6.3046,6.7310,36,28,27,3,1
casual_0959,173.0313,10.0000,30.9184,12.3750,8.4010,27,0.0035,400.8290,540.0154,0.1711,0.0022,2.7815,0.5373,0.1549,0.9136,0.0776,1.0526,0.4542,0.0000,0.8757,0.5800,141,64,11,5,0
casual_0225,279.6983,19.0055,48.2821,12.3806,5.2295,31,0.0178,359.2005,604.5428,0.6204,0.0078,1.7067,0.3699,0.0400,0.7150,0.2652,1.1929,0.1059,0.0000,1.9158,0.6121,142,15,7,4,0
skilled_0354,59.9965,72.8508,150.3110,4.8691,9.6804,55,0.0087,459.0352,578.6509,0.4921,0.0084,2.6210,0.2478,0.1306,0.3757,0.1771,1.1983,0.2731,0.0000,2.4560,1.5010,198,54,16,8,0
casual_2485,133.5026,60.9446,151.1705,19.0811,10.5412,9,0.0000,350.3015,558.3864,0.5465,0.0117,2.3404,0.5650,0.2534,0.9171,0.3103,0.3648,0.1618,0.0000,1.6930,1.5462,98,15,7,13,0
casual_0562,257.7689,68.5371,20.0000,24.2403,12.9668,27,0.0213,400.4381,620.0000,0.4196,0.0060,3.4563,0.7221,0.2395,0.2613,0.1981,0.9744,0.1711,0.0000,1.1827,1.0731,107,18,1,1,0
skilled_0436,80.9379,116.0004,90.0486,3.8120,9.9190,7,0.0089,397.2693,562.6074,0.2167,0.0031,2.4235,0.1710,0.1339,0.5138,0.2162,2.0576,0.3906,0.0000,3.0736,1.7949,25,9,14,11,0
casual_1693,228.8613,51.1074,115.4257,26.6953,1.8222,6,0.0000,441.1022,570.0885,0.3371,0.0032,3.3599,0.8647,0.1168,0.9292,0.2991,0.3502,0.2129,0.0000,0.4613,0.3780,28,5,3,15,0
casual_1045,118.1676,96.0517,198.4613,17.8133,6.5475,21,0.0113,315.5118,568.5636,0.6544,0.0009,2.0610,0.5376,0.2126,0.1500,0.3973,0.9823,0.1886,0.0000,1.9022,0.4393,108,20,5,12,0
skilled_0446,212.4922,107.9139,73.4311,6.1349,6.0563,38,0.0057,384.7781,617.1650,0.5071,0.0036,2.7843,0.2204,0.0832,0.4923,0.1106,1.0569,0.3909,0.0000,1.5721,1.8031,171,66,4,4,0
esport_0315,147.5356,100.5912,79.4130,4.9541,7.6895,44,0.0189,404.9944,604.6169,0.7790,0.0116,3.0937,0.2110,0.0319,0.5732,0.0452,2.3083,0.4289,0.0000,5.1948,3.2985,120,51,7,4,0
casual_0954,283.8051,55.5238,48.4742,30.9140,7.7176,1,0.0053,478.9294,574.9529,0.5248,0.0118,2.8490,0.3499,0.0400,0.4727,0.2017,0.9362,0.1206,0.0000,1.1537,0.0500,10,1,9,15,0
trigger_0060,245.1129,105.3285,6.5462,4.0801,9.8108,28,0.0185,439.0836,576.7477,0.3572,0.0059,2.9205,0.0945,0.0081,0.4206,0.0069,2.6869,0.5500,0.0000,5.6672,5.1071,57,31,18,3,1
casual_2735,154.2101,47.3634,79.4772,27.6657,19.2370,40,0.0058,361.9560,566.9182,0.4330,0.0120,1.5085,0.4885,0.1199,0.9749,0.1223,2.3495,0.3786,0.0000,0.7037,1.1059,119,45,11,14,0
speed_0053,126.8631,53.6772,65.3185,23.4462,16.0299,14,0.0041,908.9349,867.5749,0.3977,0.4342,3.0803,0.4693,0.1268,0.4198,0.0698,0.8543,0.3464,0.0000,1.4929,5.0993,53,18,8,4,1
esport_0485,177.8841,162.9158,52.1558,6.3818,3.9694,64,0.0553,430.6186,540.0000,0.4333,0.0003,2.9507,0.1421,0.0670,0.1424,0.0783,2.0010,0.5846,0.0000,4.1647,6.1545,142,83,14,2,0
aimbot_0073,141.1472,151.0988,13.5368,0.6221,1.8417,34,0.1162,463.2188,521.8493,0.5645,0.0141,2.4950,0.0487,0.0125,0.7280,0.0623,1.1903,0.7493,0.0000,3.9466,5.9164,45,33,20,3,1
casual_1218,212.6961,120.9081,130.5677,27.1807,21.4845,31,0.0039,392.4401,567.5922,0.4204,0.0018,2.5560,0.5835,0.0643,0.6083,0.2299,0.7288,0.1350,0.0000,0.1654,0.8214,155,20,5,12,0
casual_1527,159.1693,83.3592,117.5456,22.1308,20.8260,25,0.0336,293.7293,558.3582,0.4360,0.0237,2.6867,0.6343,0.0673,0.5140,0.0538,0.4654,0.3204,0.0000,0.9587,1.1115,109,34,11,17,0
skilled_0987,132.6287,121.6527,114.0036,11.5642,9.6098,54,0.0109,453.4873,620.0000,0.2576,0.0025,2.0451,0.4262,0.0300,0.5736,0.0752,1.1817,0.2232,0.0000,1.6666,1.9714,169,37,16,12,0
casual_1300,87.9255,119.2716,66.1115,27.1153,15.4851,29,0.0107,441.2266,620.0000,0.2586,0.0073,2.8255,0.2000,0.1063,0.4264,0.1175,0.4696,0.2918,0.0000,0.9572,1.1882,137,39,2,17,0
speed_0041,130.4110,93.9671,71.9986,12.8713,8.7589,37,0.0328,998.8224,1115.1148,0.7921,0.6293,3.1049,0.4938,0.0667,0.7342,0.3000,1.6172,0.3002,0.0000,4.8186,2.0514,162,48,11,3,1
casual_0160,59.0901,42.5550,74.0577,2.0000,9.1953,15,0.0006,437.0197,604.4544,0.0724,0.0270,2.1271,0.2419,0.1133,0.5467,0.3112,0.5623,0.1721,0.0000,0.8690,0.8512,109,18,4,3,0
skilled_1067,241.9723,136.0891,91.3673,11.6048,4.4298,46,0.0118,323.6441,577.5255,0.2356,0.0007,2.5664,0.3733,0.0503,0.5295,0.1417,1.3817,0.3284,0.0000,1.5484,0.8862,197,64,5,12,0
casual_0956,239.8869,44.5950,149.7037,11.2588,23.4862,18,0.0000,208.9968,545.8307,0.3936,0.0132,2.5153,0.6858,0.1390,0.4553,0.1228,1.1195,0.1417,0.0000,1.6137,0.9538,76,10,8,16,0
skilled_0791,72.9457,75.1031,43.0594,7.6199,13.3645,32,0.0175,350.4789,603.8687,0.4251,0.0074,2.5179,0.4052,0.0817,0.7717,0.1387,1.0531,0.4409,0.0000,3.8602,1.4268,83,36,9,8,0
skilled_0234,245.0493,113.3583,25.8899,4.7830,8.1173,76,0.0190,262.5772,596.7384,0.4470,0.0091,2.9685,0.2482,0.0837,0.5669,0.0804,0.4252,0.4580,0.0000,3.1980,1.4599,190,87,18,0,0
casual_2869,39.7800,94.5363,90.4681,12.1259,16.8365,29,0.0248,372.6863,543.1375,0.1517,0.0015,2.1751,0.6629,0.1313,0.4497,0.3934,0.4321,0.0200,0.0000,0.9462,1.0091,138,2,6,13,0
skilled_0777,212.5168,73.1687,95.4520,16.3686,10.9616,17,0.0240,545.2419,620.0000,0.3618,0.0098,2.5274,0.2108,0.1227,0.3494,0.2052,0.9377,0.2263,0.0000,2.7451,2.2178,111,25,4,13,0
esport_0183,151.1895,126.1502,45.7876,5.0379,3.1270,37,0.0375,466.3769,580.0841,0.5787,0.0063,3.0653,0.1196,0.0731,0.5760,0.1262,1.2161,0.6531,0.0000,4.6162,2.7449,118,77,28,7,0
casual_2961,291.8443,70.8986,129.1674,10.3689,3.1858,30,0.0197,345.4493,620.0000,0.6263,0.0068,2.4288,0.6574,0.1725,0.4035,0.4017,1.2001,0.2904,0.0000,0.9980,0.6940,127,36,3,15,0
casual_2200,62.0429,22.1510,51.9153,6.1342,21.1507,20,0.0080,417.3049,585.5338,0.0855,0.0089,2.0887,0.5268,0.2271,0.2641,0.2216,0.4919,0.2601,0.0000,0.3073,0.5722,92,23,8,4,0
casual_0098,61.8616,90.0151,180.9718,39.6659,16.5163,28,0.0056,253.3080,507.2310,0.6008,0.0137,1.4950,0.8075,0.1753,0.1500,0.2580,1.2860,0.2005,0.0000,0.0000,0.0500,137,27,11,12,0
casual_2557,100.8449,61.0925,113.7891,25.6871,3.2264,44,0.0338,372.7836,494.8544,0.0328,0.0110,2.0348,0.5653,0.1758,0.3895,0.1958,0.4060,0.1559,0.0000,0.9538,0.4859,169,26,9,16,0
skilled_0183,156.4375,100.6169,55.9342,16.0836,7.5795,11,0.0149,382.9119,568.7087,0.6141,0.0060,2.2935,0.2398,0.1468,0.5783,0.1828,1.4128,0.3936,0.0000,3.3099,1.9621,32,12,12,2,0
casual_0253,96.9167,35.6615,111.4591,23.1070,13.7968,4,0.0309,334.5184,555.6776,0.4919,0.0160,2.1952,0.5741,0.1341,0.7436,0.0603,1.0392,0.0200,0.0000,0.5547,0.4055,44,0,2,9,0
skilled_0923,33.1944,79.5462,54.6307,17.1182,9.4886,51,0.0322,438.9951,620.0000,0.4991,0.0052,2.8661,0.2847,0.1515,0.8778,0.1547,1.4156,0.3167,0.0000,2.7009,1.0077,137,43,4,4,0
skilled_1199,91.5951,90.0186,115.3031,6.5891,5.4391,28,0.0233,482.8970,620.0000,0.2402,0.0082,2.1233,0.4534,0.1045,0.6746,0.0389,1.5311,0.4677,0.0000,2.5344,1.0163,87,40,14,8,0
casual_1445,183.5138,53.4646,32.6735,26.2013,8.0478,14,0.0052,450.7044,529.6869,0.4763,0.0164,2.3067,0.5605,0.1315,0.6754,0.1901,0.9809,0.0705,0.0000,1.0198,1.0534,63,4,1,8,0
casual_1648,275.0533,98.0412,146.9953,24.9517,20.2164,32,0.0227,415.0731,506.0790,0.2779,0.0087,2.1305,0.5208,0.1098,0.6882,0.2091,1.2428,0.0610,0.0000,1.0007,0.4615,173,10,6,7,0
esport_0432,217.9314,83.2315,53.5636,6.8353,5.0619,27,0.0537,481.1702,602.6889,0.9881,0.0151,2.1433,0.1656,0.0895,0.4389,0.1047,1.7115,0.4789,0.0000,5.7171,2.8495,73,34,19,4,0
esport_0473,79.6962,93.3543,28.7221,0.5000,4.9972,22,0.0135,448.3632,625.0000,0.8227,0.0141,2.4895,0.1396,0.0541,0.3792,0.0987,2.1685,0.4992,0.0000,2.0030,3.1107,66,32,9,3,0
skilled_0991,134.9406,118.7197,93.5185,9.0805,6.1015,61,0.0325,468.6172,583.1037,0.6131,0.0275,2.8249,0.2729,0.0886,0.4130,0.2724,1.0920,0.1921,0.0000,2.5362,3.1550,197,37,12,13,0
casual_1696,80.9032,33.8332,84.8472,27.4861,13.7161,17,0.0111,386.3219,551.6656,0.1905,0.0179,2.9323,0.7383,0.1785,0.5774,0.1754,1.6779,0.1454,0.0000,0.6826,0.7032,63,9,0,17,0
skilled_0191,216.6054,76.1053,28.6095,7.0571,5.4597,36,0.0000,423.5945,532.0070,0.3063,0.0224,2.1400,0.2124,0.0697,0.3332,0.1072,1.0610,0.2247,0.0000,2.2991,0.8406,179,40,3,0,0
esport_0249,233.1858,131.1535,46.1894,8.3985,2.4857,24,0.0541,485.2493,612.7386,0.7069,0.0156,2.8100,0.1739,0.0588,0.3006,0.0342,2.2895,0.5677,0.0000,2.3835,6.4127,120,68,19,8,0
casual_1154,174.1368,10.0000,68.2383,17.3692,16.8802,9,0.0247,489.4534,620.0000,0.2202,0.0019,1.3988,0.4820,0.1557,0.9311,0.1306,0.6335,0.1384,0.0000,0.7981,1.3699,37,5,4,12,0
casual_2255,170.9346,73.8563,133.0386,11.0506,7.6665,2,0.0256,343.3602,570.4404,0.1887,0.0212,2.2338,0.6483,0.1114,0.6732,0.2884,0.9003,0.2755,0.0000,1.3035,0.8762,13,3,7,8,0
casual_1682,232.3253,128.0614,66.0661,24.1110,16.8848,31,0.0131,451.3435,545.8229,0.2213,0.0377,1.6087,0.4229,0.2283,0.5525,0.1456,1.5061,0.1884,0.0000,0.0569,1.5120,153,28,0,17,0
skilled_0170,152.2017,101.2577,67.0794,9.7609,2.2524,16,0.0291,441.2557,588.4995,0.2441,0.0073,2.7453,0.3154,0.0497,0.5301,0.2232,1.5746,0.2167,0.0000,3.7098,1.4950,42,9,16,7,0
casual_2056,294.0724,98.9538,81.6150,9.1723,9.2871,10,0.0000,451.5701,586.7850,0.1020,0.0044,2.4288,0.4900,0.1638,0.6909,0.2296,0.9011,0.2173,0.0000,0.6945,0.7668,34,7,8,12,0
skilled_1090,176.7387,59.8107,97.1685,5.4507,7.3313,32,0.0026,557.3745,592.3296,0.2585,0.0057,2.2547,0.1442,0.1265,0.6568,0.1660,0.9905,0.5104,0.0000,1.6386,0.3272,71,36,4,5,0
skilled_0108,249.0166,99.3958,53.7785,9.9332,7.1959,58,0.0304,398.4614,548.8527,0.6505,0.0016,2.6461,0.2791,0.1069,0.7462,0.1029,0.9436,0.3332,0.0000,1.8119,1.5842,172,57,7,6,0
esport_0298,215.8912,168.5257,70.4031,4.5597,2.8211,13,0.0367,395.0068,605.8448,0.4625,0.0123,2.8897,0.2070,0.0395,0.3029,0.1044,1.9153,0.6502,0.0000,4.1704,0.9668,64,41,28,5,0
skilled_0723,199.1331,127.3244,15.0000,9.0836,8.6363,19,0.0237,428.1715,620.0000,0.4517,0.0073,2.4049,0.3385,0.1173,0.2165,0.1114,0.9722,0.3340,0.0000,2.9300,2.3934,90,30,6,9,0
casual_2049,120.7972,10.0961,100.3683,16.3725,13.5518,5,0.0126,342.8093,556.0375,0.4249,0.0002,2.2658,0.6031,0.1271,0.5689,0.2421,1.0566,0.0964,0.0000,1.2100,0.2301,24,2,10,5,0
skilled_0643,36.8429,108.7607,42.3063,4.6189,9.8325,25,0.0313,279.3797,620.0000,0.2248,0.0031,2.5613,0.3272,0.1747,0.6717,0.1341,1.2898,0.3219,0.0000,1.4550,0.5747,126,40,13,5,0
trigger_0002,213.1112,86.3529,41.1217,8.3592,8.2439,57,0.0034,439.4948,585.3874,0.3079,0.0104,3.0173,0.0727,0.0061,0.3794,0.0093,1.6700,0.5261,0.0000,3.8375,3.8395,80,42,37,1,1
casual_0623,155.5428,62.5959,131.4075,11.8600,9.7355,15,0.0217,577.4009,500.0418,0.1093,0.0044,2.8696,0.3617,0.2218,0.5806,0.1954,1.4135,0.1884,0.0000,2.2758,0.2590,77,14,9,14,0
casual_0262,113.7904,107.0493,93.0544,15.3256,10.6943,1,0.0152,425.0737,603.6217,0.0200,0.0011,1.9663,0.4826,0.0659,0.4312,0.2806,0.7593,0.1388,0.0000,0.0000,0.7610,18,2,11,5,0
skilled_0369,139.0369,30.0000,52.5511,17.1301,6.6686,16,0.0375,455.8300,620.0000,0.5971,0.0097,2.3851,0.2907,0.1178,0.3432,0.1937,1.5120,0.4426,0.0000,0.9368,1.3685,73,32,11,5,0
skilled_1061,224.0304,115.7820,70.1089,9.8327,9.2696,21,0.0110,526.8089,579.1183,0.2961,0.0000,2.4436,0.3937,0.0859,0.5711,0.3236,1.1652,0.3951,0.0000,2.6352,1.4776,101,39,17,3,0
casual_1802,66.4715,69.8709,51.1320,9.1959,13.2386,27,0.0225,513.5782,556.9812,0.5882,0.0105,2.0012,0.5458,0.2298,0.4143,0.3592,1.5730,0.2192,0.0000,1.6052,0.0773,123,26,1,5,0
esport_0486,69.9731,83.9528,54.0487,7.7998,10.0239,65,0.0446,503.8466,597.0628,0.7073,0.0008,2.7923,0.2041,0.0695,0.3328,0.1272,1.6134,0.5903,0.0000,3.9251,3.1608,175,103,25,3,0
trigger_0067,189.0079,77.6158,39.2365,7.0865,4.1931,38,0.0223,389.1690,579.8171,0.2195,0.0430,1.8856,0.0838,0.0052,0.5377,0.0061,2.2933,0.4856,0.0000,4.2419,7.6926,68,33,24,3,1
casual_2385,235.8079,10.0000,200.7703,15.0992,2.4716,12,0.0102,261.7848,609.4022,0.5155,0.0109,1.9488,0.6102,0.1322,0.6484,0.2524,0.7015,0.2194,0.0000,1.3584,1.3439,66,14,7,14,0
casual_1959,195.7336,31.4252,80.6519,19.2647,15.7678,23,0.0025,430.6694,544.6311,0.2633,0.0126,2.3245,0.4357,0.1290,1.0982,0.2936,0.9887,0.1268,0.0000,0.7403,0.7909,128,16,8,5,0
casual_2976,206.5545,117.8338,20.0000,15.6934,17.7155,48,0.0359,473.3575,575.9263,0.2481,0.0136,1.9965,0.2000,0.0967,0.2645,0.1716,0.6079,0.0889,0.0000,0.5627,1.1988,149,13,6,15,0
casual_0488,184.5636,65.9633,132.0447,15.0676,14.6288,15,0.0031,325.2979,535.5522,0.4471,0.0056,2.8116,0.6743,0.1835,0.5951,0.1030,1.5401,0.1783,0.0000,1.6007,0.6462,81,14,10,16,0
casual_1843,284.0906,40.2492,227.5817,13.5865,1.0000,25,0.0192,455.1741,554.8824,0.2003,0.0064,2.3845,0.4327,0.1158,0.9051,0.1982,1.1007,0.1704,0.0000,0.8703,0.4888,133,22,6,13,0
casual_1734,263.9844,97.8335,65.2743,13.9342,1.0000,12,0.0182,339.3162,523.6201,0.5313,0.0055,1.2033,0.2939,0.2184,0.9484,0.0301,0.8981,0.1398,0.0000,0.9277,0.7985,87,12,0,12,0
casual_2911,70.2797,120.3676,164.7734,26.5217,10.4429,31,0.0313,432.9883,561.1977,0.2074,0.0103,2.1480,1.1455,0.2798,0.3969,0.3382,0.5307,0.1464,0.0000,1.3901,1.3218,136,19,8,1,0
skilled_0219,181.0055,72.1398,98.7707,18.3663,8.2242,50,0.0281,418.3878,586.9174,0.5424,0.0022,2.5972,0.1466,0.1147,0.1000,0.1748,1.6080,0.3505,0.0000,3.1896,1.5461,186,65,16,4,0
casual_0146,119.5236,106.6810,27.5379,11.8544,21.7442,30,0.0080,443.2635,499.0490,0.2373,0.0026,2.5012,0.6565,0.0400,0.4639,0.0995,0.8433,0.0522,0.0000,0.9519,0.9385,159,8,0,16,0
casual_1986,99.6314,104.0477,213.4806,26.6870,8.7351,17,0.0244,509.1572,557.2131,0.0240,0.0002,2.4523,0.2254,0.1612,0.6738,0.3330,0.5540,0.3897,0.0000,0.4702,0.0500,138,53,5,7,0
casual_1369,122.9181,44.7174,72.2414,5.7956,24.6317,9,0.0000,276.6231,558.4624,0.4866,0.0121,2.9080,0.5290,0.1920,0.5588,0.3153,0.2854,0.1657,0.0000,1.3615,0.8571,100,16,9,2,0
casual_2811,265.7748,88.2252,60.9509,2.0000,22.7862,20,0.0411,278.7143,513.7573,0.2465,0.0041,2.4638,0.5896,0.0843,0.4895,0.1982,0.9806,0.1655,0.0000,0.9131,1.3126,125,20,2,14,0
casual_0659,137.1738,133.0347,139.3162,22.2699,20.5618,25,0.0011,379.8987,606.5230,0.4761,0.0038,2.4026,0.6187,0.2601,0.4226,0.1474,0.9971,0.0738,0.0000,1.2307,0.5168,81,5,3,15,0
casual_1794,275.6451,32.9821,174.4819,16.8999,12.9256,9,0.0040,458.7075,509.1505,0.1628,0.0046,2.0165,0.6940,0.0687,0.5185,0.2252,1.0829,0.3027,0.0000,1.5138,0.3638,36,10,9,12,0
casual_2511,143.3366,110.6607,135.4397,6.6965,14.9980,31,0.0016,435.0375,587.1424,0.2387,0.0013,2.1560,0.5171,0.1562,0.6674,0.2513,0.5304,0.4173,0.0000,0.1195,0.7285,145,60,2,5,0
skilled_0397,142.1779,40.7543,80.9763,7.9524,7.8450,18,0.0178,462.1444,544.7504,0.4965,0.0363,2.4210,0.3793,0.0904,0.2477,0.2079,1.8819,0.2910,0.0000,0.2631,1.4760,111,32,17,12,0
esport_0032,125.7868,135.7946,46.3431,8.8922,3.5915,25,0.0337,530.7983,613.6742,0.2194,0.0114,3.1851,0.1694,0.0417,0.2932,0.0885,2.2917,0.7076,0.0000,3.8612,2.5251,95,67,18,6,0
casual_1147,246.3751,108.7687,161.3726,4.0357,25.6288,15,0.0137,353.2633,511.0489,0.4012,0.0068,2.2794,0.6342,0.2383,0.4898,0.2082,1.1562,0.3342,0.0000,0.8691,1.0689,97,32,5,16,0
skilled_0272,185.9379,112.1180,37.0071,9.7125,14.7543,43,0.0130,385.7155,575.0249,0.3207,0.0057,2.7385,0.4616,0.0481,0.4194,0.1743,1.1192,0.3683,0.0000,1.4926,2.0949,172,63,5,10,0
casual_0608,227.7516,82.3201,132.4939,12.3519,17.1922,23,0.0000,234.7227,578.9194,0.5870,0.0003,2.6444,0.4335,0.1800,0.5639,0.2432,0.2596,0.3090,0.0000,0.1869,0.9204,103,31,5,4,0
skilled_0582,138.9653,105.2690,76.4323,8.8710,1.8071,21,0.0214,422.4967,601.2346,0.4229,0.0002,2.4477,0.2590,0.0664,0.6655,0.2233,1.6251,0.1963,0.0000,1.9118,3.2408,82,16,7,8,0
casual_1930,203.8825,87.7931,81.9836,28.7039,17.3480,8,0.0203,600.0000,550.1421,0.4657,0.0092,2.7522,0.5749,0.1447,0.9101,0.1904,0.5308,0.3544,0.0000,0.8096,0.2989,135,47,5,7,0
casual_0197,266.1318,93.3946,92.9110,18.8324,10.6925,23,0.0228,460.4241,620.0000,0.4131,0.0119,2.8362,0.5265,0.1724,0.7815,0.1230,0.9550,0.2546,0.0000,1.7098,1.3848,87,22,9,2,0
casual_2931,86.0620,48.7365,202.3703,23.4523,8.6470,17,0.0000,413.7552,588.1285,0.5034,0.0055,2.0136,0.5677,0.1402,0.2214,0.0937,1.5178,0.0958,0.0000,0.0246,0.5858,90,8,5,15,0
casual_2327,83.4918,88.3120,22.2961,13.4439,11.3268,18,0.0320,415.1614,546.3517,0.5890,0.0049,2.4713,0.5827,0.2350,0.6501,0.2052,0.2061,0.3088,0.0000,1.0368,1.2409,96,29,2,12,0
esport_0139,235.6894,154.0105,68.5682,5.7708,2.7544,41,0.0389,549.8432,618.3432,0.6603,0.0140,2.9546,0.1385,0.0647,0.4453,0.1531,2.6618,0.6485,0.0000,3.1191,1.2189,119,77,11,4,0
casual_0766,80.8469,27.0631,147.4840,33.4696,9.7761,23,0.0203,443.1019,503.8665,0.4183,0.0127,1.9676,0.7958,0.1607,0.6182,0.0300,0.7491,0.3461,0.0000,2.0543,0.9963,111,38,2,4,0
esport_0246,159.0253,129.7243,38.1790,5.6145,5.2146,37,0.0075,438.2893,598.3997,0.5452,0.0137,2.5410,0.0976,0.0566,0.4926,0.2410,1.6840,0.4719,0.0000,3.3924,7.6591,103,48,21,7,0
skilled_1218,227.7536,91.6655,71.5890,8.9108,9.0584,26,0.0356,362.0418,590.5647,0.1880,0.0255,2.2686,0.2519,0.0300,0.7060,0.1708,1.7150,0.3516,0.0000,2.4310,1.1021,104,36,14,8,0
skilled_0255,126.6112,90.6974,51.2511,14.3677,8.0730,40,0.0212,337.2963,572.8520,0.4616,0.0025,2.6920,0.1680,0.0704,0.3583,0.2322,0.9174,0.3336,0.0000,1.9892,1.7481,117,39,3,10,0
casual_0202,165.2001,30.6275,98.9752,16.3974,7.2569,16,0.0326,321.6869,544.4449,0.0802,0.0400,2.4361,0.7787,0.1101,0.7644,0.1945,1.7332,0.1508,0.0000,1.5991,1.1115,108,16,2,15,0
skilled_0510,274.5844,78.9649,83.6649,12.8652,3.4248,24,0.0226,503.9654,589.8674,0.4402,0.0253,2.7929,0.2532,0.1229,0.6539,0.1448,1.3630,0.4638,0.0000,2.2969,1.4293,109,50,10,13,0
casual_1733,99.5554,115.6516,93.3602,10.8921,9.7013,7,0.0109,304.6199,597.0448,0.3377,0.0306,2.7957,0.5308,0.2602,0.5526,0.3369,0.5724,0.1300,0.0000,0.5971,0.3866,170,22,1,10,0
casual_2777,168.7930,100.3514,32.7302,17.2297,12.9270,25,0.0343,405.0704,551.4232,0.5491,0.0049,2.6133,0.3386,0.1526,1.0777,0.1636,0.7122,0.1191,0.0000,2.4292,0.7879,84,10,6,2,0
casual_1707,141.3412,123.1834,82.2966,20.2337,7.9115,1,0.0124,475.9109,560.9730,0.4646,0.0040,2.3855,0.5570,0.0989,0.3677,0.2317,0.7301,0.0987,0.0000,0.0000,0.7683,11,1,8,3,0
skilled_0474,63.1441,116.4073,83.2917,16.4860,5.3715,56,0.0475,357.0572,587.7075,0.3794,0.0056,2.0497,0.3386,0.1461,0.4747,0.2883,0.7643,0.2173,0.0000,0.2000,2.2602,175,38,11,8,0
casual_0854,87.2798,71.4918,67.7017,19.7751,11.5401,29,0.0098,470.7293,555.3453,0.5593,0.0008,1.9698,0.5220,0.0944,0.9001,0.2264,0.8683,0.0200,0.0000,0.5410,0.4893,91,1,3,3,0
esport_0487,126.4413,149.5934,15.0000,10.1059,4.3783,34,0.0000,420.7997,603.5487,0.2616,0.0086,3.0218,0.1442,0.0200,0.3334,0.1346,2.3037,0.4063,0.0000,3.7367,4.8092,76,30,14,4,0
skilled_1097,39.9451,89.4321,87.9244,10.8027,8.8362,26,0.0033,330.5647,612.3451,0.2959,0.0001,2.4882,0.3610,0.1384,0.8179,0.0200,0.9422,0.2397,0.0000,2.5199,0.3901,131,31,8,3,0
casual_2160,151.0183,69.9591,104.9836,3.8373,12.0250,15,0.0137,356.9411,620.0000,0.5492,0.0074,2.0495,0.3109,0.1025,0.5053,0.1848,0.1000,0.2405,0.0000,0.7507,0.7165,87,20,10,6,0
casual_0698,206.4286,111.6710,82.0973,33.1639,23.2048,3,0.0007,287.3794,620.0000,0.3896,0.0018,2.4222,0.5517,0.1565,0.5671,0.3567,0.5814,0.2648,0.0000,1.0326,1.0142,26,6,9,7,0
trigger_0022,97.5611,82.0418,37.7013,7.1711,4.9499,40,0.0182,471.9142,557.0140,0.4990,0.0052,2.4011,0.1178,0.0054,0.4602,0.0043,1.5466,0.3995,0.0000,3.5958,5.8457,97,38,32,6,1
casual_2999,56.4816,61.4557,50.3257,12.8885,7.1044,46,0.0023,350.3465,493.7309,0.4703,0.0065,2.5068,0.4609,0.1351,0.6079,0.1847,0.1000,0.1598,0.0000,0.8988,0.6239,179,28,4,17,0
skilled_0696,218.3716,97.4613,97.6519,5.9401,10.9109,55,0.0129,466.1644,586.5620,0.3272,0.0007,2.5878,0.3471,0.1302,0.5781,0.1818,1.4716,0.5024,0.0000,1.8897,1.6132,174,87,8,1,0
casual_1636,138.9057,85.6075,127.7196,24.0389,23.0153,3,0.0091,239.3765,617.9787,0.3360,0.0206,2.5531,0.8005,0.2004,0.5199,0.0648,0.7325,0.0385,0.0000,1.9183,1.0573,14,0,5,6,0
skilled_0457,171.2743,96.0048,85.5411,5.1322,9.1672,21,0.0234,563.5746,582.8681,0.2726,0.0203,2.8171,0.4007,0.1056,0.4039,0.2138,1.2861,0.2887,0.0000,2.2803,2.1073,101,29,5,1,0
skilled_0581,231.8120,95.4053,178.7232,18.3994,2.4130,49,0.0110,445.8517,595.3987,0.4043,0.0500,3.0282,0.3116,0.0614,0.4559,0.1182,0.5277,0.2970,0.0000,2.1639,0.2448,170,50,4,11,0
casual_1291,207.8634,45.8729,60.6441,15.0498,19.8276,13,0.0085,287.5007,605.1423,0.2849,0.0029,1.5239,0.3893,0.1010,0.5297,0.1730,0.6081,0.1213,0.0000,0.5256,0.9648,116,14,7,6,0
esport_0409,66.4064,116.8824,21.8243,2.4502,3.2720,53,0.0267,507.7242,603.1297,0.6572,0.0061,2.5263,0.1188,0.0377,0.3484,0.0300,1.9869,0.5280,0.0000,3.3455,2.7845,180,95,21,0,0
casual_1853,234.1451,23.8339,89.0005,14.3974,7.4931,15,0.0000,486.2394,574.9261,0.3556,0.0096,1.1189,0.3979,0.1091,0.7002,0.1072,1.2075,0.3038,0.0000,1.2732,0.5145,92,27,1,11,0
skilled_0763,111.2742,104.0550,127.4581,9.9521,6.2301,7,0.0058,492.6780,584.5276,0.3555,0.0229,2.8044,0.2148,0.1013,0.4832,0.1441,1.3511,0.3785,0.0000,3.3518,2.1519,32,12,7,10,0
skilled_0304,254.1894,136.3164,98.9989,1.0000,5.7009,25,0.0335,307.9522,570.6212,0.6019,0.0141,2.9350,0.4066,0.1144,0.6305,0.1663,1.3869,0.3100,0.0000,1.7052,3.4861,109,33,16,9,0
speed_0062,61.7489,65.2871,194.4127,12.1638,12.6462,13,0.0236,655.2287,1396.3275,0.8253,0.4516,2.2813,0.6482,0.1138,0.8372,0.0785,1.5303,0.3746,0.0000,3.9613,2.9347,103,38,19,6,1
skilled_0743,169.3197,94.0788,72.7572,20.4225,7.2867,47,0.0000,373.0716,620.0000,0.4507,0.0105,1.6442,0.2012,0.1012,0.1988,0.1055,1.1801,0.3380,0.0000,1.9781,1.4281,160,54,11,6,0
skilled_0445,214.8663,115.6386,102.2491,8.5420,8.9981,56,0.0290,491.3126,582.3493,0.4172,0.0391,2.7360,0.2501,0.1593,0.4321,0.0901,1.1470,0.6117,0.0000,1.7610,0.9929,151,92,18,7,0
casual_1998,258.3388,38.1041,20.0000,24.6091,16.5675,33,0.0167,531.9002,499.9450,0.1229,0.0000,2.7344,0.2000,0.0789,0.5366,0.2079,1.2546,0.0441,0.0000,1.2186,1.1536,172,7,11,12,0
casual_0663,52.8991,55.0356,88.2310,32.3510,10.9300,10,0.0203,483.7913,609.0748,0.3823,0.0226,2.3809,0.5241,0.1207,0.6870,0.2757,0.9954,0.0975,0.0000,0.0000,0.3741,103,10,9,9,0
aimbot_0029,127.7689,162.6592,10.7737,2.6114,0.6299,86,0.0724,354.2195,542.1976,0.3409,0.0102,2.9238,0.0518,0.0031,0.4915,0.0801,2.0165,0.8153,0.0000,4.4334,7.2908,106,86,32,2,1
skilled_0748,80.9809,121.4804,93.9073,12.1090,6.9568,25,0.0000,407.8875,620.0000,0.3886,0.0085,2.1928,0.1375,0.0822,0.5471,0.0800,1.7004,0.5586,0.0000,3.1937,0.1596,90,50,16,13,0
esport_0163,246.0256,136.4857,25.3855,10.1969,1.6672,85,0.0399,350.3988,591.3827,0.6563,0.0040,2.7810,0.1956,0.0803,0.4209,0.0696,1.2570,0.6473,0.0000,3.4935,2.3537,193,124,30,3,0
esport_0494,271.9777,106.6331,75.4441,6.4150,7.8168,10,0.0453,468.1879,619.0723,0.7971,0.0099,3.2163,0.2052,0.0743,0.3781,0.1375,1.6998,0.7800,0.0000,3.1772,3.5708,53,41,9,9,0
casual_0709,158.5895,66.8388,71.6501,12.8998,16.4871,3,0.0000,333.7505,501.6014,0.2513,0.0004,2.4014,0.4263,0.2001,1.1297,0.1950,0.8087,0.1783,0.0000,0.7584,1.2844,26,4,0,11,0
casual_1282,146.5101,118.2941,26.0434,13.6687,18.2563,17,0.0098,282.8110,541.0262,0.3138,0.0012,1.4879,0.5050,0.1279,0.3119,0.1624,0.9042,0.0250,0.0000,0.7148,0.7732,138,3,0,11,0
casual_2675,165.2655,78.0310,82.7318,23.1991,13.9926,25,0.0229,244.1302,576.0907,0.2373,0.0032,2.3816,0.5650,0.1985,0.8576,0.0988,0.9651,0.3165,0.0000,0.9654,1.2895,131,41,7,7,0
skilled_1029,111.2564,82.6780,65.8157,6.8253,6.3823,21,0.0272,455.6231,606.6515,0.3015,0.0178,2.5590,0.4171,0.1420,0.4175,0.1058,0.8540,0.3678,0.0000,2.7025,1.7254,60,22,17,4,0
casual_1306,191.2965,92.4275,85.5168,24.7342,3.5846,4,0.0275,499.9396,620.0000,0.2419,0.0018,2.5084,0.6969,0.2126,0.6578,0.1131,0.8700,0.1783,0.0000,0.0430,0.7571,16,2,7,1,0
casual_2237,116.4435,95.4239,65.6500,27.8285,20.6027,10,0.0040,528.0523,543.1869,0.3592,0.0015,2.9450,0.4161,0.1950,0.5982,0.1373,0.3120,0.1945,0.0000,0.9332,1.1622,55,10,9,1,0
skilled_0302,93.3685,123.1637,81.6402,11.7060,5.5718,42,0.0267,450.8310,597.6609,0.3113,0.0173,2.9166,0.1227,0.1129,0.3200,0.2034,1.4443,0.4074,0.0000,2.8551,1.1971,167,68,11,8,0
casual_2038,192.3706,20.5272,123.0425,2.0000,21.6133,29,0.0212,264.5667,620.0000,0.5455,0.0400,2.8152,0.4489,0.2719,0.7707,0.1775,0.6940,0.2398,0.0000,1.5501,0.7565,111,26,4,16,0
casual_1529,103.8260,108.0214,152.4634,27.3629,21.5163,5,0.0128,290.6604,566.3918,0.2368,0.0139,2.4596,0.3676,0.0868,0.2888,0.1456,1.4682,0.2227,0.0000,2.0427,0.5238,56,12,7,4,0
casual_1663,86.9523,57.4118,99.3123,20.6987,9.5893,38,0.0183,221.0482,595.9915,0.2693,0.0114,2.1898,0.5126,0.0400,0.6439,0.2714,0.1000,0.2717,0.0000,1.2138,0.1826,137,37,5,6,0
trigger_0009,36.9725,70.6130,42.9136,7.3260,7.1021,72,0.0229,513.0157,542.7472,0.3928,0.0296,1.9077,0.1264,0.0040,0.4513,0.0073,2.0919,0.5037,0.0000,4.6251,3.3740,108,54,22,4,1
trigger_0028,181.4654,121.4555,28.4537,9.6471,3.1278,21,0.0281,420.7383,545.4196,0.7081,0.0000,2.7938,0.0762,0.0064,0.5009,0.0036,1.7657,0.6880,0.0000,4.9332,3.9234,40,27,18,6,1
skilled_0627,165.8496,117.3860,135.6295,7.0999,9.4902,35,0.0205,398.4922,608.6655,0.3582,0.0085,1.7200,0.5584,0.1219,0.5605,0.1995,1.6806,0.4555,0.0000,2.8249,1.5143,126,57,5,9,0
casual_2693,296.4750,84.0810,71.3762,15.2935,8.3450,6,0.0163,385.2477,547.4498,0.2949,0.0131,1.7898,0.5186,0.1041,0.6318,0.1674,0.7865,0.1757,0.0000,1.7357,1.0814,26,4,8,12,0
skilled_0060,95.2964,102.7163,76.9703,9.7289,7.6977,13,0.0191,410.1293,595.1701,0.7589,0.0299,2.7871,0.3744,0.0849,0.2806,0.2584,1.8100,0.2053,0.0000,2.4114,2.2183,45,9,17,5,0
casual_1597,77.3748,101.8005,84.1485,28.0880,13.9734,34,0.0246,400.8866,546.2336,0.0443,0.0002,2.6339,0.6796,0.1346,0.5230,0.1361,0.9141,0.1110,0.0000,0.6083,0.4561,173,19,2,5,0
casual_2729,271.0843,60.7480,109.4061,14.4479,9.3767,10,0.0314,284.1141,534.8312,0.4066,0.0117,2.3009,0.6701,0.1959,0.7818,0.3211,1.1710,0.2227,0.0000,1.3308,1.0473,52,11,7,5,0
casual_2625,144.0737,49.7282,93.5226,18.1660,10.1539,11,0.0372,509.4266,511.1685,0.4198,0.0136,1.9369,0.3494,0.2400,0.5033,0.2739,1.0865,0.2868,0.0000,1.2544,0.7673,88,25,9,1,0
skilled_0157,119.6183,66.6088,87.3208,15.9609,3.4247,38,0.0221,411.7800,602.5330,0.4065,0.0087,2.5317,0.2760,0.0664,0.2469,0.2327,1.4339,0.4090,0.0000,1.7829,2.4426,150,61,10,10,0
skilled_0314,190.9894,94.0843,47.9783,13.5390,9.3748,10,0.0081,410.1610,586.1656,0.5015,0.0093,2.5498,0.3303,0.0694,0.5532,0.2953,1.1440,0.2120,0.0000,3.6403,2.9799,22,4,11,0,0
casual_1722,222.2178,67.0662,72.5256,30.5731,11.8639,28,0.0005,391.7980,534.1761,0.2024,0.0040,2.0855,0.2131,0.1152,0.6864,0.1915,1.0773,0.1757,0.0000,0.5020,0.5419,143,25,4,17,0
casual_1059,219.3756,59.3277,86.1323,13.2432,12.8698,4,0.0051,449.5843,603.4052,0.3637,0.0053,3.0817,0.5918,0.0889,0.1500,0.3921,0.5344,0.2116,0.0000,0.5165,1.6077,23,4,9,6,0
esport_0386,201.0735,168.6359,43.7907,7.1190,5.2147,58,0.0432,501.0518,586.1112,0.5434,0.0400,2.0274,0.2329,0.0618,0.2818,0.0300,2.3779,0.4437,0.0000,4.0127,5.5828,181,80,34,6,0
skilled_0242,246.5563,82.7016,89.9858,16.9041,11.4244,45,0.0202,407.9089,582.3246,0.4531,0.0098,2.1051,0.3571,0.0909,0.6453,0.1146,0.5832,0.3321,0.0000,1.5809,1.5876,193,64,13,11,0
casual_1678,266.7031,139.6845,79.7447,2.3872,1.0000,15,0.0000,503.0587,602.0699,0.1479,0.0047,2.6197,0.7434,0.2051,0.8767,0.3209,0.7086,0.0200,0.0000,0.8656,0.7261,100,2,10,13,0
casual_1757,292.5335,108.7506,112.3427,29.2542,11.6483,25,0.0000,337.4802,563.7829,0.2585,0.0117,2.7211,0.5082,0.1119,0.7980,0.2504,0.9766,0.3622,0.0000,1.5372,1.4506,105,38,11,9,0
skilled_1191,67.2687,119.1413,81.4124,10.8623,3.5262,49,0.0237,304.8663,556.6163,0.7323,0.0083,2.2312,0.2746,0.0705,0.1737,0.2044,0.9954,0.1087,0.0000,1.8052,1.4552,135,14,18,5,0
casual_0563,202.1489,105.1217,97.9627,15.7616,9.3130,4,0.0176,324.1162,594.2719,0.4582,0.0054,2.5599,0.4247,0.1646,0.4116,0.0300,1.2877,0.1347,0.0000,0.9437,0.7096,26,3,4,2,0
casual_2790,255.6830,181.2953,83.8056,9.1262,13.1666,16,0.0101,485.1870,544.7908,0.2906,0.0007,1.7047,0.2000,0.1372,0.5534,0.1944,1.2615,0.1661,0.0000,0.6959,0.4993,104,17,4,9,0
casual_0863,183.8821,11.9141,82.5757,23.2183,9.4447,18,0.0039,296.3796,591.8261,0.2573,0.0400,2.0004,0.4223,0.0824,0.2647,0.0628,0.7290,0.2629,0.0000,0.9706,0.1746,63,16,9,4,0
casual_1484,202.1544,80.8993,62.3833,15.0623,12.4185,28,0.0115,302.3344,478.2956,0.2642,0.0041,2.3965,0.5675,0.1199,0.3910,0.2538,1.1798,0.0759,0.0000,1.9875,1.2760,135,10,1,5,0
casual_0206,65.5920,139.0269,172.3856,2.0000,1.0000,28,0.0032,275.6088,578.9186,0.4010,0.0361,2.0478,0.5801,0.2384,0.3758,0.1958,0.8917,0.1614,0.0000,1.3288,0.5101,148,23,11,4,0
esport_0238,66.2715,149.8548,63.0100,0.5000,2.4362,40,0.0160,413.6252,614.8706,0.5275,0.0040,2.1864,0.2137,0.0648,0.5989,0.1928,2.6754,0.4510,0.0000,2.2519,2.7837,117,52,33,3,0
casual_0870,230.7721,80.5390,130.5790,2.0000,12.0571,26,0.0335,343.3310,602.5052,0.4412,0.0211,2.1713,0.3917,0.1555,0.7551,0.0388,0.5648,0.2828,0.0000,0.3956,1.1104,110,31,5,17,0
esport_0243,209.4937,119.6241,40.2860,3.3809,1.7844,107,0.0452,382.2589,613.9848,0.3611,0.0400,2.2994,0.1644,0.0661,0.5838,0.1502,1.6729,0.6255,0.0000,3.4078,5.0289,187,116,7,5,0
casual_0502,278.6854,88.4171,110.2829,10.9531,7.9319,11,0.0236,414.3811,513.7513,0.3457,0.0008,1.6830,0.6390,0.1213,1.0046,0.1050,0.1770,0.2981,0.0000,1.1033,1.0905,56,16,3,3,0
casual_1028,229.3979,116.9089,186.1545,15.5216,9.1911,48,0.0000,372.2389,573.3610,0.3209,0.0027,1.6369,0.5105,0.1709,0.6136,0.0870,0.9764,0.2128,0.0000,1.3108,0.8528,175,37,4,1,0
skilled_0840,91.0786,83.0239,72.3039,4.9748,1.0207,36,0.0184,489.5488,583.8840,0.3840,0.0001,2.2559,0.4806,0.1663,0.4480,0.2612,2.1683,0.2886,0.0000,1.6654,0.1058,159,45,5,7,0
casual_2690,286.1345,10.9733,140.8115,29.1878,16.2857,34,0.0283,448.8810,576.5800,0.5680,0.0039,2.7698,0.7112,0.1140,0.2084,0.3228,1.2842,0.1410,0.0000,0.6764,0.5663,163,22,10,2,0
casual_1570,139.9878,97.8930,97.2693,15.4991,12.9819,42,0.0135,463.5934,512.4083,0.3662,0.0099,2.5055,0.7450,0.1409,0.9498,0.1941,1.3146,0.2017,0.0000,1.1661,0.7954,172,34,10,14,0
casual_2773,43.1964,105.4485,89.1991,10.5230,16.1017,2,0.0230,377.9793,603.5099,0.3155,0.0192,1.9335,0.6902,0.1290,0.4984,0.3601,0.9553,0.2825,0.0000,0.7715,1.0808,19,5,5,12,0
casual_2731,110.6649,105.0711,130.2375,5.8605,23.6283,7,0.0012,411.2374,508.8061,0.5289,0.0061,2.3469,0.6157,0.1855,0.5440,0.1402,0.7532,0.4705,0.0000,1.6787,2.0127,36,16,1,10,0
casual_0804,64.0271,124.0557,150.4025,13.5420,7.6177,10,0.0128,421.0955,483.5054,0.3124,0.0282,3.3257,0.3747,0.1369,0.5422,0.2006,1.3304,0.2173,0.0000,1.6450,0.9843,44,9,7,17,0
skilled_0645,129.2741,98.3674,50.4409,10.6366,4.8836,36,0.0232,344.5345,592.6631,0.4867,0.0170,2.5677,0.2980,0.1413,0.1115,0.2396,2.2913,0.4103,0.0000,1.4292,1.8236,175,71,18,7,0
casual_2454,198.6854,60.7573,178.2885,10.7585,6.9406,39,0.0000,197.2009,620.0000,0.4512,0.0037,2.0869,0.5955,0.1219,1.2291,0.1926,0.8456,0.2678,0.0000,0.0000,0.4364,160,42,1,5,0
esport_0348,217.1270,98.2865,30.1483,2.0807,3.4834,14,0.0393,406.5251,600.3807,0.3013,0.0091,1.9342,0.2453,0.0466,0.5631,0.1655,1.7981,0.7235,0.0000,2.4057,3.4132,47,34,24,2,0
skilled_0104,154.5696,130.8647,41.3655,16.8713,8.8635,53,0.0309,531.2270,613.0051,0.4065,0.0069,2.0595,0.2342,0.0984,0.3377,0.1681,1.5443,0.5536,0.0000,2.6894,2.8325,184,101,5,8,0
speed_0025,84.9735,113.4269,39.3091,6.0390,1.5025,17,0.0159,857.9584,1691.5267,0.4776,0.7220,3.1829,0.5156,0.0643,0.1000,0.1805,1.7142,0.2986,0.0000,4.1351,4.8314,118,35,26,5,1
casual_0200,239.8993,48.1739,26.4892,23.7326,8.9657,20,0.0016,281.2760,468.7045,0.3734,0.0037,2.3568,0.6110,0.1057,0.4859,0.2738,0.2935,0.1138,0.0000,1.2562,1.0985,88,10,8,12,0
skilled_0099,221.6578,54.8831,63.7887,13.5629,9.1327,17,0.0035,234.9224,620.0000,0.2685,0.0191,2.3072,0.2845,0.0502,0.7065,0.1964,1.6286,0.3144,0.0000,1.5091,1.0341,67,21,16,11,0
casual_2278,262.2934,95.9078,92.4162,23.7337,5.5085,36,0.0138,409.5402,543.3476,0.3845,0.0030,2.6222,0.6860,0.1440,0.5836,0.1856,1.1429,0.1934,0.0000,0.4453,0.0500,122,23,4,10,0
skilled_0561,124.4787,81.7406,15.0000,19.2844,12.0440,51,0.0205,470.0343,620.0000,0.6177,0.0030,2.9568,0.1995,0.0643,0.5666,0.1830,1.4067,0.4003,0.0000,1.8940,1.3758,142,56,13,7,0
esport_0224,150.3435,104.0497,24.8322,5.5632,4.4509,93,0.0149,433.7563,571.6105,0.7420,0.0028,2.6765,0.2219,0.0461,0.4740,0.1493,1.9562,0.5331,0.0000,4.0337,3.4777,188,100,27,8,0
esport_0264,173.8872,104.2198,92.7400,0.8863,4.6527,60,0.0464,356.4041,611.7232,0.5320,0.0295,3.1031,0.0814,0.0537,0.4225,0.1293,2.2735,0.5652,0.0000,4.3546,2.5598,188,106,26,0,0
casual_0391,62.9189,101.8536,113.9910,37.5311,15.3463,32,0.0144,292.3496,577.0331,0.2444,0.0009,2.5126,0.3060,0.2185,0.6710,0.1993,1.4033,0.2293,0.0000,0.0640,1.3564,136,31,3,16,0
casual_1495,202.2429,63.3940,91.6701,23.5872,22.2593,30,0.0156,391.2235,528.2336,0.4404,0.0048,2.4489,0.7621,0.1289,0.2993,0.2353,0.9253,0.2767,0.0000,1.1915,0.4361,145,40,4,3,0
casual_2695,74.7838,93.5908,90.7206,7.5913,1.0000,33,0.0247,327.2791,565.1692,0.3741,0.0017,1.9286,0.5558,0.2033,0.7716,0.0670,0.6952,0.4204,0.0000,1.0380,0.9009,151,63,7,4,0
casual_2027,132.0162,46.7828,20.0000,2.0000,16.8246,28,0.0051,404.6942,518.3194,0.5040,0.0028,2.7481,0.3918,0.1536,0.5165,0.1199,1.0685,0.0200,0.0000,1.9852,0.8309,126,2,3,6,0
casual_2568,206.8489,10.0000,110.4859,22.3580,4.4185,11,0.0347,346.8954,551.8189,0.4881,0.0104,2.5464,0.6124,0.0444,0.9353,0.2377,0.7175,0.2293,0.0000,1.5070,0.8014,67,15,2,13,0
casual_0064,201.3739,151.5859,180.6720,3.5821,17.0249,6,0.0004,394.6912,518.6113,0.0550,0.0291,2.4684,0.8356,0.1626,0.6463,0.1535,1.0589,0.2803,0.0000,1.0962,0.6380,32,8,0,14,0
skilled_0884,273.9543,152.4900,118.7288,10.4962,3.5246,11,0.0107,515.2080,529.8427,0.3367,0.0056,2.7363,0.4198,0.1642,0.4900,0.2136,1.6227,0.4034,0.0000,0.5279,1.9990,88,35,2,5,0
casual_2062,166.0973,107.7117,74.7129,22.7485,15.0478,31,0.0136,538.8346,591.0532,0.4050,0.0183,2.2680,0.5326,0.1296,0.2878,0.3182,1.0329,0.1810,0.0000,0.2362,0.8727,113,20,7,5,0
casual_0492,206.1569,83.1340,174.3019,36.1630,13.0207,38,0.0059,452.0791,545.6144,0.3083,0.0043,2.5314,0.4372,0.1719,0.7307,0.1432,1.1795,0.2619,0.0000,1.8207,0.6367,122,31,5,9,0
casual_0379,227.0151,63.9039,103.9114,8.8170,19.3223,22,0.0064,563.0736,596.9074,0.3453,0.0005,2.2157,0.3650,0.0401,0.8361,0.2805,1.3054,0.0967,0.0000,2.0482,1.5762,132,12,6,11,0
speed_0009,147.0606,15.0000,34.9191,17.9618,7.7211,8,0.0247,625.6714,762.1803,0.6472,0.4578,3.2352,0.5335,0.1179,0.2334,0.1015,0.7971,0.4811,0.0000,3.7885,5.8815,54,25,21,5,1
skilled_0993,147.5462,128.0892,112.0272,1.2191,5.4318,21,0.0369,489.6277,600.3221,0.6586,0.0105,2.3998,0.2311,0.1434,0.6585,0.1264,1.2915,0.3149,0.0000,1.4049,1.1214,59,18,15,11,0
speed_0037,154.2960,17.8931,134.1834,13.0975,10.7199,21,0.0402,868.4371,1260.4981,0.3345,0.4641,2.6376,0.3225,0.0962,0.7575,0.1566,1.8283,0.3153,0.0000,2.8577,3.3901,73,23,23,1,1
casual_1076,177.0281,110.8201,91.2174,24.9272,6.6360,7,0.0081,509.6547,564.8825,0.5654,0.0116,2.9418,0.7261,0.1757,0.5754,0.3141,0.9354,0.1686,0.0000,1.4107,0.9538,26,4,3,2,0
casual_0878,194.3601,59.3296,76.9003,4.4876,16.4947,25,0.0200,404.4226,487.2972,0.0200,0.0045,2.6435,0.8184,0.2098,0.7499,0.3428,1.2004,0.0721,0.0000,1.9579,0.5004,162,11,5,5,0
casual_0337,225.9432,107.8508,118.6720,17.3365,10.6314,17,0.0009,268.9691,534.0659,0.5018,0.0139,2.1827,0.5920,0.1516,0.8579,0.2226,0.9986,0.2881,0.0000,1.8276,0.7386,69,19,3,16,0
casual_1016,213.0854,68.5967,138.3387,13.9383,14.8388,21,0.0258,285.7194,568.1836,0.2341,0.0017,2.2244,0.5467,0.1741,0.9496,0.1436,0.2438,0.1641,0.0000,1.9129,0.5813,122,20,10,17,0
casual_1275,116.6931,109.2745,65.3348,16.7243,2.2506,16,0.0252,433.6217,575.1291,0.3334,0.0076,2.0184,0.3130,0.1000,0.5486,0.3122,0.5012,0.0578,0.0000,0.4533,0.7139,85,4,10,5,0
skilled_0798,139.4759,109.7136,83.9028,1.5515,7.7993,64,0.0221,428.0559,609.8030,0.5747,0.0069,2.9608,0.2369,0.0727,0.6385,0.2040,0.5219,0.3637,0.0000,2.1751,1.4941,191,69,12,11,0
esport_0301,164.6119,142.2150,42.4657,2.9591,5.7698,60,0.1057,400.8745,605.0612,0.6328,0.0243,2.3262,0.1750,0.0754,0.3792,0.1969,1.7912,0.5459,0.0000,4.4990,2.6978,180,98,18,9,0
skilled_0342,72.0940,113.7823,64.7310,5.4640,8.4333,24,0.0216,413.3035,556.4687,0.3647,0.0031,2.3212,0.3176,0.1394,0.4453,0.1098,1.6116,0.3458,0.0000,0.5489,0.7642,153,52,15,5,0
speed_0061,139.9279,77.0088,105.0061,3.2861,6.2797,11,0.0184,875.6070,1393.9018,1.0725,0.5959,2.7791,0.4027,0.0690,0.6769,0.2110,1.6141,0.3512,0.0000,5.0403,1.7708,43,15,7,7,1
casual_0995,148.2572,19.8022,62.1485,18.0043,19.1403,25,0.0099,450.0103,553.4677,0.2795,0.0286,1.6878,0.4031,0.2618,0.3927,0.1935,1.0684,0.1742,0.0000,1.2801,0.3553,156,27,7,16,0
casual_1981,132.1141,111.8886,45.0949,28.1359,6.3578,44,0.0081,363.5541,487.5585,0.3845,0.0211,2.0692,0.9194,0.1278,0.7382,0.2576,1.0180,0.2179,0.0000,1.9425,0.3531,175,38,0,15,0
esport_0047,266.5145,101.7667,61.6152,0.5000,4.9940,33,0.0298,430.2376,610.7348,0.6599,0.0213,2.7762,0.1928,0.0722,0.4368,0.0723,1.7563,0.3577,0.0000,3.7573,2.0545,123,43,19,3,0
casual_0161,277.3232,133.9173,123.2225,13.0583,14.3309,5,0.0174,444.8639,459.6762,0.2373,0.0141,2.7911,0.3235,0.1711,0.8023,0.1895,1.2124,0.0739,0.0000,0.5459,0.7130,21,1,0,4,0
aimbot_0048,98.2006,130.4635,18.2840,1.1819,1.4264,28,0.0768,341.5563,580.9096,0.3551,0.0084,1.6967,0.0522,0.0133,0.5040,0.0964,1.7738,0.8800,0.0000,6.9729,5.7942,39,34,35,2,1
casual_1500,211.4006,83.2287,137.6392,11.9610,17.3890,18,0.0199,534.9281,574.6680,0.7502,0.0068,2.7207,0.5107,0.1262,0.5578,0.1738,1.0367,0.2945,0.0000,2.1393,0.3510,129,37,5,9,0
skilled_0843,103.0016,124.4411,90.2749,15.5811,3.8770,10,0.0168,352.1076,588.5370,0.5599,0.0222,3.5000,0.2894,0.1593,0.3155,0.1604,0.8908,0.4302,0.0000,0.8024,1.3308,119,51,5,12,0
casual_2613,238.6817,130.0010,75.8206,22.8588,16.7594,33,0.0276,432.3850,620.0000,0.7349,0.0106,3.3910,0.4214,0.2863,0.6877,0.2896,0.7145,0.2310,0.0000,0.8407,0.5692,137,31,9,15,0
skilled_0461,50.6837,86.0501,62.5622,12.5662,10.1035,15,0.0218,440.2258,578.3699,0.4700,0.0005,2.3397,0.3195,0.0414,0.3113,0.0455,0.4653,0.3853,0.0000,2.3876,1.6250,47,18,15,5,0
casual_1021,232.3970,70.9087,89.7384,2.0000,7.2011,36,0.0094,454.5397,604.0087,0.4415,0.0031,2.8490,0.5242,0.1223,0.4028,0.2051,0.6141,0.1741,0.0000,1.0778,1.0598,155,26,9,16,0
skilled_0073,202.5156,86.5366,78.7549,12.0747,6.2739,51,0.0099,345.0547,620.0000,0.3779,0.0072,2.0093,0.4179,0.0599,0.3991,0.2189,1.6738,0.4369,0.0000,3.3602,3.0600,190,83,8,2,0
skilled_0943,246.8252,91.6845,116.7164,2.9213,1.0000,49,0.0192,360.2933,614.4885,0.7802,0.0068,2.6480,0.1552,0.0635,0.6632,0.1475,1.9095,0.3827,0.0000,3.6875,1.1471,116,44,19,0,0
casual_1585,283.4774,59.8883,121.7196,7.3640,17.1248,43,0.0032,261.4489,620.0000,0.7829,0.0103,2.3261,0.6380,0.2688,1.0327,0.1104,0.8408,0.2638,0.0000,1.2208,0.2114,177,46,4,5,0
casual_1955,292.0917,63.9849,30.8633,11.9014,17.2204,27,0.0195,513.9305,518.7273,0.4039,0.0017,2.5450,0.4572,0.2210,0.5376,0.2717,0.7431,0.1288,0.0000,1.2934,1.6028,178,22,2,16,0
skilled_0152,80.6570,89.2614,92.8917,10.1245,5.1654,25,0.0141,465.8876,613.6108,0.3919,0.0022,2.5257,0.2333,0.1783,0.6407,0.1249,1.3245,0.4459,0.0000,1.4927,1.7775,115,51,19,13,0
casual_0034,156.7801,46.1435,95.7505,15.3441,15.8037,28,0.0056,326.9654,589.0624,0.0200,0.0087,2.3848,0.5117,0.2065,0.9323,0.3085,1.4109,0.1120,0.0000,1.2700,0.6910,139,15,2,1,0
skilled_1014,245.7276,101.4514,30.4460,6.1178,6.1581,14,0.0008,404.6936,562.9314,0.4693,0.0077,2.4098,0.2904,0.1231,0.6755,0.1479,1.6124,0.3382,0.0000,3.3191,1.3294,46,15,10,12,0
casual_0775,260.4098,65.0286,140.0679,11.6857,27.5441,36,0.0293,387.1433,603.9668,0.5428,0.0091,3.1189,0.5318,0.0752,1.2522,0.1260,1.3570,0.2792,0.0000,1.3959,0.8551,142,39,8,14,0
casual_2556,36.7609,44.7257,20.0000,22.5238,21.3832,17,0.0318,517.0336,557.4534,0.5093,0.0106,1.8555,0.6524,0.1345,0.5693,0.2508,1.3087,0.0200,0.0000,0.9763,0.5436,91,1,4,12,0
casual_1478,161.2958,65.2696,54.4169,19.2035,10.4867,22,0.0241,422.7894,602.8050,0.3906,0.0214,2.2649,0.5977,0.1117,0.4936,0.3994,0.7914,0.1012,0.0000,0.7728,0.2981,122,12,11,1,0
casual_1363,40.8257,60.8503,88.7540,14.5443,8.3305,29,0.0092,318.0754,580.8049,0.0200,0.0009,2.6095,0.6663,0.1858,0.7905,0.0814,0.9805,0.0604,0.0000,0.5450,0.5189,175,10,2,2,0
casual_2612,163.0662,128.4598,61.4567,20.9614,3.5380,2,0.0153,290.6451,620.0000,0.5530,0.0239,3.1007,0.3447,0.1014,0.4629,0.0792,0.4657,0.1912,0.0000,0.4265,0.6887,13,2,11,15,0
casual_2824,294.8045,63.4114,160.7342,7.2320,12.6962,16,0.0131,310.9789,558.0015,0.5115,0.0068,2.2650,0.8884,0.0814,0.6377,0.1268,0.8642,0.1125,0.0000,1.0905,0.6460,52,5,6,9,0
casual_2041,242.6400,54.3772,178.9396,32.9329,14.3909,7,0.0113,418.7593,538.8230,0.4345,0.0190,1.5841,0.4358,0.1143,0.6600,0.2200,1.1171,0.2770,0.0000,0.3072,0.6881,47,13,5,17,0
casual_0241,245.1406,97.1883,185.5551,39.2202,5.6839,5,0.0250,235.0143,507.2845,0.4338,0.0092,1.6347,0.7186,0.0948,0.5754,0.2259,1.3033,0.1849,0.0000,0.6281,0.5695,39,7,6,4,0
casual_2061,101.7685,85.0062,70.7632,22.8512,14.8718,0,0.0272,293.1684,552.0069,0.2861,0.0110,1.7544,0.5230,0.2315,0.8095,0.2657,0.6432,0.2408,0.0000,0.5627,0.9336,12,2,9,15,0
casual_2363,269.3104,44.0885,96.3571,15.8055,8.8268,5,0.0183,355.9127,555.6881,0.3565,0.0035,2.4612,0.4816,0.1196,0.9198,0.0717,1.6030,0.2141,0.0000,1.9456,1.1064,27,5,10,15,0
casual_0600,158.9266,82.3176,178.5697,2.0000,12.5578,3,0.0000,429.7835,529.5190,0.0258,0.0224,1.6932,0.7100,0.0654,0.4964,0.2069,0.6557,0.1871,0.0000,0.0000,0.8976,14,2,1,14,0
casual_2435,288.3823,70.1863,114.6660,13.4903,11.6039,8,0.0218,363.5991,568.3838,0.4191,0.0044,3.4362,0.5968,0.1522,0.3476,0.3116,0.3130,0.1469,0.0000,0.0000,0.0500,61,8,11,8,0
casual_2888,59.2432,23.4745,120.9998,16.2960,4.0967,21,0.0049,404.2187,505.4059,0.3280,0.0272,2.1301,0.5301,0.1950,0.7466,0.3259,0.1000,0.2536,0.0000,1.7237,0.9290,97,24,11,16,0
casual_0646,31.2150,23.1860,124.4813,30.0157,17.2689,37,0.0242,335.2038,604.7908,0.0526,0.0093,2.2484,0.3528,0.2413,0.5701,0.2481,0.9555,0.0687,0.0000,1.0529,0.3873,177,12,3,12,0
skilled_0890,106.1632,52.8367,77.1249,12.2361,4.1304,10,0.0090,408.0347,577.0879,0.5452,0.0063,2.7328,0.4348,0.1659,0.5509,0.1294,1.2653,0.2821,0.0000,3.4110,1.3367,29,8,3,5,0
skilled_0556,53.9089,72.5573,90.2968,16.6584,6.5956,9,0.0060,462.1604,620.0000,0.6143,0.0006,2.8448,0.2204,0.0467,0.3495,0.1221,0.4864,0.3459,0.0000,1.1200,1.8704,40,13,17,11,0
skilled_0202,231.8190,63.1404,117.8696,17.4876,5.6159,40,0.0272,399.9329,583.6311,0.4372,0.0177,2.7926,0.3819,0.0497,0.2063,0.1339,1.0224,0.4408,0.0000,2.0493,2.3020,133,58,14,0,0
casual_1528,69.8050,68.1319,92.2877,13.4417,18.5408,11,0.0000,454.1593,589.0106,0.0840,0.0115,1.1261,0.8338,0.1642,0.2104,0.1368,1.2620,0.2692,0.0000,1.8275,0.0500,36,9,11,2,0
casual_1267,294.2312,41.6815,142.3368,7.7004,2.7093,24,0.0221,402.9069,620.0000,0.4678,0.0062,1.7208,0.7448,0.0961,0.8537,0.3493,0.5579,0.0638,0.0000,0.5880,1.1845,85,5,6,10,0
casual_1899,44.8324,31.9374,114.1036,9.6817,22.9795,7,0.0261,556.4985,542.8122,0.0200,0.0151,2.2739,0.7182,0.1569,0.4979,0.2383,1.9129,0.1087,0.0000,0.0595,0.2961,45,4,7,4,0
esport_0408,258.1736,125.9363,71.8739,3.8376,0.5000,47,0.0411,361.3747,578.6960,0.6839,0.0192,2.5009,0.1739,0.0200,0.4259,0.1788,1.6853,0.3711,0.0000,4.0191,3.8145,191,70,8,0,0
skilled_0005,142.2459,106.3614,60.2551,14.6823,7.0511,23,0.0000,401.5030,620.0000,0.5484,0.0177,2.4815,0.2276,0.1909,0.7514,0.1471,1.3041,0.2151,0.0000,3.6882,0.2675,53,11,18,1,0
casual_2734,103.4522,63.4840,125.8952,15.2700,13.9664,21,0.0318,439.8328,518.6367,0.0400,0.0001,2.5313,0.8699,0.1305,0.1500,0.4294,0.7523,0.2950,0.0000,0.0000,0.0500,114,33,9,8,0
casual_0189,100.8643,94.0678,147.2161,12.1754,14.4272,15,0.0228,537.7358,519.3449,0.0680,0.0064,2.3891,0.4532,0.1965,0.6130,0.3662,1.1447,0.0436,0.0000,0.6871,0.2689,93,4,11,4,0
casual_1806,49.9990,68.3286,128.0922,7.2227,22.4409,14,0.0298,365.7921,545.6978,0.2846,0.0026,1.5557,0.7972,0.2108,0.9034,0.2072,1.7853,0.2345,0.0000,2.2599,0.3796,83,19,10,7,0
casual_0975,194.1949,33.5790,102.6426,6.8929,7.7516,9,0.0281,315.5726,509.4328,0.3799,0.0089,1.8123,0.2726,0.2273,0.6966,0.1507,2.2693,0.2088,0.0000,0.9533,0.9699,41,8,11,7,0
casual_2747,80.3988,51.3990,107.6435,19.8595,5.6166,3,0.0136,476.5193,565.0604,0.3083,0.0014,2.4966,0.6049,0.0761,0.6951,0.3671,0.2876,0.1989,0.0000,1.3223,0.8553,58,11,1,8,0
casual_2047,177.6867,90.5304,46.5709,23.5942,9.5164,12,0.0393,600.0000,585.8003,0.5587,0.0127,2.0387,0.8214,0.1421,1.0759,0.1218,1.0135,0.0503,0.0000,0.7253,0.4840,111,5,7,10,0
casual_2558,155.2043,10.0000,202.7000,21.3644,21.9572,4,0.0025,360.7602,605.3750,0.2190,0.0095,3.0048,0.5071,0.0518,0.6708,0.2453,1.0619,0.2442,0.0000,0.5271,0.6998,16,3,0,16,0
casual_1082,279.4461,66.0436,66.9211,11.6384,9.4325,27,0.0258,242.2971,533.0385,0.2881,0.0147,1.9413,0.6926,0.1857,0.5700,0.3000,1.0584,0.3349,0.0000,0.2448,1.1985,156,52,6,8,0
casual_0474,105.0804,128.4892,87.5483,3.8834,13.2273,4,0.0173,398.7499,548.7094,0.2047,0.0009,3.1639,0.4437,0.2081,0.7145,0.2478,1.7562,0.2785,0.0000,0.2693,1.0646,40,11,6,14,0
casual_2904,132.3638,43.0262,79.3149,19.7295,9.6296,23,0.0000,416.8010,545.8907,0.1732,0.0022,2.0545,0.6847,0.0400,0.5836,0.1984,1.2415,0.2569,0.0000,0.1055,0.2179,144,36,4,8,0
aimbot_0093,180.7932,183.3111,12.0583,0.2475,1.3113,35,0.0291,434.8171,609.8048,0.1528,0.0147,2.4799,0.0515,0.0090,0.5239,0.0572,1.3807,0.7497,0.0000,3.9528,9.9593,53,39,20,5,1
skilled_1117,260.8611,110.6216,86.9271,14.7209,4.6191,48,0.0294,504.2847,616.0523,0.1680,0.0176,2.1461,0.3457,0.1331,0.4516,0.2216,1.5488,0.2574,0.0000,3.8974,1.0773,168,43,17,4,0
skilled_0385,170.7418,30.0000,97.4287,5.0932,4.6285,16,0.0105,485.8762,601.7122,0.2054,0.0112,2.5144,0.3673,0.1870,0.6690,0.1852,0.8385,0.3403,0.0000,3.5182,0.3412,62,21,10,4,0
esport_0305,183.3070,98.2583,55.4123,12.0545,4.9077,26,0.0395,401.6612,574.8771,0.7103,0.0165,2.1802,0.2098,0.0406,0.2994,0.0533,2.0351,0.4405,0.0000,4.7594,2.7411,95,41,33,3,0
casual_1184,77.3436,104.1130,42.7700,13.6075,1.0000,11,0.0090,388.2080,533.8445,0.3773,0.0152,3.0342,0.5420,0.1297,0.1825,0.2566,1.2565,0.1275,0.0000,0.0000,0.7461,61,7,10,4,0
casual_2433,117.0651,50.7495,71.5594,7.6766,10.2833,24,0.0000,482.0107,475.2281,0.7048,0.0133,2.4606,0.5314,0.1630,0.8146,0.3014,0.8185,0.1792,0.0000,0.4904,0.9913,87,15,1,14,0
casual_2391,234.1403,70.7594,71.7406,19.8196,16.9142,27,0.0155,465.3005,531.4508,0.5894,0.0039,3.3204,0.6046,0.1382,0.5902,0.2620,0.7344,0.1719,0.0000,1.3341,0.9961,135,23,10,7,0
casual_0769,197.4403,44.0643,33.7470,23.3383,11.4785,4,0.0109,415.2134,566.8201,0.1982,0.0006,2.3529,0.5452,0.2604,0.6924,0.1658,1.1182,0.2453,0.0000,2.2517,0.9921,20,4,5,3,0
casual_1685,94.3514,165.5951,87.2492,31.9232,9.2278,15,0.0334,212.6291,520.2868,0.6025,0.0054,1.3539,0.5278,0.0580,0.2421,0.1062,0.5361,0.0714,0.0000,1.2748,1.4760,153,10,0,14,0
casual_0130,76.0601,75.9678,124.9511,27.4582,11.6640,11,0.0303,356.5634,620.0000,0.0885,0.0025,2.9336,0.6426,0.1611,0.4929,0.4867,1.0921,0.1253,0.0000,0.3417,1.5242,96,12,6,10,0
casual_2919,221.3928,92.6998,40.5249,9.8940,13.3633,6,0.0147,302.0657,531.0641,0.3214,0.0074,2.6180,0.4088,0.1124,0.2271,0.5281,1.0473,0.0680,0.0000,0.0441,0.9679,47,3,8,10,0
skilled_0171,186.4222,93.7287,35.9381,9.0251,1.1412,41,0.0302,521.4566,614.0827,0.1904,0.0008,2.2229,0.3180,0.1580,0.4701,0.0517,1.0052,0.2941,0.0000,2.7379,2.4068,141,41,19,0,0
skilled_0444,121.2198,105.4649,89.7562,1.5388,7.4192,14,0.0058,345.2896,610.2793,0.0875,0.0115,1.9821,0.2776,0.0906,0.8005,0.1258,1.2302,0.3399,0.0000,3.3657,1.0718,55,18,11,9,0
esport_0176,92.5089,126.4909,27.0273,0.5780,6.8058,68,0.0389,474.3727,625.0000,0.7357,0.0078,2.5172,0.2352,0.0523,0.4246,0.1389,1.1683,0.7134,0.0000,4.4514,3.4484,134,95,7,5,0
casual_0466,205.2930,52.6981,136.0831,17.8424,12.5398,7,0.0000,293.0396,576.4616,0.4226,0.0074,3.2188,0.5304,0.2598,0.6542,0.1482,1.4198,0.3101,0.0000,0.9611,0.6525,46,14,5,9,0
skilled_0092,264.3752,113.5569,118.6275,13.0055,9.3460,36,0.0147,470.3024,535.3778,0.4135,0.0086,2.2100,0.2076,0.0605,0.3939,0.1836,1.5457,0.3175,0.0000,1.6388,2.1890,147,46,11,11,0
skilled_0772,274.8086,109.2660,61.4290,11.7150,13.7152,29,0.0242,425.4588,602.2862,0.5507,0.0010,2.7804,0.4261,0.1438,0.2117,0.1834,1.2199,0.1770,0.0000,2.8936,0.8571,85,15,18,2,0
casual_0860,230.2634,95.2771,63.8333,2.0000,11.4157,26,0.0204,442.5966,536.9814,0.3823,0.0027,2.4272,0.7230,0.0761,0.4589,0.3090,1.3654,0.1009,0.0000,0.0000,0.9426,137,13,10,7,0
